,Close,High,Low,Open,Volume,MA_7,MA_21,Daily_Return,Close_Yesterday,Volatility_7d,RSI_14,Target
20,-1.237848074042591,-1.247281820610975,-1.231992536945289,-1.2395377726174701,-0.5743015190730656,-1.2346669599275835,-1.2502914783228956,0.2697701654357111,-1.2395292161769158,-1.134837113641064,0.53897688896118,0
21,-1.2399239039346042,-1.2461091467038943,-1.2289988996690524,-1.2368169633503414,-0.6432812183150858,-1.235243012047689,-1.2480312173577466,-0.282516420458379,-1.2367115784289127,-1.1288152388439325,0.5685285044315174,0
22,-1.2486833330190252,-1.2494190643370766,-1.2388377085672677,-1.2388462602272146,-0.4972109412452304,-1.2366919729885262,-1.2458620204447497,-1.0398070125933796,-1.2387874388209044,-1.06798250929768,0.4556594299442179,1
23,-1.2474407783293122,-1.2548622638564315,-1.2410059083734366,-1.2476288323742508,-0.560457128880793,-1.2389005697150974,-1.244182052808921,0.09544943629703008,-1.2475469966068147,-1.0669913556123747,0.19447319492815673,0
24,-1.249917874847592,-1.2566301351110025,-1.2400523125434808,-1.246525698784836,-0.7793260284566782,-1.2415263919091888,-1.2427209203429441,-0.33742850350643155,-1.2463044236603595,-1.0889073259443522,0.27555037561014323,2
25,-1.2426072147082166,-1.2521031033972712,-1.23910191829511,-1.248942858691367,-0.6627478116263682,-1.2420260857478465,-1.240911259328165,0.8077484191699172,-1.2487815565743916,-1.0985703978864283,0.35881297531847367,2
26,-1.2326144909331505,-1.240299492347065,-1.2302790568206916,-1.241507112853987,-0.3646775051846049,-1.2408744051999867,-1.2391701564801372,1.0910698393782108,-1.2414707890201562,-1.0510293751195363,0.7293437014629476,2
27,-1.2182867157426902,-1.2283217138996652,-1.22017962016215,-1.2314432208462744,-0.09969859459916454,-1.2380762517171193,-1.237346169811528,1.528462475477003,-1.2314779184229145,-0.9058027635662724,0.5186489667416887,1
28,-1.2196263601195978,-1.2268171360847244,-1.208461039089876,-1.2172374255980596,-0.27090897224565036,-1.2351727906154482,-1.2354582700060672,-0.19007229853720553,-1.2171499327157653,-0.8357470694515093,0.4839746706904791,2
29,-1.2134848294248026,-1.222203742402926,-1.2097130159838005,-1.2185609302400162,-0.19276184917616657,-1.2301378224954487,-1.2329702274182603,0.5972929831125282,-1.2184895967759453,-0.7941799451894169,0.7957339926586587,0
30,-1.218544062652807,-1.2231918682779597,-1.2097169466384199,-1.2124214700393765,-0.3285039951513263,-1.2260042933011057,-1.231162913515027,-0.571711900118464,-1.212347975844202,-0.8242392907619898,0.35301487285172184,1
31,-1.2171921027889239,-1.2257827273199762,-1.2070402342402837,-1.217592239205576,-0.49020911250003607,-1.2213230369352863,-1.2290940185393837,0.09228752562048609,-1.217407283407057,-0.9302738164772139,0.38214996019790864,0
32,-1.2187408610168315,-1.2248557796243131,-1.2101373681885548,-1.2162045999774453,-0.263853556485373,-1.2179090756100532,-1.2273357107450833,-0.2114068840535635,-1.2160553036789514,-1.061986008678116,0.6916692099371599,0
33,-1.2203641357355532,-1.222604840305827,-1.209137301877373,-1.2176456794976045,-0.2593219324261284,-1.2161567241865483,-1.2255812862315556,-0.22007246555772958,-1.217604084662622,-1.1732868478781584,0.6876491538185125,0
34,-1.2239577636565713,-1.2291810339090965,-1.2135460382142382,-1.2193008319728786,-0.30727889067668807,-1.216967938941089,-1.225042136299292,-0.42905997363618203,-1.2192273832319704,-1.1455638689915044,0.4054962030874128,2
35,-1.2101506997268163,-1.2175438201359132,-1.211894085513965,-1.22279446768021,-0.06176673912359722,-1.2156124935919455,-1.2238111631269264,1.426199815212859,-1.2228210639538342,-1.1057124097563,0.8908128704188305,2
36,-1.2064351328955167,-1.213665547388559,-1.199685567362683,-1.2089252153212338,0.04911769414399578,-1.2146040701177596,-1.222275500738814,0.3296818248019426,-1.2090137971581534,-1.0595609738525371,1.445718138099201,2
37,-1.204323447788258,-1.213347985955481,-1.193642090788918,-1.205471301277872,-0.09398687284817914,-1.2125698830024427,-1.220952187472706,0.16338103880041055,-1.2052981757343704,-1.0177997943039063,1.4598140768084398,2
38,-1.2021148912429414,-1.212026113456341,-1.1951707033510948,-1.2033300416888204,-0.06407112866336298,-1.210413164059284,-1.2195442991836996,0.17164729559850675,-1.203186459600316,-0.9834523772652031,1.6450395516165826,2
39,-1.1940835724555838,-1.2040793689330973,-1.18960445262648,-1.201068837640356,-0.03477665198067008,-1.2068860634966367,-1.2173913084461048,0.7493122529979284,-1.2009778706048801,-0.9307797145013245,1.6547379089840737,0
40,-1.2023865178822604,-1.2029368234366404,-1.1917412388945217,-1.1930339307225153,0.13009961142604687,-1.2043144560837657,-1.215561107037556,-0.8549934645244393,-1.1929464338140912,-0.9658482950835522,0.987945708646396,2
41,-1.1911602811674125,-1.2015440370739632,-1.1935339343892304,-1.2013243470879482,0.05000392051491369,-1.1996229419031381,-1.2133288720302464,1.068089031425087,-1.2012495012351845,-1.0408740230823839,0.9142631098948168,2
42,-1.1873987261252545,-1.1957712984659308,-1.1781788321186593,-1.1902617701362672,0.31704862832942854,-1.1963683870200228,-1.2108175401927217,0.31200280879932,-1.1900230995742684,-1.022894454944767,1.0771796770281115,0
43,-1.1909641375507969,-1.1937580695431915,-1.1809777117982718,-1.1863803025779782,0.5894157191685789,-1.1941553392938087,-1.208057872177093,-0.3884350194446551,-1.186261489263927,-1.0395410616309264,0.7298220498543162,2
44,-1.1878437361141205,-1.1980235276857891,-1.1806734664512015,-1.189969220392917,0.31216316629516644,-1.1917979997926007,-1.2052084206230103,0.25018766258895897,-1.1898269530757326,-1.0545503495026785,1.0972153779096594,0
45,-1.2013388908496894,-1.1974083982909034,-1.18882428108219,-1.186702908588257,0.3364334781694268,-1.191686996856619,-1.2028857640564519,-1.3338332213280113,-1.1867065057912838,-1.0595708232311958,0.37738203303547,1
46,-1.1999019073580028,-1.2064527260341993,-1.1937594715474305,-1.2002615587365058,0.31384553887920913,-1.1925192802707913,-1.2008439394981583,0.09299271742817572,-1.2002018588099255,-1.0459941119871026,0.48402089954430016,0
47,-1.2077013208488434,-1.2100741855607222,-1.2007301388277807,-1.1987488305634406,0.4347163257703289,-1.1932795359853332,-1.199652791941581,-0.8200287484871588,-1.198764854204772,-1.0085176701830207,0.2328807835409424,2
48,-1.1932751152979229,-1.2030572756552604,-1.196680962292105,-1.2065814812535167,0.49335336625696746,-1.1935820523237821,-1.1984569382362897,1.4113531832865687,-1.206564382291681,-1.0127334415188634,0.7131929579289383,0
49,-1.2095133498919957,-1.202121974312615,-1.197367780789185,-1.192132336250762,0.48049907632676386,-1.1967454375328512,-1.197973415369409,-1.6207919789391663,-1.1921379647778432,-0.9937458854109158,-0.16570513176295038,1
50,-1.210308680923032,-1.2193704740387348,-1.200721611843163,-1.208557930233664,0.38527928613190005,-1.199512576735642,-1.1978215574759974,-0.13061746561699633,-1.2083764379588098,-0.9868634152568084,-0.2977097332601728,2
51,-1.2078194871669128,-1.2168609094951086,-1.1980650282005372,-1.2091180244028579,0.20123478920943066,-1.202370007008342,-1.1973087944738534,0.20462585514913123,-1.2091717806755722,-1.0535491283045222,-0.2862162405961661,1
52,-1.2085620954423144,-1.217640317043334,-1.1977084480891396,-1.2066939740035976,-0.033388018582888056,-1.2034032499344438,-1.19689617688527,-0.1248323992784872,-1.206682550345957,-1.052591900903371,-0.3754985071944755,2
53,-1.2002185556762908,-1.2101185643103158,-1.195856222196244,-1.2074726308607255,0.2129664884549905,-1.2034485448767007,-1.1960105891148698,0.7977146658726778,-1.207425169532434,-1.0538990256418,-0.36562452172938265,0
54,-1.208977361191751,-1.2096675287971455,-1.199775655430653,-1.1992270182873843,0.39243134164640436,-1.2036310760013313,-1.1954661650761285,-0.9156625514672961,-1.1990815071755447,-1.0510015933211956,-0.37820355241201253,0
55,-1.2188257911092908,-1.219071063360681,-1.207306979874332,-1.2078559418001638,0.2742456593983313,-1.2072859710968091,-1.1952207953965803,-1.0510875868940315,-1.2078404413833321,-1.0787976647615376,-1.011405862878887,0
56,-1.2354654482218703,-1.2284415825914738,-1.2268020441227552,-1.217849806447377,0.6384354021630303,-1.2109982876556151,-1.1964311432051176,-1.7975625520890957,-1.2176890160029512,-0.9036277647387734,-1.4497213745044562,1
57,-1.236615714705387,-1.241709477394706,-1.2309317990781279,-1.2342346186905047,0.4103855651442242,-1.2147613759378015,-1.197874136054171,-0.17757215562762188,-1.234328917600489,-0.8155009154716716,-1.4136969189441018,0
58,-1.2401927556920478,-1.243044064635944,-1.2336670592107961,-1.2353956511260669,0.3705450019131662,-1.2193922084539597,-1.1995891180625273,-0.44919530483871795,-1.2354792009847657,-0.7623833534531222,-1.5880300052395138,0
59,-1.2425216922252447,-1.2466551742395513,-1.230207639362164,-1.2391475711853024,-0.03549040524520096,-1.2242499572134315,-1.2015210465202988,-0.313128963092733,-1.2390562945285621,-0.7434839901127874,-1.4189430686739577,1
60,-1.2437047272576505,-1.2481909860948632,-1.2343720728349044,-1.2414288854953526,-0.055910827144057255,-1.2304704343705606,-1.2038935313183796,-0.18460051814215442,-1.2413852652806103,-0.847530567353039,-1.5010534098144936,2
61,-1.2338963304673929,-1.24207378239656,-1.2323784701710216,-1.2425940335193324,0.2900214240903824,-1.234034967037418,-1.2054000772995603,1.0745239305384648,-1.2425683176952416,-0.9919795368246431,-0.9551514283502965,0
62,-1.2365106121570462,-1.2426936414298104,-1.226783753899244,-1.2329481543443064,0.2683234091420172,-1.2365646913464359,-1.2075683656292056,-0.3388396327313422,-1.232759776791108,-1.1288861459290955,-1.6347892883254265,1
63,-1.237549509224166,-1.2445249942590595,-1.2265422088331182,-1.2354016062577924,-0.08366728290763102,-1.2368628057443563,-1.2099661729956124,-0.1656123128671469,-1.2353740968921627,-1.1346972038151169,-1.3310240239224547,2
64,-1.2272206817792355,-1.2351315332110027,-1.2250872960450547,-1.236303761946148,0.14445134710534027,-1.2355188937469925,-1.2116996695326445,1.1081027857522356,-1.236413009223702,-1.0727829699851479,-0.7922000550689651,1
65,-1.2258228272398382,-1.2343251605817094,-1.2161665802899106,-1.2261502311755526,0.19645887750814248,-1.2334633480772776,-1.213515524417524,0.10149558541228422,-1.2260840300182556,-1.035019691926236,-0.8405433821999626,0
66,-1.2326101883073208,-1.2344658826790365,-1.22075425650844,-1.224768048219945,-0.015931088716303835,-1.2320455575136984,-1.2150106665223468,-0.7797271804637477,-1.2246861549403099,-1.057163189080104,-0.9977549644119607,0
67,-1.2582102507803832,-1.2422928199343464,-1.2462509865770557,-1.2315810930582636,0.15712334298635142,-1.2341204993732398,-1.2177985028579315,-2.86914830472441,-1.231473615733867,-0.9213727015506095,-1.8113994707750378,0
68,-1.264099828436572,-1.2654566077261031,-1.25972674460774,-1.2570288051413256,0.4779640138424306,-1.238440957172822,-1.2204950261939977,-0.762416585907259,-1.257074054346303,-0.7953984724424625,-1.7760793666700563,1
69,-1.2645440901426852,-1.266741242001103,-1.2556801673759257,-1.2630629904609654,0.26036332332031603,-1.242451004576473,-1.223902535754556,-0.10462012140383933,-1.2629637185375173,-0.7249286737069255,-1.6443119373197634,1
70,-1.2644897928754246,-1.2725948758523393,-1.2612616176883629,-1.2634479382821606,0.09767479099045008,-1.246304676053294,-1.2265310673909324,-0.04286274170522856,-1.2634079867711268,-0.6893768906115997,-1.324010829965159,0
71,-1.3583748812344172,-1.2732772643902075,-1.3515791059227074,-1.2633353519959796,0.8024659246205577,-1.2650656217080778,-1.2336104030240826,-11.69503448422536,-1.2633536887060814,0.04782734597541249,-2.2776480534435195,2
72,-1.3394449176857615,-1.3390372195029376,-1.3760332932511903,-1.3557890526419212,1.7320341749592745,-1.2813186877394658,-1.2399036731866264,3.68753452298219,-1.3572401565100802,0.142991222074283,-1.7452793702747267,0
73,-1.3510452022417376,-1.345732345083924,-1.3429865522800393,-1.3380617011604055,-0.0188071053647531,-1.2982602181614973,-1.246716070161533,-2.095659800766949,-1.3383099148252036,0.146215890915861,-1.8076322416026769,2
74,-1.3449169067981352,-1.3390834409687773,-1.3415513878615555,-1.3499388840104678,-0.11816678454837382,-1.3106631672718911,-1.2536343823151557,1.1068322136682986,-1.3499103698230985,0.10286570849079996,-1.6597370360523576,0
75,-1.3569799418799116,-1.3532800186921374,-1.360829964967051,-1.344059126792588,0.40567842040640817,-1.3239491982793552,-1.2607106761692595,-2.2449071230755697,-1.3437819843370122,0.013718715721273254,-1.958095490366345,2
76,-1.350238631380183,-1.3537165581708386,-1.3476334736073075,-1.3562760327593024,0.09490495616507733,-1.3362073694835317,-1.2669937819748163,1.2696673230555515,-1.3558451966598586,-0.26064392397429603,-1.7895589913746905,1
77,-1.3498296792664748,-1.354959255295271,-1.3447956360686046,-1.3491072857205135,0.06063465408560313,-1.348414809103603,-1.2724617603134871,0.027198473109436346,-1.3491037871106724,-1.0457358667925012,-1.7741040432900812,2
78,-1.3194113462010804,-1.3235762159594098,-1.3393543421222929,-1.3485229345226162,0.6651885522248403,-1.3428412722567824,-1.276420381950863,5.648731788544364,-1.3486948289882679,-0.8737698018259114,-1.3705351543313062,1
79,-1.3191691676059345,-1.3073948792793126,-1.31894332440166,-1.3183124265645982,0.823779711427808,-1.339940928638829,-1.2801963992043923,-0.01121294573933243,-1.318276048989091,-0.7751640413434728,-1.3917456215576565,1
80,-1.3196069441948552,-1.3220541016281937,-1.3167671840391835,-1.3178377464444195,0.27328421694821886,-1.3354438446480097,-1.2838819963893762,-0.11890353811620755,-1.3180338668356373,-0.7363310355500409,-1.3431668310815765,0
81,-1.3309349161856556,-1.3226339583629352,-1.3203088306465465,-1.31850704401083,0.16295433889329142,-1.3334437915264468,-1.2880526429208992,-1.846904696143253,-1.3184716498567695,-0.7435379535773197,-1.2226357286688303,2
82,-1.3122239344668045,-1.3199847773517295,-1.3215653246234007,-1.3298150596899598,0.4574582866441838,-1.3270416707686639,-1.2917976393946804,3.099766858737069,-1.329799788288425,-0.7795920540955932,-0.829566728402465,2
83,-1.3020556292616046,-1.3091320846643546,-1.3012436025000482,-1.3104906728302186,0.5371626411460452,-1.3201493357310818,-1.2949314753017809,1.5055677297318275,-1.3110885316508327,-0.7922623344719807,-0.6650442231497916,0
84,-1.3037713948464351,-1.3058774792304928,-1.2971582417526952,-1.3008463525901992,0.36983813936469917,-1.3135609308264244,-1.2980976736211425,-0.2996032736407932,-1.3009200770436555,-0.94029382674291,-0.6839910120631078,2
85,-1.3026419087985368,-1.3108164655170085,-1.2954042346770425,-1.3028751817865702,-0.057263808489983,-1.3111621475234319,-1.3017037105074192,0.11630197397062442,-1.3026358678380727,-0.9159839675645337,1.0318536231787185,0
86,-1.3105163844030323,-1.3089807055247376,-1.2994377044436545,-1.3014634258338866,-0.09108985445228503,-1.3099244105992114,-1.3057530756958466,-1.2001255639949657,-1.3015063651947394,-0.9261020438099619,0.5057934136733663,0
87,-1.3177830517522242,-1.319243636877548,-1.3107616826608541,-1.3095133452958414,-0.07728540778260504,-1.3096635119994067,-1.3098253574582943,-1.1517947046647923,-1.3093809564981838,-0.9322453690505389,0.6390884267352973,0
88,-1.328004422675987,-1.326069134632946,-1.3171806318472516,-1.3165893045230337,-0.37728499737680204,-1.3092443197073949,-1.3131623537953903,-1.6564886505282501,-1.3166477306158537,-0.9588713489085403,0.2201389401793172,2
89,-1.3117920661937872,-1.3176807831613244,-1.3177276268158955,-1.3268086847083107,0.02482980477933594,-1.3091825431326929,-1.315442613283844,2.6369122780308825,-1.3268692517212837,-0.9591053590665667,0.859157857122194,1
90,-1.3115110236631602,-1.3180795776689178,-1.302441501194129,-1.310683388375742,-0.17397939288116185,-1.3105350895341732,-1.3176881945532495,-0.006706236605860289,-1.3106566570324145,-0.984031847441507,0.7596463864530211,2
91,-1.306143123799566,-1.3146812403678603,-1.3080176895011888,-1.310469065991026,0.17432314162086668,-1.3108743533791924,-1.3196797220539926,0.7685341067519228,-1.3103756103724553,-0.9944261726544589,0.8369769393743127,2
92,-1.3001776733900732,-1.2997217627626458,-1.2952433789765103,-1.305058813229103,0.5113040479219391,-1.3105218569530708,-1.31689719932851,0.8364702215070066,-1.3050076316388,-0.9786957428603468,0.3789596067546293,0
93,-1.3021008536004857,-1.3023957743752679,-1.2927304385710432,-1.2989728868565922,0.11120809293115307,-1.3093180577861467,-1.3151117063327447,-0.32739937855064316,-1.2990420935794906,-0.954498168928378,0.3070785409911077,2
94,-1.2978181975670218,-1.306303853057903,-1.2919790337127781,-1.300857015705645,-0.15557270871422307,-1.306462186255306,-1.312566818775374,0.5745576270307352,-1.3009653020470138,-0.9361697033006675,0.41933787089537977,0
95,-1.3002573343248136,-1.3061635762836685,-1.291347878356921,-1.2968931272535533,-0.3249140567990297,-1.3024931054420552,-1.3104315569660836,-0.3981369619204801,-1.2966825830888769,-1.0722497422041404,0.7461166202859557,2
96,-1.2849116919304362,-1.293949807309018,-1.2891743689971333,-1.2992712981955676,0.47611693147218237,-1.2986480037005184,-1.306985832494103,2.1678678678794383,-1.299121755684682,-0.9959937147458342,0.6749892458497452,0
97,-1.287956438862945,-1.289038784241537,-1.2776893607358497,-1.2837677363223563,0.3538684142196926,-1.295278639340143,-1.3040079986341757,-0.4604881703087947,-1.283775887818186,-1.0105603639793332,0.2975062439525205,2
98,-1.2829221016256998,-1.291294176790951,-1.2771508135047547,-1.286780393812082,0.04609655960680672,-1.2919569894283438,-1.3008090160336632,0.6388135495499409,-1.2868206794868824,-0.9981294861330106,0.5006299698401281,1
99,-1.2839440532063102,-1.2917588484043425,-1.2763137267155527,-1.2817141200593791,-0.08051444490409379,-1.2896348520716054,-1.2991132551471054,-0.18633984449402025,-1.2817862682805814,-0.9931216345335365,0.4307601084566508,0
100,-1.2978831422742878,-1.2929423636253377,-1.2885386331606914,-1.2828044547923894,0.325274196582395,-1.2890315297738288,-1.2980955284998248,-1.9228734049256915,-1.2828082348766328,-1.0164470265608032,0.2041284383419956,1
101,-1.298087797607218,-1.3048220942124764,-1.288946137438589,-1.2967365945895344,-0.24605367643034376,-1.2890700946975877,-1.2970666558677693,-0.07885184649820251,-1.2967475287503696,-1.0151922064500492,0.4711187908681385,2
102,-1.2945117231524466,-1.2987248379175371,-1.2882593823391644,-1.2970358321640634,-0.037002715349321556,-1.2882482140456066,-1.2953251915243142,0.46202916760636953,-1.296952187090282,-1.042905571052641,1.0241053725246851,0
103,-1.2985362216361445,-1.3035783835941086,-1.2928952090767811,-1.2936021219183877,0.09475133877129885,-1.290197134190311,-1.2946707551102332,-0.6161320008758217,-1.2933760600925759,-1.035743595321413,0.38190789501451966,1
104,-1.2986195460385297,-1.3038004001898262,-1.2888195323212523,-1.297507908862781,-0.11298163575217225,-1.2917224378028775,-1.2945064692276453,-0.06154485073897294,-1.2974006177078614,-1.031585802053544,0.3679979082005196,0
105,-1.3050150407818295,-1.3047404925947117,-1.2940266511788496,-1.29743512218732,-0.19693052967789104,-1.294882721137947,-1.2945659303806087,-0.9668287238759571,-1.2974839433345244,-1.0496124658254122,-0.1363284816149698,2
106,-1.289859602509716,-1.298268719578721,-1.2965552032568977,-1.3039835845763077,0.4708802822167522,-1.2957289105810637,-1.2939547832302531,2.1895166072524685,-1.303879532046243,-1.103633588694703,0.19881103756332807,1
107,-1.2905179198508434,-1.297239316859775,-1.2804932963784603,-1.288783188793842,-0.1865591397178201,-1.2946753527217223,-1.2929986173908188,-0.14037379030951183,-1.2887238710966629,-1.0831890951246341,0.2529500119680063,2
108,-1.2853623763968451,-1.2940071925641154,-1.2792301297984017,-1.2895577768306026,-0.1896107285072906,-1.2928550455050736,-1.2914485212729239,0.6633583411415954,-1.2893821981103866,-1.0429615925313147,0.2804799829721931,0
109,-1.2875410639889404,-1.293674920113006,-1.276704525711318,-1.2841739012489921,-0.24194754104965904,-1.2918579279267741,-1.289513888680288,-0.344185211064161,-1.2842265789064606,-1.027460271369879,0.291818292427777,0
110,-1.29735745805112,-1.2949401597995158,-1.2874665629626718,-1.2865380573652965,0.05456756389306468,-1.2916893117509267,-1.288823741735475,-1.389497819040887,-1.2864052985098129,-1.0310629752362044,-0.6860919225705087,1
111,-1.2974096663623618,-1.3045553456798846,-1.287500987889419,-1.29634249581985,-0.18304301763843994,-1.2915162445754362,-1.2881495281674535,-0.05704378749315033,-1.2962218368033716,-1.0350327468670522,-0.5823004611090584,2
112,-1.2898467258106758,-1.2979097277420435,-1.286418805765403,-1.296353470722297,-0.15266255638241402,-1.2893464937475512,-1.2873703653961246,1.0290890770004273,-1.2962740458817055,-1.102885097246151,-0.4651609283528203,2
113,-1.2798690768152365,-1.2870308991959114,-1.2794785218112836,-1.2886314264709433,0.31965070644141963,-1.2879173995180455,-1.2863993715360191,1.3261292092859398,-1.2887109942084265,-1.0527650801734258,-0.037175851566064774,2
114,-1.2760003146794954,-1.284439164863678,-1.2680336918139523,-1.2786422542181002,-0.08874350219137005,-1.2858407294397052,-1.2851514535450177,0.4613920162179219,-1.2787331986123043,-0.9990580218318269,0.7194122482814517,1
115,-1.275392584370312,-1.2823267978068986,-1.2651937780020432,-1.2749291048724805,-0.16683488285831377,-1.2844146010566548,-1.2840792409653417,0.029382474044863653,-1.274864379633195,-0.9622391780796413,0.7474828286677553,2
116,-1.271882842063744,-1.280464057377591,-1.263903984406821,-1.2743015399961983,-0.1609094197233964,-1.2821747715139526,-1.2827226008022665,0.4053858695882575,-1.274256640394686,-0.9209432327840594,0.74565282306566,2
117,-1.2681878374189262,-1.277476185120352,-1.2600733871366927,-1.2708125655045366,-0.018455174218627933,-1.278002204644386,-1.2819230004956605,0.4225458087747388,-1.2707468465197957,-0.9331039355436609,1.068727843852471,1
118,-1.2678220362773043,-1.276880972416893,-1.2584053631308387,-1.2670595074227462,-0.15548188523040912,-1.273769843634327,-1.2809603351920533,-0.00355131061364741,-1.267051787584613,-1.0132072091179583,1.082061301657881,2
119,-1.236087520617152,-1.2436322289497614,-1.2566122080031301,-1.2667484687102168,1.0890659265538483,-1.2660798609172679,-1.2787210819559995,3.9393503589593504,-1.2666859810683084,-0.8047075467683029,1.888399765451993,0
120,-1.2406365808998883,-1.225740989797002,-1.2323581829213732,-1.2351101789476469,1.4006776179502645,-1.2604678505750377,-1.2766504667093341,-0.5568256391912632,-1.2349509991358232,-0.7449631290736339,1.4834460481314786,2
121,-1.2340528774549986,-1.238088724242744,-1.2279921132064247,-1.239097467014188,0.3458015406356671,-1.2544674815941332,-1.2735986164743829,0.6965729281445885,-1.2395001262574856,-0.6946059428668675,1.6023505200832626,2
122,-1.2300993878867104,-1.239372974618526,-1.223330832310265,-1.2328309847892056,0.16455414119752326,-1.2479885186536392,-1.2703479571708862,0.3880512876906743,-1.2329163260788443,-0.6908076059465128,1.5880813224517991,0
123,-1.2330088047655043,-1.234322457931215,-1.2226944466478578,-1.2291735361913738,0.48555619332042665,-1.2424277840056912,-1.26740738193654,-0.36723404725383046,-1.2289627784222958,-0.749954844460323,1.550324813352802,1
124,-1.2325239798984922,-1.2409542708531793,-1.2287302204065218,-1.231978933271964,0.4218390968562529,-1.2373262493574662,-1.264251207102751,0.0038735686455197687,-1.2318722380488856,-0.8527535841562992,2.118854616407819,2
125,-1.229637292108319,-1.2376361224207644,-1.221855188488967,-1.2314333995557325,0.30341862724766083,-1.2318641146094214,-1.2609530301570595,0.26823958057742836,-1.231387406058386,-1.1280445794496345,2.1407246584906368,2
126,-1.2211546341071435,-1.2266587546233723,-1.2182885632054743,-1.2284128070868225,0.5901443739221912,-1.2297280406335434,-1.2569434995286373,0.8750040836304115,-1.2285006758543735,-1.0662310059086824,2.1463529742306835,2
127,-1.199356440409554,-1.2083806986186187,-1.2127179697414818,-1.2202888538014014,1.1310674108143595,-1.2238231250793474,-1.2526163657261822,2.2582790827029893,-1.2200178932182808,-0.8729347034429317,2.209032820182278,0
128,-1.2028317461202624,-1.2082524148559528,-1.1923057316159873,-1.198761551473095,0.7011254786876351,-1.2193570999677994,-1.2484239176663274,-0.39230206950207,-1.1982193792418274,-0.814990804915877,1.999762899655666,0
129,-1.2107741439738118,-1.210858906274124,-1.1983603661770588,-1.201802784241493,0.4608770998653454,-1.2165927214551675,-1.2448577078865422,-0.8414675524465177,-1.2016947360148844,-0.8189170532411726,1.606420848277241,0
130,-1.2375116897666942,-1.2208685716348766,-1.2368424258655235,-1.2097761444052706,1.2330053912602867,-1.2172368364064843,-1.242465705316807,-2.784493948649794,-1.2096372505653579,-0.7938677136684864,0.5922843387434943,0
131,-1.2424486722999364,-1.2385463935344003,-1.2375170720128144,-1.2364554151435962,0.9471091129885288,-1.2186565135160041,-1.2398404085054895,-0.6028837846896801,-1.2363751892105526,-0.7396132399482985,0.3916657772864618,2
132,-1.2359777101231573,-1.2411746597162128,-1.23117705290708,-1.2410895988805024,0.2570819143794257,-1.219563478281899,-1.2369032261106976,0.6886344643673245,-1.241312244282427,-0.7181324307501412,0.4954827358128389,2
133,-1.2211155051548541,-1.2296020331474555,-1.2235248925326825,-1.2348637736804937,0.41443752254398547,-1.2195578810829495,-1.2336170515585347,1.6069096805052236,-1.234841187028393,-0.7181291522397035,0.18195848374935064,2
134,-1.2063099826050867,-1.2146514927160346,-1.2089295160626152,-1.219987667558114,0.9151834509032309,-1.2205525501654535,-1.2301000468965049,1.517724543701784,-1.2199787636910733,-0.7568242818261411,0.5867910122263639,0
135,-1.2192570514025713,-1.2158289576853551,-1.2087229665021328,-1.205206687649841,0.5342551120170157,-1.2229021071071655,-1.227387040114317,-1.3548880632604854,-1.2051730236051186,-0.8239935711529757,0.13237075667336892,2
136,-1.2176985031419794,-1.2218553154727259,-1.2087458213568147,-1.218011031505766,-0.018334387978874992,-1.2238926017050347,-1.2246285728597872,0.11436033901390713,-1.2181202826326998,-0.8518121698791874,0.08605186611624153,2
137,-1.2083208054329377,-1.2137164063569512,-1.2058617352286793,-1.2166800127970774,0.1622441811815878,-1.2197169931703815,-1.2215895471409548,0.9318002156333021,-1.2165617114725007,-0.8435450288166912,0.3280954349548294,2
138,-1.2065381464878386,-1.21110524672429,-1.1986942182290847,-1.2070774720152366,0.24254261419578454,-1.2145801738691762,-1.2186419544232154,0.13129420748523,-1.2071838759778055,-0.9243370865849994,0.3499441854125502,1
139,-1.2064595144418835,-1.213306125584757,-1.1996918754293706,-1.2054374412095272,0.12400616619341077,-1.210357745099803,-1.215708091823541,-0.04166588435898356,-1.2054011908402618,-1.039398887998935,0.302143353834493,0
140,-1.2130382293350865,-1.2142890304304268,-1.2026918841699499,-1.2054928145809638,-0.0007591415172644139,-1.209202331599337,-1.214606059970567,-0.7131669290907815,-1.205322557638973,-1.0743844129910471,-0.01125666786698587,0
141,-1.2271249327653064,-1.2221371896345041,-1.2214298536205581,-1.2119608671023079,0.1273174351496286,-1.212179805064808,-1.2139600415551515,-1.5012111504692487,-1.2119013691926317,-1.0104385146782935,-0.8107397960534142,2
142,-1.2239062256819622,-1.2322733881774892,-1.216927447248207,-1.226085535372776,-0.31107568688408843,-1.2128448459583334,-1.2134749102199585,0.2981975205671057,-1.2259882795974952,-0.9900186012359622,-0.6606003623707306,1
143,-1.2230534639496373,-1.230085623314307,-1.2133741037734684,-1.2227419003917854,-0.40703942110986446,-1.213610846049168,-1.2131380307681237,0.041534145069531694,-1.2227695252219823,-0.9740010038125205,-0.4782959703253142,0
144,-1.2364281763404301,-1.2305289808431186,-1.2241136031584159,-1.221872825304271,-0.18631128453473927,-1.2176314634619902,-1.213301517634015,-1.4747884585882074,-1.2219167509601074,-0.906975885620722,-0.15459701148756233,2
145,-1.2327065920686586,-1.2411398323791616,-1.2263073205207833,-1.2354793347572246,-0.24300963714079546,-1.22137472740208,-1.213310248680267,0.3658662549029439,-1.2352916598643249,-0.9278156251910059,0.08252609363531921,0
146,-1.2350015440934925,-1.2398516201634504,-1.2250859963931242,-1.2315370375549755,-0.3215149969577748,-1.225457520552398,-1.213566724095615,-0.3024471430162271,-1.2315700209116565,-0.9963265633407239,-0.15606945645425538,2
147,-1.223956017663481,-1.2332047891040805,-1.2225910450723063,-1.233842328285428,-0.17609556889999042,-1.2270192550172518,-1.213700663741468,1.177250572393043,-1.2338650066560104,-1.070769450030743,-0.2680473432885592,2
148,-1.212949807256447,-1.222417804606848,-1.2123889993089025,-1.2227456418358014,-0.10115775495777338,-1.2249915749244589,-1.214350589288901,1.1268172967428025,-1.2228193179350904,-0.9926519942025306,-0.388750928265471,0
149,-1.2157155226682275,-1.221557747510918,-1.2048946673970038,-1.2117815895765418,-0.1689034891907811,-1.223819936236918,-1.2149665879314926,-0.3345188125493094,-1.2118129458148146,-0.9630712849471871,-0.06100251973160245,2
150,-1.2073733859323654,-1.2174579495588451,-1.2053039626586595,-1.2146371843643464,-0.1769046747585667,-1.2215769802906593,-1.214803991015168,0.8176815916934325,-1.2145787018629983,-0.8940774099562604,0.1469174167428339,0
151,-1.215015223546815,-1.2175738871226622,-1.2031756716764084,-1.2062981292267059,-0.40494666916723954,-1.2185139655695276,-1.2137283908133973,-0.8226742001174957,-1.2062364425568852,-0.9304869550932178,-0.402652760418339,2
152,-1.1924682482411122,-1.2018738525700776,-1.2025718407099213,-1.213848862110177,-0.06283375824076265,-1.212758073764896,-1.2113387286470454,2.2890369979540424,-1.2138783924521552,-0.8477285120921517,0.187143727595309,0
153,-1.2128204166970835,-1.2024155497225562,-1.2022578955216128,-1.1915201424736455,0.11861404192023049,-1.2095851755475722,-1.2102315329996003,-2.01395655229143,-1.1913310858658086,-0.9513245453602064,-0.32501963025890696,2
154,-1.208768465589887,-1.2181237536504983,-1.2018919008584255,-1.2116090154713042,-0.532374100611548,-1.207412672949367,-1.209641196805571,0.36764889929494027,-1.2116835533543275,-1.00180157998137,-0.08723596581898838,2
155,-1.2041736041669808,-1.211684535288189,-1.200158545568938,-1.207710929665844,-0.4902483393262372,-1.206157281433878,-1.2095390523595664,0.4173364177672796,-1.2076315427121844,-1.0011922805054725,0.37820884729950976,0
156,-1.2084870177394356,-1.2122623496790912,-1.1956801035102342,-1.2031019071399454,-0.6013821873609652,-1.2051232803214642,-1.2090241159127522,-0.4814969064780922,-1.2030366137774002,-1.022403455292377,0.19020625556681522,1
157,-1.2088654617417376,-1.215275344301152,-1.198023439338758,-1.207421996651709,-0.7428790189072496,-1.2053367142281841,-1.208601790867588,-0.08802206195291357,-1.2073500907264456,-1.0214032601262215,0.16173788353937843,2
158,-1.2055076364232415,-1.2154305010090733,-1.2023364769151728,-1.207801971470233,-0.5320151265734667,-1.2039767019214913,-1.2084672877360794,0.29173463881162603,-1.2077285402891904,-1.046506474043607,0.6402476054547573,1
159,-1.205104187305612,-1.2149962342137426,-1.1952688746200963,-1.2043838505746243,-0.6945988978032327,-1.2057842091692272,-1.208398727333274,-0.009029264537168326,-1.2043706656344746,-1.1514255922545578,0.5754869852169244,1
160,-1.2043312112218199,-1.213296021357341,-1.1956313190145953,-1.2039273944046733,-0.5917893408300787,-1.2045698712125676,-1.2082969689792928,0.02802899840417753,-1.203967210589004,-1.1760573149431373,0.6725319636386708,2
161,-1.2019560370501807,-1.2110151071879183,-1.1935678204359086,-1.2032965557648772,-0.5001647650634536,-1.2035953877256382,-1.2077671076161256,0.1883444490918554,-1.203194223147945,-1.167083842855068,0.48775911415112533,0
162,-1.21946189380619,-1.2100904628875628,-1.208668729808151,-1.2008714141111123,-0.29097125009392155,-1.205782300323689,-1.2074007226839303,-1.7901077147605777,-1.2008190140780894,-1.070294758488707,-0.3696935418570851,2
163,-1.2143835481895373,-1.2226018919598332,-1.2079292278596405,-1.2184117089811786,-0.6428038907782876,-1.2066257692159217,-1.206945424783712,0.4850112810838185,-1.218325128046049,-1.054057275338386,-0.14674273227271198,1
164,-1.2145612653433617,-1.224087981188438,-1.2043535367114613,-1.2133019565311398,-0.8752944780158031,-1.2074405251465308,-1.2065393961014685,-0.0679940409100867,-1.2132467078137292,-1.0419237003768556,-0.4018048573174468,0
165,-1.2173864380555532,-1.2244320777354598,-1.2059251011850027,-1.213403536736174,-0.8095307916568437,-1.2091397277095712,-1.2056289732225551,-0.3421943695445572,-1.2134244275787356,-1.03106671833966,-0.25967633335151846,2
166,-1.2153458709882725,-1.2237216491987133,-1.2175267452823506,-1.216325448619162,-0.4544089265578757,-1.2106047488204623,-1.2047989230753702,0.16372886991666638,-1.216249641800931,-1.0423854425120591,-1.1349163888157163,2
167,-1.2125579565214881,-1.2213764856561766,-1.204209560636613,-1.2141470240195515,-0.6909504129668537,-1.2117815431749244,-1.2037258511055344,0.23988809216466972,-1.2142090447517853,-1.073028211785048,-0.169190816621782,0
168,-1.2144023487937052,-1.2226032432850804,-1.20658253486892,-1.211608267182501,-0.7548904257819289,-1.2135619251923722,-1.2032690714467407,-0.2393610603963317,-1.2114210893224289,-1.1721389361575225,-0.5136499293445228,0
169,-1.2165865861495513,-1.2244159846802438,-1.206548268436311,-1.2132753922786261,-0.8658146668439344,-1.2131506269578431,-1.2034429529832,-0.27569572556055505,-1.2132655086941326,-1.192569611780353,-0.9484863330243045,0
170,-1.2205398262902551,-1.2257338953394545,-1.2083043200863424,-1.2155509385291516,-0.7800221049455998,-1.2140312514392786,-1.2036736124075975,-0.46178470085891027,-1.2154497781427782,-1.163516140180285,-0.9321537897678817,1
171,-1.2191247612475404,-1.227177540670524,-1.20917800317198,-1.2193609133280354,-0.8952796351213725,-1.2146840364740679,-1.2042354687247874,0.09990985216776768,-1.2194030763680774,-1.15838348604746,-0.8066766014236261,1
172,-1.2200414076198978,-1.22698457756762,-1.2074559960627649,-1.2180848938463817,-0.9784967840125292,-1.215063816457619,-1.2044757804497626,-0.14598770800125496,-1.2179879905339415,-1.1495037339502319,-1.1147986584212133,2
173,-1.2090238794362256,-1.2189976004063365,-1.2075715065904502,-1.219043077658877,-0.7122139275950115,-1.214159487504138,-1.2052673376694547,1.1125071093857744,-1.2189046503745002,-1.1128110256534893,-0.3864035264934447,1
174,-1.2096323892066099,-1.2185111540293034,-1.1994444343813158,-1.2080869759681512,-0.9009975548955544,-1.2137409998794044,-1.2051149118182796,-0.11148798138157757,-1.2078869603112952,-1.0977325573918943,-0.45860413444142306,0
175,-1.2197227638809354,-1.2182021305148325,-1.2081765104135576,-1.2084677614328787,-0.8109137203706527,-1.2145020583794528,-1.205638658318594,-1.0778771418024358,-1.208495479022458,-1.0920295664052115,-0.990844658169333,0
176,-1.2212806885725667,-1.228901278871001,-1.2141136691196341,-1.2186212610247742,-0.8268393191140888,-1.2151735260169514,-1.2064565815985666,-0.21374979250653053,-1.2185860019537347,-1.0820560807856392,-0.2948267926756064,0
177,-1.2245338790194427,-1.229833570443778,-1.2139054712201176,-1.2203176005629242,-0.8394899037134418,-1.2157448550823258,-1.2072238135301006,-0.3941766811895373,-1.2201439495358106,-1.0638337018244024,-0.8283302098702141,0
178,-1.2282861428840848,-1.2330635756157544,-1.2172657371360935,-1.2232922668065378,-0.8887119951112934,-1.2170553444430927,-1.2081523544107469,-0.451458163546329,-1.223397187781516,-1.0264312993208957,-0.9907185273199118,2
179,-1.2251512122906223,-1.2333863580781963,-1.2180022910936394,-1.2271031769664253,-1.0136695674558975,-1.2177862761870417,-1.2090915523256525,0.2905071447875906,-1.2271495067778275,-1.0151594706587606,-0.6374342683699911,2
180,-1.2236419571563804,-1.232127567898548,-1.2158485776516725,-1.2241796749697305,-0.9261476362388383,-1.2198773183559122,-1.2099778794846374,0.11238044859749886,-1.2240145301231167,-1.0616265230583015,-0.6738299003630879,0
181,-1.2253296465487515,-1.2327482868660466,-1.2144540511301405,-1.2227253445020148,-0.9595383043010368,-1.2221227317178056,-1.2109818558893652,-0.22979750158110063,-1.2225052528135274,-1.1563231480220555,-0.9558325325323047,2
182,-1.2224456401051098,-1.2298575257549773,-1.2138081875182882,-1.2239895160776177,-0.948676704559715,-1.2225122254059881,-1.2119615040245295,0.2601138679358259,-1.2241929670029643,-1.1727628374072419,-0.659500727583689,0
183,-1.2257952343133234,-1.2309516999499739,-1.2160190856452016,-1.2212707957833981,-0.9317513894015471,-1.2231580083671911,-1.2122643134640552,-0.40579056892619514,-1.22130891818488,-1.185465181517401,-0.7154946969925811,1
184,-1.2269479950726832,-1.233235470329578,-1.2152993954639257,-1.2246645349355028,-1.0819436874856543,-1.2235033354727456,-1.2128650443286524,-0.17359187454337602,-1.2246585616083745,-1.1820440524893108,-0.5761860602609685,1
185,-1.2255053994603495,-1.2338345373811852,-1.215467050562973,-1.225961070001844,-1.1182688278263548,-1.2231055641740047,-1.213388304859857,0.10618511244508093,-1.2258113393051424,-1.1958465310360358,-0.5742686855893121,0
186,-1.2273745785987578,-1.2344984987565923,-1.217953918682759,-1.2246246885567325,-1.0900323155879101,-1.2234236054921699,-1.213865857462056,-0.25045106527245453,-1.2243687224968836,-1.1881463495493751,-0.6235138660525118,2
187,-1.2177476403760894,-1.227790704501414,-1.215303643106821,-1.2263245201092974,-0.8603237916582124,-1.2225804532542204,-1.213980690770225,0.9915339680946645,-1.2262379290989698,-1.1404165082320956,-0.7227190674004648,0
188,-1.221680926310048,-1.2282579559175502,-1.210657007069001,-1.2175027251574935,-1.0468975474183364,-1.2220585222570264,-1.2144168778606514,-0.4612949131215512,-1.2166108494285797,-1.1368073001443229,-0.8778331365570171,2
189,-1.2160600445190624,-1.2254363888015216,-1.2091091850173135,-1.2205722058282122,-0.7767907617811385,-1.2211450950678024,-1.2144961355466917,0.5465705416608757,-1.2205441931539485,-1.1037940823352261,0.048132940538649145,0
190,-1.2208607148774764,-1.2260325689310099,-1.2095798809079832,-1.2149858245892364,-0.8551895589436983,-1.2204392369911798,-1.2147004900296232,-0.5492666554236607,-1.2149232287758613,-1.107371035105878,-0.1590770729169733,1
191,-1.2208339014121625,-1.230558310743369,-1.2133775589456741,-1.2199229093979373,-0.9077423915922616,-1.2195646467808032,-1.2147145503383563,-0.0467631297243776,-1.2197239696700852,-1.1217887082554983,0.05040743103430051,1
192,-1.222061833409745,-1.2303677124596475,-1.2107326404715963,-1.2197902752075704,-1.0740681614258656,-1.2190720620537994,-1.2148549775227597,-0.1794654177055682,-1.2196971558108036,-1.133438697853833,0.23379365382149184,1
193,-1.2209075760848795,-1.2295536004221204,-1.210798700828264,-1.220954238440945,-1.018668789838533,-1.2181469900148085,-1.2148963907370218,0.07298332012887673,-1.2209251058502786,-1.1735769642988743,0.11488272970524202,1
194,-1.2219575103226055,-1.2299628677003793,-1.209927395154694,-1.2198000653194123,-0.8773447313735779,-1.2187491906428356,-1.215514773013378,-0.16066797572661695,-1.2197708315660158,-1.1781072876590333,-0.06392532759977917,1
195,-1.2219702934863015,-1.230672467014815,-1.2116358034668795,-1.221029316750866,-0.8513040362666877,-1.218790583155546,-1.216104672431489,-0.05095627797118858,-1.2208207812303293,-1.1773007481637725,0.06585666880516441,0
196,-1.2235786649068605,-1.2309403058211856,-1.211626959493986,-1.22092733122273,-0.9545195023221659,-1.2198660838187376,-1.2162890306271699,-0.22035576363986084,-1.2208335645818473,-1.2104505203773863,-0.2710288675161172,0
197,-1.225513724105976,-1.2328590955363121,-1.2143206624637024,-1.2225210304800416,-0.9605440667473607,-1.2205316732823592,-1.216491420363822,-0.2561651663379549,-1.2224419596340603,-1.190981712722943,-0.16136828486176638,1
198,-1.2249018470632034,-1.2338673070184283,-1.2143123890697054,-1.2244420125526516,-1.0420637558029962,-1.2211135723569053,-1.216509013638172,0.016151694101409028,-1.2243770472648234,-1.1889027728648809,-0.017694939153527375,1
199,-1.224657688636607,-1.2323348120523592,-1.2139351413227284,-1.2238235518568084,-1.1200162032895817,-1.221484896333119,-1.2163355301193581,-0.023417433739697062,-1.2237651612317975,-1.1875037108347308,-0.11258561408902397,1
200,-1.2238027755913674,-1.2332652301969524,-1.2140387330912454,-1.2236057374576774,-1.0883923063212577,-1.2218990399962772,-1.2162710587143108,0.04199883986903884,-1.2235209992178038,-1.1984339404780435,0.12584500731771195,1
201,-1.2244919440068296,-1.2328604161496217,-1.2127443431660245,-1.222672995464491,-1.0507698295026986,-1.2222615779311121,-1.2163116982538238,-0.12322356425494758,-1.222666073611405,-1.2055572436286048,-0.9886183754700777,2
202,-1.217766378623361,-1.2267910002259672,-1.2123587269285678,-1.2234617853991623,-0.8520161441610574,-1.2216602291477061,-1.2159500835705628,0.6705904376623105,-1.2233552521527558,-1.1620041451322012,0.23410148929715185,2
203,-1.2129621851003185,-1.2229147237545461,-1.2068320363407674,-1.2166752112772568,-0.9228439125439166,-1.2201415953447245,-1.2154966609744562,0.4532856386091528,-1.2166295879511708,-1.098207307442353,0.1573904381845164,2
204,-1.2111835793534647,-1.2204073397584778,-1.2015297417533746,-1.2118203447008074,-0.848477027442801,-1.2180917405322684,-1.2147980490738397,0.13363742908124604,-1.2118253238405527,-1.0633536172384657,1.023973496751075,1
205,-1.2125940923427658,-1.2199956769490992,-1.201580047792737,-1.2099566690790422,-0.9218988168161785,-1.2163311783969974,-1.2141117608132035,-0.19406898491920055,-1.2100466919608075,-1.0599194476751679,0.7855419468092697,2
206,-1.2081173037025847,-1.2174413958245676,-1.1999973887295439,-1.2114262459311231,-0.9192587697363611,-1.213965159892478,-1.2132804018289676,0.41105371556301423,-1.2114572256746468,-1.051507620120866,1.2618716865101678,2
207,-1.2008362942672948,-1.2074012642218792,-1.1960166816614315,-1.2069325534170172,-0.7396733379057304,-1.2106799207633279,-1.2120115543707677,0.6887467324456136,-1.2069803712574203,-1.0204057467806413,1.5163086625389628,2
208,-1.1661732493397003,-1.1673221858692038,-1.1878653598492017,-1.1997495109442173,-0.0554231414185922,-1.2023377261111328,-1.2095456815148822,3.384548878013481,-1.1996992548429253,-0.7189836614716082,2.174211217820325,0
209,-1.168665124442351,-1.1702750772297041,-1.164213279653691,-1.164238842214447,-0.3591851326581319,-1.195314039754933,-1.207010891978224,-0.2720879985815329,-1.1650357006143857,-0.6239910916731429,1.989126539640681,2
210,-1.162674248008482,-1.1671279635768648,-1.1569582421911604,-1.1675755555240077,-0.5503518438771635,-1.1881206044033372,-1.2044584122715343,0.4891260892027857,-1.167527612329929,-0.5580778959567713,2.1517904639782497,1
211,-1.1623311603662567,-1.1713748717092516,-1.1556821424894506,-1.1616090435730073,-0.6314386881185978,-1.1811325126645216,-1.2016599993996409,-0.019268798207095778,-1.1615366478726612,-0.5603054064580921,2.292461466145106,2
212,-1.1555546182202439,-1.163622441614159,-1.152708887559345,-1.1612777075266911,-0.6174686433480348,-1.1729733040487444,-1.1985388687524359,0.5488961177840892,-1.1611935551894808,-0.6260714451491637,2.3207152033842617,2
213,-1.1416305415749972,-1.1517060563296917,-1.144508654456166,-1.1544977121105138,-0.4831594568483756,-1.1634627086105522,-1.1946932908345276,1.1571057878710675,-1.1544169134763544,-0.7060708562383149,2.369919530326118,0
214,-1.164170127588515,-1.144178130497249,-1.1517001674682352,-1.1405713403728934,-0.42168108591125164,-1.158217798700787,-1.1919805620684103,-1.9305080732140674,-1.1404926322459248,-0.9691816347647583,1.3011155303295667,2
215,-1.1580167490834647,-1.162452071102386,-1.1518856690072075,-1.1633990127476574,-0.7505594914092626,-1.1570510525449174,-1.1889234287827644,0.49669104685696025,-1.163032549431516,-0.9804768565795494,1.3957284599547144,1
216,-1.1593083786503917,-1.164581084029255,-1.149232730729753,-1.1569358864609345,-0.7054787724271678,-1.1557126173286774,-1.1859274396535346,-0.16230349646325715,-1.1568790805154388,-1.0122664120050944,1.2714770607001877,2
217,-1.14203187055816,-1.1519626238550236,-1.1471507834334171,-1.1582889485106174,-0.5598424615184839,-1.152759829517538,-1.1820285273711375,1.4633474892040321,-1.1581707290601608,-0.9659513335728266,1.4077380600587048,1
218,-1.1409862389462637,-1.1483233821167258,-1.1328546438956633,-1.1408552847950069,-0.6063988919109843,-1.1497065463407155,-1.1779871024111308,0.0377512412622245,-1.1408939671257776,-0.9489388491633187,1.400478334244707,0
219,-1.146678799989292,-1.1484585453533773,-1.1390258667445576,-1.1399286538270466,-0.6187658886493597,-1.148436905382482,-1.1742471050091623,-0.5238246410032645,-1.1398483201505116,-0.9492941416606788,1.2548082422697586,2
220,-1.141807635159861,-1.1515397204765436,-1.1341621888343278,-1.1454948312683362,-0.8749380868674811,-1.1484622377251383,-1.170285881350063,0.36243553674728657,-1.1455409648338182,-0.950071351787131,1.2590369119996663,0
221,-1.1443077101943457,-1.1513512720284425,-1.134475341551947,-1.141255837555619,-0.8787366792848463,-1.1456210192597551,-1.1664850662555903,-0.2583267282047881,-1.1406697284328082,-1.0084330822879035,1.0930348543308737,2
222,-1.137846631585595,-1.1438323140817308,-1.130792064582976,-1.1436525442348622,-0.4813883438809717,-1.142735785849006,-1.1623423838177405,0.49344447391072643,-1.1431698402006667,-1.032412166641854,0.6413353550856756,0
223,-1.15277512193443,-1.1473681180147475,-1.1459360209630662,-1.1366480621777255,-0.438740850981209,-1.1418012364811163,-1.1592350242829272,-1.2829385867721825,-1.1367086666598798,-1.0968409411374864,0.22659347775865252,2
224,-1.1472068070068386,-1.1531646276623546,-1.1441865626691707,-1.1518788571928211,-0.5297438845643091,-1.142541484996863,-1.1560911306040893,0.42928694425210023,-1.1516373763516563,-1.094353405732373,0.21722140148055652,2
225,-1.1408469024619758,-1.1516550745135494,-1.1452490756706761,-1.1460104022537396,-0.4165149303987196,-1.1425215536166988,-1.1527281960384144,0.4891307669225804,-1.1460689796093235,-1.0938508475826512,0.344199789782449,1
226,-1.1413343151401751,-1.1405033243354015,-1.1300390589339186,-1.1401277298273975,-0.5678265533981847,-1.1417570520588103,-1.1493211262351795,-0.09018862740296986,-1.1397089816189656,-1.0932763926420301,0.1858007613414245,2
227,-1.1382429408386237,-1.146409168480277,-1.1273370508713771,-1.140254221813838,-0.6085097249572932,-1.1412471405446198,-1.1459802958105028,0.20816994094808397,-1.140196401458675,-1.0814559024848809,-0.08610828219848651,1
228,-1.1373775518348428,-1.1472992311390808,-1.1283598135431028,-1.137125751042467,-0.7362005903785755,-1.1402558164017271,-1.1429462087900202,0.021971009878024236,-1.1371049817358438,-1.0698036602630379,0.8082549900607655,2
229,-1.125832889630169,-1.1339599617932499,-1.1261036177915842,-1.1362007413669137,-0.38401169261547485,-1.1385373113071697,-1.1410174570198983,0.9030019346584152,-1.1362395800169816,-0.9899172728241449,0.929524699487287,0
230,-1.1342350137000585,-1.1346942842173209,-1.1213051443696773,-1.1248271568814037,-0.48465415449343113,-1.1358852424869277,-1.1393712858524163,-0.7224380352021444,-1.124694748187643,-1.0422439042671063,0.6143081296413527,0
231,-1.141672351873818,-1.1443423165147764,-1.1299781020884907,-1.1331604439595198,-0.5556224187275282,-1.135093566639637,-1.1383671439796783,-0.6582493971608728,-1.1330969957091723,-1.0732533604793384,-0.17101806319915813,2
232,-1.1378383069399687,-1.1483839153454103,-1.1292402801778418,-1.1404840088338202,-0.7550040824221782,-1.1346632022493235,-1.137196092587439,0.2703841744942501,-1.1405344431590605,-1.0799475331534976,-0.07505971983377538,0
233,-1.146965610532806,-1.148420124719646,-1.1339496481954336,-1.1367636727978196,-0.5897353018723813,-1.1354687306065248,-1.136785435273027,-0.803648373311247,-1.13670034189194,-1.0467693904486564,-0.19340056093849706,2
234,-1.1441134061061644,-1.1550197822431159,-1.1377206041214785,-1.146103875996739,-0.7527489324031791,-1.1363084710060707,-1.1369041458991576,0.19184572838856448,-1.1458277795914134,-1.0325680012239018,-0.2622423682975489,1
235,-1.1446554434253289,-1.1542642992941523,-1.1341138481222752,-1.1430957550078826,-0.8330123237276817,-1.1373495366309436,-1.1359711105495938,-0.0951328451128206,-1.1429755332575933,-1.0215201106125082,-0.19598505355682472,2
236,-1.1411515470777684,-1.1513017336733598,-1.1320582108528272,-1.1436068050817667,-0.7316792541099465,-1.1395407931905694,-1.1351647521418806,0.2451728576957789,-1.1435175785408624,-1.111155902682,-0.3032253337348289,0
237,-1.1541923694685077,-1.1522241974261576,-1.1461261822296922,-1.1400980477048706,-0.4727545682428083,-1.142395592110775,-1.134920145702162,-1.1364578744234675,-1.1400136307108737,-1.0849846736373792,-0.23632135233495857,2
238,-1.150290012555004,-1.1600313254818218,-1.1426483770610663,-1.1530825732688657,-0.6494338187814455,-1.1436283049356994,-1.1353149836785463,0.28732198339901766,-1.153054644709222,-1.0770712532164308,-0.3004952268748014,0
239,-1.1555568318900546,-1.1587502998594705,-1.146253072636477,-1.1492923969445668,-0.6137854011784882,-1.1461628504176768,-1.136011632323586,-0.4994871390986278,-1.1491522304587456,-1.0797881165697927,-0.7484642721763834,2
240,-1.1485616041094935,-1.1595419000468576,-1.1420176971876226,-1.1544106923584418,-0.7719639016556026,-1.1463911492360295,-1.1361016528837842,0.5566333196172729,-1.1544191271786906,-1.0804944079002212,-0.4388225863795023,1
241,-1.14969930567845,-1.1582831405791467,-1.1371529732160828,-1.1475221638871007,-0.8789214775788546,-1.1471901839504655,-1.1364789691395525,-0.14632503753141596,-1.1474237966178882,-1.090309009449266,-0.5980645736641266,2
242,-1.1431657995349038,-1.1542065915637119,-1.1363061390374014,-1.148554708899414,-0.7741292702938782,-1.146977097917465,-1.1364243721497986,0.5075909089220922,-1.1485615149029897,-1.0829873250790811,-0.37904544330403706,1
243,-1.144145488729197,-1.1525205369104679,-1.1328674819208313,-1.1420226776853963,-0.6577605402804545,-1.147405366145622,-1.136725532872037,-0.13168907387241394,-1.142027912763236,-1.1023879871374782,-0.8900127753760801,2
244,-1.1348976492562393,-1.1431423089833788,-1.1327762526950689,-1.1431078835222344,-0.4262197327289783,-1.1446453538941628,-1.1358707758167788,0.7273293066163988,-1.1430076163520129,-1.0439073076194652,-0.20914452304861234,0
245,-1.1526630977706245,-1.1463582173760725,-1.1428496012185159,-1.133992509929976,-0.3927783567845647,-1.1449848117456796,-1.1361316517867683,-1.5059928156787472,-1.1337596410013966,-1.0357577748674243,-0.551794437974745,0
246,-1.1899770590643184,-1.1627683426340916,-1.1788255199000286,-1.151796015386567,-0.21356480947861825,-1.149908451355575,-1.1384806609972822,-3.257687346408947,-1.15152535054189,-0.7135050047452193,-1.4348840938071308,2
247,-1.1814680552745498,-1.1872703570316723,-1.1779985925850647,-1.1893685315561497,-0.3039641625869034,-1.1546155529547912,-1.140399533880002,0.7654208382970584,-1.1888398600862005,-0.6225811150694877,-1.0160771454359534,0
248,-1.1923948541744274,-1.1898601411558787,-1.1864791384204945,-1.1803598514757472,0.38487869242495354,-1.1607229354737014,-1.1429886431356946,-1.0696678570071618,-1.1803307312744182,-0.5160855088802566,-1.2735970233767606,2
249,-1.188857877493497,-1.1970193087555394,-1.1829017672344537,-1.1913846710215665,0.023438828158458734,-1.1672589563940856,-1.1454500185412568,0.29170674149418385,-1.1912576907207515,-0.5153928730824013,-1.1583103897641376,2
250,-1.1860096327297565,-1.195597008220987,-1.1874588540843725,-1.1877519783116406,-0.13174841290841754,-1.1732474107000945,-1.1483271867323495,0.22228469136507306,-1.1877206620713467,-0.5783049194689247,-1.177829133532978,0
251,-1.1936096912238334,-1.1951057093578394,-1.186529951641098,-1.1849325508159905,-0.14428787906741813,-1.1816458716964717,-1.15116600659412,-0.7688337747627962,-1.1848723754586068,-0.8183303400240678,-1.0960461493025504,2
252,-1.1900712179773973,-1.1971257563306892,-1.1841882958504357,-1.1924403506293784,-0.5728790802361854,-1.186996914310145,-1.1534800513706498,0.29313353463336633,-1.1924725456196472,-1.118466383516863,-1.1072081276925168,2
253,-1.1862147557394076,-1.1923024465565224,-1.1770184648364281,-1.188986530122117,0.8220965671834504,-1.1864587358262788,-1.1557930243318721,0.31989165902322053,-1.1889340203827476,-1.1160033603045971,-0.9037646407273985,1
254,-1.1850086798339006,-1.1944720913766178,-1.1801767458230923,-1.1849414367455284,0.3979887852847279,-1.1869652042826295,-1.1576119381388803,0.06460905824629204,-1.1850775014821113,-1.1411234680629532,-1.0827821792364236,1
255,-1.1836915151180294,-1.1899461038687593,-1.1752574998681224,-1.1836377617568568,0.008632070067345638,-1.185720235598969,-1.1595042452071458,0.07467549627784685,-1.1838714078558414,-1.1383707364014424,-1.0209312894225206,0
256,-1.1874721201919394,-1.1899971471087762,-1.1774665911618638,-1.1822796487577523,-0.002573776329151469,-1.1855220100176822,-1.161551394555812,-0.4048905228070242,-1.1825542237869897,-1.1396316700704388,-1.3016281231442481,2
257,-1.1760716583094475,-1.182990433566543,-1.1761137168997662,-1.1862279010917267,-0.05110009522128996,-1.184100432982463,-1.1632209936083717,1.0340752539985731,-1.1863348844089838,-1.0767333886859922,-0.9209846231618509,2
258,-1.1723645408375662,-1.1786309354715196,-1.1634398282608471,-1.1750847272002016,-0.18674212129981335,-1.1810614215479822,-1.1640898407864186,0.29100120108688704,-1.1749342550205495,-1.0500165906203767,-1.0897643496876819,2
259,-1.1666830481435921,-1.1735521638017685,-1.1618679784978574,-1.171253270276926,-0.2668828146259642,-1.177715862007841,-1.164873623991051,0.4667879631917134,-1.1712270830803309,-1.002875751795955,-0.5617890743587313,1
260,-1.1675104306192128,-1.175524115880595,-1.159604143328893,-1.1656503955055797,0.0732127544002996,-1.1750403027916887,-1.1654451490065492,-0.12358008759840719,-1.1655455069087046,-0.9867230928896668,0.7431555794192851,1
261,-1.1676510454198703,-1.175603137695615,-1.1578179143950098,-1.1663346432587043,-0.47089353586289984,-1.172557380877713,-1.1663578526607343,-0.06220209868681583,-1.1663729015409803,-0.9928006387406285,0.4652800260836095,2
262,-1.1628696745207927,-1.1724838797700294,-1.1552224143931222,-1.1669114803898695,-0.6357254085067778,-1.1695789217700363,-1.1669875538433896,0.3791143635344125,-1.1665135184076783,-0.9962285373212891,1.3605154024855997,0
263,-1.167852645264893,-1.1736859450012354,-1.1583106409708444,-1.161735566738148,-0.5465613108848724,-1.166772454997255,-1.1681678803884001,-0.4903576972893899,-1.161732077256356,-1.1134142372440365,0.8863152412653572,0
264,-1.1830501432634115,-1.1770687727738882,-1.17240514426639,-1.1668740347710096,-0.35372798896591096,-1.1677706920153443,-1.1700279882763602,-1.4130438052980485,-1.166715121214789,-1.047136694414082,-0.06047653089853866,2
265,-1.1806173201413475,-1.1902845187073556,-1.1723251047267618,-1.1820489887341663,-0.5962147880420253,-1.1689512104025734,-1.1722139354712784,0.1785921500402433,-1.181912842508754,-1.0115957683376515,0.40242458163533995,0
266,-1.1899486554981544,-1.1912358209694047,-1.1783256293891617,-1.1796267466995138,-0.588526562355676,-1.1722792379992317,-1.1739966311632544,-0.9185211053501946,-1.1794799836414425,-0.937575514193837,-0.17881977711901187,2
267,-1.1735421508200132,-1.1839010117995534,-1.1772341753580797,-1.1887804077355362,0.487518664685065,-1.1731420451023375,-1.1732108459447728,1.521732677984829,-1.1888114561027054,-0.9498598020614523,0.2587978905977857,0
268,-1.1756924036674965,-1.1836922013369329,-1.1659569370621403,-1.1724234692503275,0.12835085020850887,-1.1742923207755607,-1.1729347007060855,-0.24570419082370384,-1.1724047103652935,-0.966491674962432,0.13781305716509173,2
269,-1.173840435032406,-1.183839925755995,-1.1630885735524823,-1.1745157782801698,0.4740722955379687,-1.1758616326436138,-1.1720475775118098,0.120365885282175,-1.1745549948062448,-1.0232360798223974,0.15407967263096742,1
270,-1.1730567647409365,-1.1828657123886195,-1.164528461096275,-1.1728773687668674,0.7916673599762413,-1.1766060556439955,-1.1712920952996817,0.0219343706104058,-1.1727029989603488,-1.0523101071682632,0.32926965575622547,0
271,-1.1751517070215978,-1.178419729477779,-1.1619001528078465,-1.171928476207012,0.5159918120946593,-1.1754762242416765,-1.1707729565616969,-0.24039024426536015,-1.1719193171544833,-1.059412481265703,-0.14680523825351088,2
272,-1.1708419725060117,-1.181103799249911,-1.1636659042991162,-1.1740663996751493,0.4616269110301841,-1.1740779101464742,-1.1696843872456364,0.3453027444096534,-1.1740142902159398,-1.0518039674581001,-0.12303779141729791,0
273,-1.1727623466561006,-1.1815045900334378,-1.163022354701677,-1.1697811367714344,0.3505323865729058,-1.171619495490051,-1.1688568161371946,-0.2233731800265783,-1.169704492377819,-1.1922318322693277,-0.4404249548916608,0
274,-1.1780315043747542,-1.1787884262866863,-1.1694157546330486,-1.1713333060001683,0.1594284174788847,-1.1722616748363126,-1.1684655588289163,-0.5290627845859496,-1.1716248947437895,-1.1706947842191688,-0.6003416812187384,1
275,-1.179419600059915,-1.1874616309780175,-1.1712226829013386,-1.1769343724069068,0.5574132877318995,-1.172794831450842,-1.168198333955736,-0.17787104373607812,-1.176894129881695,-1.1495111665173534,-0.6417495365472193,1
276,-1.1802703040146691,-1.1893138986366598,-1.168157184382988,-1.178362169800809,0.37307072182051,-1.1737145917257303,-1.16803475913838,-0.12853464449818078,-1.1782822459620186,-1.1317831804429879,-0.8994522805216978,2
277,-1.1764309899231011,-1.186575960126267,-1.1674021183101382,-1.1791494943365741,1.5981951745103278,-1.1741972575918067,-1.16750686103079,0.30754444868711367,-1.1791329624160882,-1.1371536018308102,-0.542600521536898,2
278,-1.1724798387384159,-1.1831949443579226,-1.1641493748172986,-1.1751238564688689,0.5056340508840315,-1.1738150603318964,-1.1673351290877563,0.3138053244024622,-1.1752935919138296,-1.12935716636526,0.345988044758327,0
279,-1.1785118707236968,-1.1830669370026936,-1.1675806778058713,-1.1712997265401246,0.2792415334966874,-1.1749122005244137,-1.1676290449944258,-0.5980300502966365,-1.1713423826752418,-1.1472746930866649,-0.08465351696892685,2
280,-1.176450601166918,-1.1867486840624015,-1.1664895090642375,-1.1774600764698537,0.056979180906543365,-1.1754397866995105,-1.168096050874372,0.14114993657008781,-1.1773745032886165,-1.1632523018783907,0.5396965121050811,2
281,-1.1685737404111476,-1.1784074754147424,-1.1664862757838248,-1.1753523963408457,1.2325223288623404,-1.1740869013441495,-1.1681468898023872,0.6749115657901428,-1.1753132034457927,-1.1162836488769696,0.1336436170615318,2
282,-1.1638239221014857,-1.1734720363570006,-1.1572598248367143,-1.1670979290166665,-0.6341168680904996,-1.171856018399928,-1.1679639075253834,0.37741282637450224,-1.1674362269560286,-1.065864839693987,0.5326506266565884,2
283,-1.1564200072240245,-1.1627938642541,-1.150440392662727,-1.1629081664714596,-0.6304835834281279,-1.1684443539332279,-1.1676555362737409,0.6070681015320151,-1.162686338857721,-1.002328135096625,0.7566824038453741,2
284,-1.15361619174874,-1.1632152013237709,-1.1429199092180784,-1.1553434031729284,-0.7645232942499911,-1.1651808123123564,-1.1669748634905217,0.19397147109033455,-1.1552823151952165,-0.9546355539302106,0.8268840664266363,2
285,-1.1481509215919188,-1.1547348368875938,-1.1444760680614183,-1.1522607339120532,-0.4790911894456425,-1.1617006836216914,-1.1653062632088327,0.42151255644223784,-1.152478458523728,-0.8970907360527411,1.1382733159296157,0
286,-1.1522842796269461,-1.1594359438627069,-1.1418618340524336,-1.147277442269755,-0.5676670676265351,-1.1579489592143446,-1.1639516049351195,-0.40062052954680927,-1.147013108066193,-0.9404081291529509,0.7276129418403758,1
287,-1.1521691064398887,-1.1597192000616698,-1.1422965834726324,-1.1510982048988845,-0.5740247088213352,-1.1544756140612116,-1.1621452905481082,-0.039707387016510755,-1.1511465268322714,-1.0253921157843968,0.8602334739159808,2
288,-1.1500669619377302,-1.1587777256196,-1.1424338076972071,-1.1511762763640183,-0.556341974302649,-1.1518283128948958,-1.1610228956949968,0.1308891711417607,-1.151031351952985,-1.0875984629727977,1.319061398663395,0
289,-1.155597519764746,-1.1597165588350504,-1.145049753442881,-1.148742622925117,-0.503439879091683,-1.1506515675995483,-1.1600621198571783,-0.5217283810654663,-1.1489291765642098,-1.1532753884925702,1.0032415331070115,1
290,-1.1544488433820794,-1.164553412573626,-1.14302644897756,-1.154511991955175,-0.8031407205492672,-1.1503696025700714,-1.1591349698022368,0.0499605983178104,-1.1544598156512051,-1.1637902418128399,1.0961750626091704,2
291,-1.1504497709227577,-1.161499786058339,-1.1410064094914794,-1.1534309640641547,-0.8421690608268817,-1.1499166620673409,-1.1580540850590688,0.29591639598678476,-1.1533111223911416,-1.1633386092564815,1.1005083940140348,2
292,-1.142191036535401,-1.1515702788542914,-1.1390357250799337,-1.14899133541608,-0.585204398103146,-1.1490641306187213,-1.1564781707141696,0.6561634330845342,-1.1493119911738146,-1.1101261925535664,1.2088861391661752,2
293,-1.1366262759508863,-1.1452545224804709,-1.130168073162151,-1.1409796878085385,-0.26016389482441493,-1.1468243322954557,-1.154842251109787,0.4154695515020943,-1.1410531354416298,-1.035272669323601,1.7568437499713347,2
294,-1.107657413345618,-1.1079984854168206,-1.1230448711235073,-1.135644606892637,0.3156853016950024,-1.140457159466732,-1.1517294564725944,2.336029505778951,-1.135488293094597,-0.7433610944170896,2.030294036829666,2
295,-1.1031173636343652,-1.1087209530330415,-1.096552480880743,-1.1072756065005893,-0.08444805488664525,-1.1337412566138894,-1.1481476643765254,0.29782634365710575,-1.1065190048524833,-0.5931780454849933,2.0058109108654394,1
296,-1.104214127901046,-1.1133009321269107,-1.095398421665199,-1.101850793285704,-0.34958262371827165,-1.1263911219913012,-1.144551943153569,-0.13260814944632324,-1.1019788884346957,-0.568623527726887,1.9000146084722074,2
297,-1.0985783116334495,-1.1092407218621914,-1.0910780616596145,-1.1031270621969587,-0.5538041023463467,-1.1183991246767349,-1.1406460886682697,0.37808256714979377,-1.1030756688160337,-0.5949493274610798,1.8832529586710554,0
298,-1.1010331155613813,-1.1034504160259462,-1.0902888242506381,-1.097492291615376,-0.5600421328751355,-1.1113303217750576,-1.1370411683183843,-0.23337671297429843,-1.0974397697419047,-0.7035642996516573,1.7036218994980017,1
299,-1.0996259698444684,-1.106717521218344,-1.0931348400868555,-1.0999462735667642,-0.3271693534192063,-1.1052416040191788,-1.1335578818628045,0.0563675749449767,-1.0998946097380458,-0.8455921995509601,1.652256011369766,2
300,-1.081141328069159,-1.0899120719016615,-1.0853946837671082,-1.0985401765481546,-0.12959317532373474,-1.0973047625288435,-1.1289024051180523,1.3377162243485337,-1.0984874433460698,-0.9854220804709677,2.0755101755718894,0
301,-1.093367145828149,-1.0874582188125426,-1.089568563490466,-1.0800553229575516,-0.03203839667067114,-1.0952606119534043,-1.1249300220578529,-0.9282679068473835,-1.0800025299776115,-1.0041638675895554,1.4605787406446684,2
302,-1.0880482273064247,-1.094554611212086,-1.0880167156876765,-1.092280678352002,0.918527909407742,-1.0931050481293911,-1.1210799392361077,0.3437012868511497,-1.0922285273694223,-0.9982678697318105,1.4972181858110922,2
303,-1.0845797184973889,-1.093313357548713,-1.082948516941929,-1.0869624339341721,-0.2755674487557862,-1.090296445055178,-1.1172911183362984,0.20369549310614002,-1.086909530697315,-1.0061976964242976,1.7798496895047082,2
304,-1.077093773123136,-1.0814665962264107,-1.0725182079211537,-1.0834933046851452,-0.2882381987571485,-1.087223190358916,-1.1134983753974435,0.4926924956932103,-1.083440970925797,-0.9691630819810463,1.8306206533143066,1
305,-1.0784949013995773,-1.0866928159077873,-1.066972561434463,-1.076007610570152,-0.5578796353531956,-1.0839992126837676,-1.109906679072025,-0.14937181303759503,-1.0759549155612342,-0.9961623772930877,1.7357787507487612,0
306,-1.0844530716414529,-1.088381941754775,-1.0794765760564047,-1.0774112132927507,-0.266815134225085,-1.0818288062477188,-1.106861159851831,-0.47522862113256603,-1.077356064424325,-1.0726655175631223,1.390560768165006,2
307,-1.0716883967649986,-1.0828262136966582,-1.0768057596401974,-1.0833681845615104,-0.3083492404786199,-1.0804766121798774,-1.1030077125138842,0.8748198719658162,-1.0833143222090504,-1.0236153096389413,1.4722520415462181,2
308,-1.0658328347956205,-1.075473898722469,-1.0685275791200102,-1.0705962041963237,-0.06663636362348443,-1.07653796808713,-1.0988798059221079,0.36230776569685247,-1.0705494597823968,-1.00630542706623,1.1626347673768158,2
309,-1.019662261194967,-1.028689145238298,-1.0515960941541063,-1.0647457393672193,0.19781504381302556,-1.0667557011136248,-1.0926449012459758,3.1561038820379577,-1.0646938117777829,-0.5673777663666827,1.6407014797527473,1
310,-1.0201082065372742,-1.0224926433175374,-1.0150871279880826,-1.0185794380799071,0.15089163423021315,-1.0575333770310567,-1.0861668912678364,-0.07768793773659545,-1.0185225597971195,-0.4173604498114952,1.6642018201251492,0
311,-1.043482626675494,-1.0277239304685908,-1.04117285397188,-1.019021583226497,-0.07084786512207657,-1.0527254723317132,-1.0808613786636447,-1.5232047398965527,-1.0189685116916607,-0.43593677252754504,0.8804797522562655,2
312,-1.022863913667234,-1.0308617691163247,-1.0307563339411001,-1.0423961923589986,-0.45752476545574505,-1.0447677405785254,-1.0747612484269289,1.314432919215395,-1.0423432752680952,-0.4342727321899075,1.1599653047348923,0
313,-1.0275651871332983,-1.0262130874184134,-1.0268151236121468,-1.0217764084554708,-0.11119950014538427,-1.0366302160912686,-1.0692807616011315,-0.3476366065708072,-1.0217242593109728,-0.5848376854043524,1.0307007692272059,1
314,-1.0288873715793039,-1.0367424601844413,-1.018394108174904,-1.0264775016828631,-0.5062292004938767,-1.0305077456647516,-1.0641295531336328,-0.13422412794378952,-1.0264256018524178,-0.7438254340709282,0.796886366863992,2
315,-1.015783444009733,-1.0220893648670784,-1.0130367527240123,-1.027800601001718,-0.3128447956724152,-1.0233484331571112,-1.0597368783468772,0.7913746385515213,-1.0277478057251586,-0.9682473722363889,1.263894969595506,2
316,-0.9974254490903597,-1.0098637717965155,-1.0050917902792993,-1.0146980952364186,-0.10997201346175683,-1.020167569523593,-1.0546835404804789,1.0977685684774834,-1.0146436856207797,-0.8230709076873721,1.3736002736672346,1
317,-0.996101612186608,-1.0048893592901684,-0.990245390793661,-0.9963355556864382,-0.22866580806567538,-1.0167335474805306,-1.0495144689214249,0.030217145012438305,-0.996285420969068,-0.7285237431052103,1.3567627911240971,0
318,-1.0040727565692495,-1.0094610768728678,-0.9981317421061868,-0.9950147947700934,-0.418380357220336,-1.0110961646563688,-1.044995972856221,-0.5289714960277199,-0.994961564614302,-0.8246807588224693,1.0838361507021037,0
319,-1.007666135062683,-1.0155841465512212,-0.9966924568401181,-1.0029859724248618,-0.5947368077226979,-1.0089221992045736,-1.0405319142755722,-0.2690572237550369,-1.002932826116238,-0.841685826704783,1.0294941512556652,2
320,-0.9833851080123743,-0.9937877309939143,-0.9938628926954125,-1.0065797541170214,-0.23201641884386398,-1.0026024620794582,-1.0349742105358566,1.443774004624893,-1.0065262574068525,-0.8038309750640689,1.3750030430831157,2
321,-0.9537157592150057,-0.96338475564951,-0.9716657569867929,-0.9832694042854943,0.11260611470151556,-0.9918495426898583,-1.0288817440021942,1.692155018326744,-0.9822448735976369,-0.6330781872389379,1.482546788483175,2
322,-0.9486521921827237,-0.9441684806680548,-0.9460758640639326,-0.9526354584009666,0.5759962705495919,-0.9822467562560582,-1.0219626380493345,0.232004941289604,-0.9525750888712431,-0.5285573849259739,1.477914217869721,1
323,-0.9482344633358922,-0.9527981665440407,-0.9451134876587384,-0.9475696055607155,0.019457983341009972,-0.9752102342515899,-1.0152778675939576,-0.02657464792860399,-0.9475114474404344,-0.45090933177890463,1.1295378270973928,2
324,-0.9225582007358217,-0.9322405784070493,-0.9326736631626373,-0.9471474459609112,0.019818201369787194,-0.9646902207771675,-1.0075313008446627,1.364595324638172,-0.9470937124559512,-0.2919525199908728,1.35771147639286,1
325,-0.9218903583788185,-0.9271019798831748,-0.9106477328217534,-0.9214707263253704,0.14224708229977323,-0.9529344438928951,-1.0001107209819025,-0.014404444009759418,-0.9214170725969055,-0.31708654255534724,2.015973364784782,0
326,-0.9305817872680655,-0.9348904043689412,-0.935738179017333,-0.9208029409259163,0.21735477793529367,-0.9419079173629271,-0.9930387046994602,-0.5071163231948209,-0.9207492204273556,-0.5979892231891313,1.6231772035083336,1
327,-0.9307695438821586,-0.9341841526556859,-0.9250455938971973,-0.9294939412306611,0.2846511722798116,-0.9343815267224193,-0.9856907936163999,-0.05962916364511686,-0.9294407770189714,-0.8463506653223744,1.772525943041568,2
328,-0.9070370080897585,-0.9141559768961991,-0.9208953298003832,-0.9296536385327436,0.6867886468010242,-0.9277043671901147,-0.9778184875773105,1.2186018546216644,-0.9296285363917552,-0.7985652767594162,1.9397763513161062,0
329,-0.9190205069505866,-0.9128133124154157,-0.9062076780432435,-0.9060469975138503,0.32930625321784757,-0.923465704313828,-0.9707991020476393,-0.6650518754194241,-0.90589565189938,-0.8620463711686414,1.5142332689712183,0
330,-0.9695125693417369,-0.9293139764649933,-0.9785961984549498,-0.9180058997369619,1.144158093162223,-0.926509429883201,-0.96840134685583,-2.6947489125445836,-0.9178793268326595,-0.656934797855108,0.22472360316047724,1
331,-0.9708605383642711,-0.9740112702736448,-0.9729031524200329,-0.9683204647196034,0.10706113824478856,-0.9334188352625996,-0.9660467191864934,-0.1267275453482982,-0.9683721310990591,-0.5017732864713024,0.1855658942977535,2
332,-0.9514167851703746,-0.9611512607114869,-0.9604312487104253,-0.9696288476919953,-0.18252243957530265,-0.9376424414507158,-0.9616448706147566,1.06568296907425,-0.9697201199271787,-0.5083796302190967,0.5437533907282758,2
333,-0.9367282441576509,-0.9476379468162119,-0.9393823396330756,-0.9502587060898084,-0.2501139228320701,-0.9385216610575146,-0.9575265552047435,0.7639661472982495,-0.950276081047997,-0.5166311143233312,0.7461127205230366,2
334,-0.8904871137290843,-0.901545163994389,-0.9192831908275451,-0.9356141953520187,0.5144293102071265,-0.9327594629267357,-0.9509725834844368,2.4467697532550887,-0.935587324217885,-0.3208570998874808,0.9217787678858386,0
335,-0.9167576375487851,-0.898503699406326,-0.914622005027868,-0.8891461466048171,0.6022047294649554,-0.9341499498632475,-0.9456114408334567,-1.363173580343769,-0.8893455143726233,-0.35849234715206235,0.262352459325142,2
336,-0.9040478055624319,-0.9154120951372906,-0.9137846487986317,-0.9157102120461503,0.038008504916950354,-0.9320081805701913,-0.9402691406657663,0.613726505607834,-0.9156164241827252,-0.30117841554965713,0.3376965806519457,2
337,-0.8962478932164227,-0.9073026080575788,-0.8950208448035496,-0.9028059092775981,-0.21342402028680937,-0.9215280387759359,-0.9354316431473108,0.3490380932059359,-0.9029064054519744,-0.3463106043135344,0.4060645531835123,0
338,-0.920053511291027,-0.9090256091715572,-0.9024408429647836,-0.895110195438507,-0.12394889628806134,-0.914260350224888,-0.9317956341907001,-1.2509690150284196,-0.8951063785025672,-0.5901359429957979,-0.15524612244052388,2
339,-0.9055439345700492,-0.9200628038230727,-0.9059140201045834,-0.9190101656682541,-0.4294033223797062,-0.9076984706913486,-0.9270847778372285,0.7118355576199064,-0.9189123463509381,-0.7733202579043936,-0.0068620168864109085,2
340,-0.8994494209748974,-0.9128279312976348,-0.8959261633191078,-0.9044580062402591,-0.5191829224193396,-0.9023659233637662,-0.921910724349444,0.26264075378104723,-0.9044025564420781,-0.9235100734998349,0.1566372546154807,0
341,-0.9043498623670374,-0.9121571825840544,-0.89484694503547,-0.8984254266236762,-0.445348726195859,-0.9043489195232711,-0.918131894139746,-0.2981858616540911,-0.8983079533007962,-0.9816431106688386,0.09993249481897057,0
342,-0.9321416450234752,-0.9161936525211365,-0.91630914342675,-0.9032655456749625,-0.22439048170345768,-0.9065495240741308,-0.9171003933986683,-1.4706795184261336,-0.9032084666946728,-0.8630538446790027,-0.4494896806193908,2
343,-0.924710012505707,-0.9368614965135195,-0.9271635827604865,-0.9310626039917655,-0.09870211810731377,-0.9095051483940609,-0.9159556707991395,0.3484582463701621,-0.9310006576932283,-0.8316847237549208,-0.2451183239520815,0
344,-0.9339344057857389,-0.939157090989036,-0.9264651307936864,-0.9236423227896516,-0.5075102735475788,-0.9148960136287869,-0.9152719569822252,-0.5374829071711967,-0.923568915983164,-0.8234659441181115,0.2701304144549546,0
345,-0.9405141183892795,-0.9481152103239519,-0.9374212599662854,-0.9328810081409372,-0.39820399698024994,-0.9178228001093477,-0.9161304646457076,-0.4031090492074513,-0.9327934447963618,-0.7467011976514667,0.1944620881208881,2
346,-0.9167366232748067,-0.9276388245495386,-0.9235769872156212,-0.9396689853043486,-0.6823329362283046,-0.919423857684272,-0.9158840544556107,1.242479055815383,-0.939373254075017,-0.7802451735094272,0.24041043679108431,2
347,-0.9059221915016629,-0.9131098668832881,-0.9012353365520847,-0.9155498911700651,-0.5119637624503169,-0.9203497548083671,-0.91470503078484,0.5147858782717413,-0.9155954095999859,-0.8223121157339667,0.19941815016879752,2
348,-0.9025934556751875,-0.9155136902263256,-0.8921993321610482,-0.9047672989455809,-0.6490958011098662,-0.9200985097042805,-0.9133578767089813,0.12104733988464034,-0.9047808189313862,-0.8107583831396058,-0.3694493988935418,2
349,-0.8971521305664605,-0.9085977918830875,-0.8900202279581932,-0.9014970898034043,-0.45246110402334405,-0.9150934364245673,-0.912885261314429,0.22783742026995993,-0.9014520341961002,-0.7524205377789646,0.1547470401700688,2
350,-0.8366981798853549,-0.8477785122134321,-0.8829286296506422,-0.896008890291148,0.36149466142481446,-0.902503788394787,-0.9089492692907859,3.0057085573940707,-0.8960106291384816,-0.2297140872822162,0.717357518591904,2
351,-0.7889816229386692,-0.7791016447749067,-0.8200751799713221,-0.8356817846199135,1.6040384605901516,-0.8817690250947917,-0.900317730431344,2.1476918159602567,-0.8355557902130143,0.3158277381487454,1.0240218432382486,2
352,-0.7783564443451244,-0.7918088931602628,-0.782255308790911,-0.7878409377058446,0.176233748833726,-0.8585731890263619,-0.8911137318857535,0.4076123567083507,-0.7878385321713268,0.5038673620488076,1.4998510612629696,2
353,-0.7549901929602909,-0.7651635847849056,-0.768406091023145,-0.7774305568035512,0.08868079377596373,-0.8354361792958968,-0.8817221910033186,0.9414108899315493,-0.7772131974630059,0.6784909992392328,1.541086043949669,0
354,-0.7675226195773001,-0.761270048204646,-0.7579788250898168,-0.7541589620962899,0.059041824735996375,-0.8156388197122595,-0.873632138007415,-0.5648277248170005,-0.7538466027599804,0.5832408803268996,1.2893534900099017,0
355,-0.7890480330329931,-0.7659772668553085,-0.7900600673212572,-0.7665246216413399,0.4280089564553325,-0.7993967206228773,-0.8687821364739411,-0.9493402695296947,-0.7663792135147862,0.21978606760944672,1.024597850271344,2
356,-0.7577615204927184,-0.7744710216962072,-0.7812557813597982,-0.7882482562443854,0.3505581399584537,-0.7794575980385922,-0.8611802200700592,1.2968120107737087,-0.7879049432414081,-0.41648612358077447,1.6204968321273372,0
357,-0.7750557067649885,-0.7670934615094462,-0.7691794790183337,-0.7567064489693777,0.6718888114748709,-0.7706399536700421,-0.85501285466532,-0.7631864102208628,-0.7566179710112695,-0.8326284696589736,1.3108662185495654,2
358,-0.7592646334726965,-0.7751492026986468,-0.7699925539456471,-0.7740035811571045,0.2081553691586529,-0.7663890884540534,-0.8484634161722034,0.617153061785929,-0.7739124113854349,-0.8677285272606476,1.5212893383326052,2
359,-0.729609751475218,-0.7455316544422051,-0.7477227962230519,-0.7582518524201827,0.2536577638986753,-0.7594161203022004,-0.8393579262485078,1.176438175066825,-0.7581211060763489,-0.6911358199386195,1.7235278568547951,2
360,-0.6730277275423296,-0.6823829971658547,-0.7133475732376228,-0.7281304843658457,0.5422645013995957,-0.7476918036899525,-0.8282408700517887,2.2016063388421143,-0.7284657883624047,-0.09540669664119769,1.8114880460474394,0
361,-0.6782874070127792,-0.6329838285836545,-0.6679015347214262,-0.6718637184555649,1.3783449448505483,-0.734927157339546,-0.8176666801093933,-0.24483549816138345,-0.6718829330750198,0.1224836313412117,1.710253512279969,2
362,-0.6523465017457506,-0.661279412205144,-0.6586547331270122,-0.6769257674943998,0.5756250505216969,-0.7153726938907254,-0.8056179048536756,0.9193504993392075,-0.6771426898254582,0.22135368434153138,1.7688649425155034,2
363,-0.6434827183957419,-0.6618577794109198,-0.6658069395928878,-0.6513526235007017,0.4009754041365106,-0.6990256885752927,-0.7918165550465949,0.2715504798314923,-0.6512014034110839,0.32231484013720774,1.777106565996822,2
364,-0.5962785480641353,-0.61257654466847,-0.6212466931144629,-0.6424680034681294,0.6783979037569231,-0.6734525191866182,-0.7761136021486387,1.6433335166067864,-0.6423374898263181,0.37414752028191134,1.7443131106698777,2
365,-0.5911457648772059,-0.6029173946496629,-0.5939188802709445,-0.5951686682179748,0.46957747924728,-0.6494039643529504,-0.7597242044662533,0.12504632557780038,-0.5951326259281593,0.1937127859273004,1.6199994900291625,2
366,-0.5792552401484313,-0.5917294043853415,-0.5743913881219118,-0.5903018601993744,0.19200904377542952,-0.6278965110828982,-0.7424517084871303,0.3527391045050244,-0.5899997673257166,-0.02479669990077154,1.62418205617208,2
367,-0.49135727122031897,-0.4799441559333018,-0.565056146798562,-0.5780915329383881,1.442178892036189,-0.6019094700861538,-0.7221134868114689,2.8868845828392113,-0.5781090678905508,0.5926662437048122,1.8002474605687986,2
368,-0.4704530571633624,-0.43423484236229226,-0.4689388984262673,-0.4901980289739365,1.939748192319542,-0.5721798162975638,-0.701292852842507,0.5889203118671172,-0.49020980748562976,0.8323156542412733,2.003307409843164,0
369,-0.4963172010913181,-0.47097799007077806,-0.5770151000803416,-0.4684384765083375,2.0548471698664215,-0.5498606130826332,-0.6818679877488535,-0.8238407046113232,-0.4693052862849702,0.7122805559868383,1.9473595869244444,2
370,-0.43180874267027664,-0.43961164267291264,-0.5283766092413544,-0.49506265448352765,1.4275235665574468,-0.5195817202098623,-0.6596190070857687,1.9303868829468858,-0.4951698102324243,0.7098587625067152,2.0027587404550795,2
371,-0.34139436120090677,-0.3628096864904584,-0.421492093311156,-0.43004103429062907,1.784218192631693,-0.48312182492729566,-0.6359375594260442,2.5605745505443775,-0.4306604039945102,1.2974706219840326,2.2963653514131996,2
372,-0.2600872044038369,-0.25900690054489944,-0.3248547939736565,-0.33999856959819297,2.2206449785491134,-0.4357655703247562,-0.6106500792622126,2.1171449817313706,-0.3402446940749125,1.9216487196922474,2.3379108213976894,2
373,-0.21454160279413267,-0.20345625374221837,-0.3135768583035104,-0.25865209380252296,2.3747733317501822,-0.3835951269963233,-0.5836929851387933,1.0856302195259206,-0.25893634263923304,2.1767976896436116,2.3465666342237275,0
374,-0.23187981303503433,-0.21950741787549724,-0.24404066179470887,-0.21373481124254914,1.171217440884278,-0.3464781874558621,-0.5586820512126998,-0.4666448902093674,-0.21339007183217484,2.2473660857474083,2.1414774498196985,0
375,-0.2924801153512368,-0.22001563901617163,-0.34129760981365553,-0.23079729253307318,2.0003565140630775,-0.3210200572303005,-0.535969336762297,-1.5269170661972318,-0.23072853682181194,1.895824164682602,1.6601133172823619,0
376,-0.38154883500322745,-0.31667925083334014,-0.517716483720656,-0.29170401023978487,3.9971096891115234,-0.30460302225916513,-0.5164860003423336,-2.3283718857928353,-0.29132972953270725,1.1470804376082067,0.985965737505604,0
377,-0.4340266527500053,-0.37259573823474695,-0.44798102838171455,-0.3820628763811733,1.760437845988385,-0.3049202830914208,-0.5010076009501393,-1.4975267480334116,-0.3803997578632399,1.1640346021868295,0.6646040496512557,2
378,-0.3256865343648799,-0.3401581584591487,-0.45165897994765264,-0.43318559327126877,1.511236026969261,-0.30267335781682325,-0.4795223788810832,3.084477806236365,-0.43287834666178854,1.1383874841206156,0.8242337406657139,2
379,-0.2659526187627954,-0.2657357631891583,-0.31260547943128464,-0.32431493514236204,1.2463990211635971,-0.30351237570941325,-0.45593616327851705,1.5212548252680558,-0.32453663644522424,1.1227573636196548,0.9465770152644747,0
380,-0.3413623097563223,-0.2779598513747869,-0.3843078470212902,-0.2658375370352331,1.4373568612261873,-0.32165343715542466,-0.4373732911114734,-1.9380062394705486,-0.2648018431781876,0.8052090287145569,0.5833651906477164,0
381,-0.3620261379788953,-0.3318428399747475,-0.3526933383270725,-0.3403889269238613,0.9741224795875791,-0.34027021145304054,-0.42250369473949445,-0.6002519211189504,-0.34021264215939906,0.42464123586016184,0.2677631917437144,0
382,-0.3743774178127958,-0.36775811669773545,-0.4034677595657567,-0.3613968856440481,0.7278060772457069,-0.3519852068335716,-0.4079731616989406,-0.38462619516356716,-0.36087677399370804,0.30728286019400486,0.15519999931418157,2
383,-0.3475973757952356,-0.34961411829988587,-0.37702865505214694,-0.3732548935935285,0.596585956776642,-0.34712862211308454,-0.39340250788344555,0.6846579324733228,-0.3732282353038321,0.26823576670449584,0.3404018704359164,0
384,-0.3654849502905909,-0.33525432198502736,-0.33853283807251444,-0.34611707771234307,0.9528375555667161,-0.33732407784176793,-0.38011088898902995,-0.5288112691133895,-0.34644779980956675,-0.15334277098215732,0.06431127688699836,0
385,-0.38215244975726964,-0.37857731801733735,-0.41966002787259843,-0.3650217213215404,1.394685657405805,-0.3454012417787583,-0.3698730999828734,-0.5030610430210106,-0.3643356371254162,-0.08309964387914288,-0.3528483365639614,0
386,-0.53291209383788,-0.4045431554888826,-0.5274170223329868,-0.381008038598265,1.8005108207839464,-0.38358844603693965,-0.3670888338804752,-4.211455601362324,-0.3810033814861384,0.7183998737980215,-1.210659956677854,2
387,-0.46330982528995834,-0.4592905008560138,-0.5695293585507158,-0.5320793167871346,1.8725769015319185,-0.40103242206794937,-0.36154525604041576,2.1661702437260506,-0.5317652406643943,0.7817955741755757,-1.0911612547695537,0
388,-0.4932609025438108,-0.47347007952200376,-0.48708888632417613,-0.4628573644696841,0.5432822637189858,-0.41980489215467404,-0.36163627239007845,-0.9401050677930763,-0.4621619494567143,0.9133122296904708,-1.1219473352897804,2
389,-0.48618158648888743,-0.4865833397202505,-0.4996336973372074,-0.4922742809732103,0.5566013457717248,-0.43579791366083803,-0.3623882842461068,0.16704068231794544,-0.49211346677900225,0.9100078322479588,-0.9295526594479943,1
390,-0.48372279171960664,-0.42812795787496705,-0.46778753361106745,-0.4852049472197964,1.0750601529293664,-0.4552699667174743,-0.36178612081612666,0.025127671818222203,-0.4850340467083364,0.5811657612000576,-0.6296065095148702,2
391,-0.4772270738550842,-0.49128361747305266,-0.502114257390306,-0.4828802009804605,1.0915708286793355,-0.4712541129838695,-0.36395766036856103,0.14734672684710415,-0.48257521581220914,0.12077562877613016,-0.3866837902563577,0
392,-0.5454641628771539,-0.4985332931523343,-0.5560986921022577,-0.4763218861222307,1.1985196839057661,-0.49461502851199785,-0.3737146380962156,-2.1055789917424486,-0.47607940250669895,-0.344897085417454,-1.2889573088159874,2
393,-0.4486128037393678,-0.4578293497206062,-0.5348029759534045,-0.544102509489921,1.8407819162900778,-0.4825564409345907,-0.3827284170027474,3.073469441573621,-0.5443174941300694,-0.33589677095039666,-1.0456214339933851,2
394,-0.4214658537452803,-0.3148007858920658,-0.4685332168309551,-0.4203014319430026,3.747123127257858,-0.47657087219648636,-0.39262187155240674,0.7464319926019645,-0.44746471196413196,-0.09641124382452101,-0.5947745661397532,1
395,-0.42296204510979357,-0.4271226947388446,-0.4401189583711117,-0.4210273967969053,1.316697500000902,-0.46651497578301565,-0.40175788808787505,-0.09238498576317389,-0.4203173631023939,0.04181990401321817,-0.5076787728183566,0
396,-0.4598426571541882,-0.4443056551904781,-0.4618672703800888,-0.42182731752752417,0.7459901673355459,-0.46274732500319943,-0.4097598196789379,-1.1056970396150696,-0.4218135764503099,0.025113484383307957,-0.6180671467674597,2
397,-0.4463435115772703,-0.43330218224626615,-0.4581651643075381,-0.4587445197777061,1.1443223363770507,-0.45740040781504676,-0.4128577803326482,0.3504413816832922,-0.4586947303781602,0.01604320912778692,-0.6977614794954736,2
398,-0.3833484550240599,-0.3937183031727926,-0.42229762391750636,-0.4453792087489835,1.222100424246119,-0.44397154565621927,-0.41043475623781334,1.7936926137866207,-0.44519538645953244,0.24916934070160013,-0.26974026153732467,2
399,-0.32071456961293754,-0.34392491616167664,-0.3588467147360419,-0.3822397219683291,1.1335607179937917,-0.4118222517511803,-0.41019703684499326,1.6812899576921945,-0.38219940432572447,0.19790389525350632,0.09006288364120282,0
400,-0.3381473129082946,-0.3089539700909401,-0.3304927474462472,-0.31952601151669446,1.4869910124135919,-0.39602072134788596,-0.41364880686214656,-0.506131920970502,-0.3195645986406591,0.34232938311571504,0.9148591091696487,2
401,-0.29925282254814095,-0.32047278934531137,-0.31941552875230955,-0.3368802007256652,1.015213127691382,-0.3785387646425695,-0.4116354696342062,0.9840404340331455,-0.3369975980737171,0.6503056889753422,0.8018305661728554,2
402,-0.2634405088473673,-0.2380561996087401,-0.27138749393477263,-0.29834943838618705,1.6016163289734877,-0.35572001476632403,-0.40692189722024774,0.8717340580789752,-0.2981025362403781,0.9578792646212164,1.1800260925790504,0
403,-0.27501619360784035,-0.27657216319372385,-0.29385714446405936,-0.2628528624288768,1.3332287106505059,-0.32928152287995605,-0.40217124208363786,-0.33889623259436163,-0.2622896963525585,0.6692543999709065,1.0576340630006702,2
404,-0.042173797656732896,-0.06957173931782522,-0.2734020178248552,-0.2744539578892592,2.9902818865940914,-0.27146708712668943,-0.38756834138534796,5.823781437302138,-0.2738655511935078,2.0235088804023054,1.573075327867514,2
405,-0.03308615304980156,-0.012970007168368663,-0.04324279017823481,-0.041445554609395106,2.545347045545863,-0.2213638343177385,-0.3716757025199327,0.1434449921160347,-0.041019734110397624,2.6188836740015886,1.5769857757817898,0
406,-0.08298513900234702,-0.03995818361325015,-0.08497962208450374,-0.03235372093573715,2.3376194893226696,-0.18735784025307975,-0.35737192624386716,-1.1030866616829587,-0.03193195597953622,2.6701025799409446,1.6979283373290996,2
407,0.012512451921569637,0.0014885587372808328,-0.07502720458825758,-0.0825126418473134,2.065233483936937,-0.13719773239057514,-0.3312941082552271,2.0367372276350095,-0.08183167509331311,2.705670005607665,1.6960710458329298,0
408,-0.0004012871149610617,0.010365537133493353,-0.002408106904766563,0.012576282533891012,1.8425272853166985,-0.09444853001351737,-0.30916154253597355,-0.3141115580505472,0.013667318967962425,2.3493746975832273,1.568602346640816,0
409,-0.013150778087220358,-0.011585513028798846,-0.003469383651996604,0.00025782754084266766,1.552062297633201,-0.058645848465785314,-0.2862065352165853,-0.3129708092288798,0.0007533901910465541,1.693547611768221,1.4940570160488962,2
410,0.03830787855004656,0.03369776454611239,0.01997380126979101,-0.011768919533758934,1.5980522698294342,-0.013826422823997805,-0.2611296645245999,1.022415638907039,-0.011996288108316147,-0.06259637658547398,1.8137162458863392,0
411,0.01365308426464196,0.014448750639351528,-0.004923725861163698,0.038740449967315106,1.8662480178950047,-0.005840669396705947,-0.2373491477387309,-0.5462285257983396,0.03946312460628076,-0.0693190053532849,1.632075745071021,2
412,0.05371514514697394,0.0605382779958064,0.022791193064707557,0.014728859991091,1.8653118214853217,0.006575817799274818,-0.21196375821552677,0.7703813474359765,0.01480796807024132,0.06829705103189627,1.5984335593808283,2
413,0.14787143923623688,0.12950009078985372,0.08352551272294574,0.05504691013700795,2.0390476937469586,0.039598685053048636,-0.17881402233082871,1.8284177303705764,0.054870617580765425,0.3665471714824414,1.6441298961194988,0
414,0.13289106794986458,0.12761916889358457,0.14660706716549965,0.14871096792212257,0.7137480859588128,0.056818237935735205,-0.15101118095982563,-0.3314962989040066,0.14902829509983567,0.6491879625882431,1.659916244427292,2
415,0.2672494765100524,0.24207936567233787,0.14405936899559602,0.1338651674962725,1.2408476595851878,0.09510432752866639,-0.11808234934045501,2.5016810275332495,0.1340477037082398,1.6500513502995628,1.7754514379982471,1
416,0.27399836337265443,0.2858430165829653,0.2638119605824414,0.268321066954529,1.455080867339604,0.13617956156711172,-0.08475930434916959,0.06890308411480338,0.26840808638422153,1.9064352999271281,1.7432301676921462,2
417,0.31998644951693345,0.31179927193003076,0.2977663499329773,0.2741072101252586,0.7065084025160171,0.17647225813328452,-0.04747414425851585,0.7548531254004788,0.27515707240760034,2.2364441982971006,1.860688021816276,0
418,0.21358662831019412,0.28672874885859073,0.0801233409569151,0.32085380937945085,2.556522894954908,0.20507174156567506,-0.0159215890847466,-1.8642186272100143,0.321145834250618,1.5505633575718796,0.8539571140343272,0
419,0.041728403727549795,0.18205190117363165,-0.03922984540247811,0.21460690122415788,3.2038381594490977,0.2033570987613888,0.004402169792427774,-3.160788858550865,0.21474444972104853,1.6450217211947098,0.06235903644773847,2
420,0.06985286042456769,0.09038450733838903,0.02318704802347126,0.043163959227420924,1.2500631915888187,0.1921969352040688,0.02307596515421717,0.5156775437819789,0.04288370004124721,1.964557157400565,0.332204433410632,0
421,-0.013523173470602596,0.11110413165728744,0.01930330766891258,0.07106802284308124,0.8267094242820351,0.1712531176382848,0.038596882371442404,-1.6956845714573596,0.07100856996833203,2.6768621272699744,-0.2730857537558614,0
422,-0.037598796905227855,-0.0014262498208001868,-0.06635782883696013,-0.00966311012675883,14.485284767774525,0.12764611218777974,0.05110707486233947,-0.551279933350515,-0.012368688963269654,3.014956189154864,-0.3096324852514388,1
423,-0.04242958564444789,-0.005122001523978397,-0.03992975551534667,-0.03634422040839231,0.43069184097972973,0.08238269264174222,0.06167404085900548,-0.1518998230042799,-0.03644466613882547,2.8553881951662308,-0.28380590370733777,0
424,-0.07597447789000637,-0.05345411455193699,-0.1057386770825025,-0.041157463420163826,0.7777496759677942,0.025742482329316006,0.07119061592881437,-0.762299726067995,-0.0412755258563821,1.6727668423145905,-0.5824959904893937,2
425,0.06748741392871674,0.043018469014385795,-0.04492637830842842,-0.07418630761932714,0.7983628824233602,0.004843727789975799,0.07643373367694818,3.0693662821881205,-0.0748209109739707,0.4854026188012716,-0.020049205262746037,0
426,0.02750704058024791,0.053821085887772846,0.023685100002338595,0.0679718532050484,0.5053262764548678,0.0028094336365915218,0.07933081318523225,-0.8401063409257481,0.06864308871719232,0.44353959232802237,-0.2636503689555466,2
427,0.0964449587573466,0.12953854213552235,0.05762085044226006,0.029777945541809896,0.7674721374831118,0.006613298962599778,0.08790971831049742,1.3487495385542874,0.028662127940758828,0.6233726870058198,-0.34475803333589733,0
428,0.033323442418888516,0.10437784881577312,0.03758059805836491,0.09703177359204876,0.7270671899879068,0.013314470701394129,0.0889047326100404,-1.2752630906143747,0.09760105901637675,0.6359312301409596,-0.47965055760513786,2
429,0.04501299087160138,0.03082926958968335,0.00140716398222889,0.03332870062778561,0.5557765774985335,0.025131669596769688,0.09107607837111176,0.18662411099670465,0.03447861523925905,0.5567863085658012,-0.9413558976491737,1
430,0.0445365841855598,0.022991828851770726,0.024616157965888202,0.04521190096697371,-0.10131939648545614,0.03757174084697023,0.09383422437918991,-0.05915440113229114,0.046168335445436935,0.3557497369937342,-0.9719226945545334,2
431,0.11778635701271124,0.09334796360536708,0.07853649764848213,0.04583285595882763,0.3029116836468975,0.06528824942035862,0.09763424641977757,1.420009025933088,0.04569192175959554,-0.23228723818112496,-0.8561080896731967,2
432,0.15098479434365625,0.12258621943448644,0.09760245486801461,0.11784218406819122,0.5544634863698695,0.07723212786869443,0.1042003450072964,0.5866174717073036,0.11894277083895177,0.1852181613693354,-0.41154055520019855,2
433,0.23327893609186037,0.20152474368041878,0.17796519574228617,0.15292520574693397,0.6611109749101821,0.10666675798356479,0.11278564226613337,1.4961023249169165,0.15214169595149654,0.8963902234983387,0.6030770848980724,2
434,0.27109402858089104,0.2780759676056537,0.22045671333547423,0.2343723263866341,0.9552048341551741,0.13164942511301297,0.11867715610063541,0.6272744980485466,0.23443704683998984,1.5979362614874386,0.6314450251079627,2
435,0.3284526452975441,0.3042669850024723,0.2592038386201258,0.2707425295216782,0.9310983843418942,0.17386616662298035,0.1280273389248117,0.955383182735347,0.27225269494271176,2.046674645385006,1.2551119199518965,0
436,0.31335030392244173,0.3012968949570083,0.28815957645261514,0.3300641221136152,0.8812300775335514,0.21225046364290034,0.13023150996136099,-0.30598386401559946,0.32961215442426794,1.9230429699417662,1.312795450818304,2
437,0.4382156233373942,0.417257062760087,0.31546862359020883,0.31480788527921094,1.1106634594794755,0.2685642613682943,0.13808305945477573,2.0876647995331816,0.3145095911518467,2.0085905880828627,1.5525101971361603,0
438,0.3762531969832477,0.4145541665703075,0.4155851862424027,0.43861314077194724,0.33809993701596835,0.30553663707867307,0.14077328308084353,-1.042453334974205,0.4393767452015036,1.5555915650902439,1.392778846959541,0
439,0.26785820452957304,0.381314882379906,0.28869566702457317,0.3762372827149565,1.3755564027105533,0.3222547879735404,0.14336811365385152,-1.8433068669398014,0.37741340843910054,0.8512055737206732,0.5461650953897587,2
440,0.2965189305328681,0.26470779832669644,0.22903048542280377,0.266834840676577,1.068275760083637,0.3313009496964978,0.1555501487949491,0.45347677106502987,0.26901682334772725,0.5764777743246469,0.8107211403116837,2
441,0.3624793069222069,0.33190293763173284,0.2606332021531634,0.29828429664179007,1.091704056116064,0.3443731520943676,0.1695411935137056,1.0898931704377384,0.2976779704604451,0.44556871299411327,0.8035450394180741,0
442,0.33017032835692905,0.3679571551596767,0.2517051639688493,0.3642853645206747,0.8838145474711756,0.34461885797845765,0.18597385437251782,-0.58816241353144,0.3636393159995543,0.4438882081893484,0.9642046606439657,2
443,0.34574196773192,0.3485255894968022,0.32928766407412285,0.3309971135364027,0.5759535851887603,0.3492523218471103,0.20430212867838746,0.21450672084296085,0.33132986272141285,0.4055444221018842,0.9730943484900075,1
444,0.3446881361881893,0.3652850937550819,0.38023604847854175,0.34638018532294906,0.6357485029686115,0.33587368730148637,0.2228109867204692,-0.06732349257469249,0.3469017308890753,-0.11686392550363277,0.9699691011536236,0
445,0.31945891017610734,0.3255528145999224,0.30857565013624627,0.3456666919490996,0.7086198532960118,0.32774955149251406,0.24171743308558627,-0.47416775980546555,0.3458478838614942,-0.2758605298874192,0.6453655988249531,0
446,0.2238614235046725,0.31623075880640183,0.25282755605564505,0.32037976842262483,0.9195394379981178,0.32145603423403196,0.24919398138466864,-1.6804561316966635,0.3206182871587046,0.13615837335153244,0.09091554169571472,1
447,0.23055967656765866,0.23804725683037153,0.22629310146868795,0.2243998815064125,0.9155573842047107,0.3120208961735519,0.25890232642443994,0.07094520004766208,0.22501939588215186,0.4470602312409593,-0.19528322440318494,0
448,0.16783387709171627,0.2782058176771289,0.1952499324426923,0.2307478648535434,1.5666564232939781,0.28417785076462654,0.26231557071863904,-1.1741106452552335,0.23171774736195694,0.8821221000638128,-0.6013852468748903,0
449,0.13366890787155078,0.15649821790246415,0.14143965108944073,0.16741294998045372,1.4483706068669417,0.2560693152687899,0.26711328436098414,-0.6848905319287872,0.16899102626158655,1.3058237277759788,-0.9983627524658226,2
450,0.2432782385194629,0.21137443055907265,0.16491719754032025,0.13408965413723195,0.9255630326993702,0.2414123964409771,0.2765927349684634,2.030749560119687,0.13482555505865673,0.994735029300508,-0.44105522655799495,2
451,0.2699753458652384,0.2563749126140824,0.25135888597641376,0.24438318342541993,0.49314688434957227,0.23072510922647105,0.287371404612825,0.42555299250590295,0.24443649618642732,0.5909228516227134,-0.891190359977948,1
452,0.2692485138845446,0.2576988428130304,0.2782420276667021,0.2711180457860831,0.5124989163503597,0.22354276569462656,0.29461310759407017,-0.062342002673396235,0.27113399579035646,0.27938468243646897,-0.6786568479984727,2
453,0.32669916937980986,0.3121617956395135,0.28045663455644165,0.270254645221993,0.9704090354561496,0.2382531857165429,0.30301435672340693,0.9580357461959392,0.2704071531303869,0.6987425360810728,0.11283035988217291,2
454,0.3639733781522535,0.3469168982139569,0.3490181555149496,0.3277945621735152,0.8224500879986607,0.2573373417361711,0.30926311450058414,0.5837876845043521,0.3278586527428727,1.176547165788074,0.15113462181293083,1
455,0.3640097945795635,0.3621006343863216,0.3644321542071559,0.3654730235661507,1.334158678214809,0.2853993156726179,0.3137055996304285,-0.04899263297831496,0.36513340918185266,1.1572633642138537,-0.17529060240766373,1
456,0.36966007764705033,0.3512835214784652,0.3897136175377059,0.3653544197908438,1.1567047976046299,0.3191566603063287,0.3156758078451933,0.04450960697644787,0.3651698261442259,0.3464938003503697,0.05019468231821084,1
457,0.37887106419442546,0.37270399220963035,0.4015290385282234,0.37085596378675706,1.0211930099021198,0.33855252901837724,0.31880848398552186,0.10335578211169265,0.3708201922308045,0.1621785825932053,0.015137055153013005,0
458,0.3220280142945514,0.3677690752548248,0.36045496570890445,0.3803871677026929,1.0632790595914023,0.34599840027256096,0.31325332636617476,-0.988932540856051,0.3800313141143615,-0.09083333119838341,-0.3056272416010542,2
459,0.3588926629735499,0.33013958103196483,0.34632806621157647,0.3231557951676894,0.653621303426068,0.35882154292689056,0.3124232851632066,0.5784192490567935,0.3231874290247603,-0.5939039938981934,0.023408299630718332,2
460,0.3684491067252012,0.36088259894764946,0.3634066337374311,0.3600645168114351,1.1123424300131879,0.3647936605478378,0.3172327336179294,0.11000317878860828,0.3600526193526662,-0.6999232518105665,0.7203733446391214,0
461,0.34081589765549164,0.3479344461250533,0.36184806578319556,0.3731883799863257,1.3589086502523973,0.3614810999519421,0.31935065855375017,-0.5087629220355494,0.36960920351627047,-0.6588374156671264,0.47523655516910357,0
462,0.2723834444780072,0.3243969401226187,0.29554007787468994,0.34172670197066035,1.8006138330361212,0.3483744134566391,0.3150429985472172,-1.2036109834958684,0.34197558843435033,-0.13653420560312143,0.4336934496938413,2
463,0.3450172558856929,0.3120561465747371,0.30446849644493496,0.2751080463995362,0.7597801214053496,0.34484938229663176,0.3157528592911015,1.222103411490119,0.2735421297850977,-0.1855453703776613,0.9719532883093219,1
464,0.342496665432398,0.33087236785916396,0.36707583642695835,0.34619822642897136,0.4649815045965542,0.3396462083133767,0.31559769501889723,-0.09200929593888876,0.3461770083947234,-0.30527980833229934,0.49992806121415945,2
465,0.3919266028126392,0.40445104478394,0.3745689320845816,0.3438744155506395,0.9986458181373699,0.3496448482805405,0.3178562588189176,0.783209969312094,0.34365638090662376,-0.14159330213646845,0.6126046165955165,2
466,0.40507181064741415,0.3891633794152953,0.4151788072728839,0.3947166488543362,0.44770652466722183,0.356250542063069,0.32194957961521903,0.16614024374446487,0.39308704455640864,0.04544451458284429,0.6785434162619249,0
467,0.3951262598642315,0.4037079387457628,0.42491922301030466,0.40524345102292714,0.7033341934516979,0.3600665740494236,0.3301380875677169,-0.21170949285063656,0.40623244553251864,0.12666176203426346,0.3023098502385494,2
468,0.5103818827382814,0.48199242157207933,0.43401057355428807,0.39611470176831143,1.5397609848567275,0.38432213158591844,0.3435169364267036,1.838813361204854,0.3962867486202691,0.9316601463777662,0.6863790523401798,0
469,0.49781035834743087,0.5172408807094785,0.488699799998555,0.5121288989569492,1.8838418417942044,0.41656831278177947,0.3592937596108101,-0.24386870800850755,0.5115440649346321,0.7517424382090485,0.5910780082834906,1
470,0.5043335132462279,0.4844890563900454,0.5099338302289461,0.49780777369694157,1.123773334971445,0.4393576985481571,0.37701596186397934,0.05183298786572617,0.4989723558315248,0.7604873384182351,0.5947457135859118,0
471,0.4487419662506542,0.477351724977901,0.4454549914668611,0.5036602651415547,2.1990310461947176,0.4545555520900758,0.3868395859320546,-0.9112335917659904,0.5054956065744395,0.3509711546585576,0.18518862296891378,0
472,0.4203601002866233,0.44519362383296135,0.44996104320438335,0.4484718457540827,1.362628100424903,0.45862282026067785,0.39402977618762264,-0.5019404647649125,0.4499032427773562,0.22461639779556333,0.3645991487634319,0
473,0.27772306548922976,0.3975571976117804,0.20548129962160344,0.42203517648149397,2.8060698162788205,0.4404062256183229,0.3944349611320854,-2.3562055956221593,0.42152095980116755,1.2146083101914666,-0.5586749583728218,0
474,0.262017732929046,0.28630934664097835,0.25543852508538945,0.2780348533384452,1.326051795916278,0.4213657232905824,0.3913424147109152,-0.32375652647751674,0.2788818292508828,1.8993038948141316,-0.6704475967185995,2
475,0.2859233714649606,0.2719086420254564,0.22555794225955536,0.26175869886528186,1.4414372794339343,0.3892580671938254,0.38761069070944165,0.37138919156850175,0.2631762659336858,1.9321357259082959,-0.43634850087986216,0
476,0.20396932422796996,0.2623426106009522,0.23358915721410145,0.28695981860898995,0.8460618171189075,0.34722559171716705,0.37995884172484196,-1.4737087790604435,0.2870822557129585,2.1088552886345724,-0.49178651130586465,0
477,0.13552427495747763,0.21995743429015735,0.13258604175227406,0.20350192124029584,1.7616059039547596,0.294469293365608,0.3687643494808943,-1.2955999690689874,0.20512700433265613,2.060511824356918,-1.1330306241307808,0
478,0.11417738929525806,0.11650783562510089,0.03945463274463253,0.1359030073369821,2.308482501788361,0.2466115208173426,0.3561088253934085,-0.45430112374266846,0.13668094940532227,1.833861181509359,-1.1881257003858512,0
479,0.080884668337442,0.08652966779929751,0.07485575658571739,0.11685593942557607,0.5736785945294427,0.1980512752713414,0.34457928875276284,-0.6890342482765949,0.11533375009526638,1.2624441662286274,-1.58708937895372,0
480,0.0474697278633116,0.06572478714207952,0.021433722472611404,0.08204292528998731,0.44019041129724656,0.165114698539701,0.32968954702325387,-0.7047528731557396,0.08204053997054984,1.4603657257950402,-1.746748701918604,2
481,0.20766209961375295,0.18466450426735226,0.07639796794492396,0.05091286392893928,1.0007452879799,0.15733939979291525,0.3220020046510048,3.1583106833689296,0.048625108533758815,1.2220603308181321,-0.8491566693653781,2
482,0.23995162282745425,0.2201692238107091,0.22137521856330392,0.2090316507811296,0.5936613198614885,0.15076337339477944,0.31717948571420257,0.5369535465247419,0.20881983397604975,0.8922695653072283,-1.254752697495107,1
483,0.233297643160684,0.24565054975727973,0.23983598176676363,0.24116080240924767,0.5269651647341637,0.15495864125450848,0.3153107168430216,-0.16825019836221902,0.24110983161675892,1.027807274286528,-1.240045810623132,0
484,0.1927636652888281,0.2106992593265016,0.1921239208625,0.23546033830648422,0.43889189620489283,0.16314644687400304,0.3080311738621064,-0.7751319710926069,0.2344557541836747,1.0600016307450228,-1.3710946003864302,2
485,0.32669842109705693,0.2982808598531415,0.21522133497309331,0.19429285565413684,0.7294682475240497,0.19354650683925484,0.3072758287946353,2.4045812371318003,0.1939211807497936,1.6130594835816807,-0.6046359128769452,1
486,0.3291847152575085,0.3155030087369421,0.342549692759879,0.32666215178467534,0.28904252955791737,0.22906457416533768,0.304276016012744,-0.007350485986388018,0.32785790444912527,1.5807785870976203,-0.50843191725352,0
487,0.2909692914956523,0.2983398267730167,0.31299953851269263,0.3302124080114489,0.07439195917016059,0.26389595660865,0.29882055063330865,-0.6981055319834024,0.3303442351404693,0.40895426682102864,-0.12962139858098573,2
488,0.3091424605750483,0.33201276352000036,0.3275727575022846,0.2917215544081413,0.6980105947706606,0.27841220957600776,0.2947094964365949,0.2653133508356177,0.2921282498828911,0.3265063712044867,0.008474595903261897,0
489,0.18568964957007147,0.27668987644533727,0.2172281243492474,0.3106831926811822,1.4743964220925294,0.2706503084273452,0.27918532352447234,-2.167554711694735,0.3103016859789963,0.5967128823683503,-0.5417568892606961,2
490,0.3162849441656994,0.298615619971183,0.2100100477196698,0.18418796365574913,1.505569203510521,0.2825212225929592,0.27050623720877964,2.3533314478247034,0.18684706109317173,0.6101765324647634,0.19398848610436956,0
491,0.2834804777041799,0.3128291046161012,0.28834976941806856,0.3179347347581749,1.518560056261566,0.2954978043171396,0.2599468201310521,-0.6101998171919754,0.31744427451350476,0.23437551492316408,0.3358705539079497,2
492,0.31412652256482987,0.32048116809965616,0.28638076504438453,0.28513436807358805,1.4683755646683856,0.2936994577440194,0.25351059157076417,0.4836574528434972,0.28463932605896336,0.19685115997892486,0.5105183613997888,2
493,0.36033647454535706,0.3474638163957994,0.34004827487823575,0.31510782437449286,1.3278078529611792,0.2981555595347207,0.25064074422108285,0.7410206824570214,0.3152858211991443,0.35537515188478497,0.7715116149711727,0
494,0.3420915950354705,0.3394842408114375,0.32403897220416017,0.3637845098817341,1.3519362189594184,0.3054683467915682,0.2537183299490333,-0.35407294998509226,0.36149645213826453,0.44032315738378575,0.8421370746630519,0
495,0.266344802661742,0.34918540476065574,0.24579358621662634,0.34378162773904297,1.6223723579635303,0.2993463580363554,0.2539252156453058,-1.3260799840132271,0.34325130455803404,0.48009748584482187,0.04411950845458131,2
496,0.29331578149509535,0.2659457351008265,0.26323073088001575,0.26704099424185807,1.1400835105290668,0.31474173249228315,0.25427866127726706,0.4242187177974281,0.26750339924362115,-0.2641265906928284,0.024976767062805473,0
497,0.05214000995202495,0.2994961926413193,0.08606243329147366,0.29473092254500316,1.7808074851840605,0.2769571340855609,0.24701940377994439,-4.223380490566323,0.2944747743590968,1.8076203007357599,-0.7195551413240813,2
498,0.07019956476676548,0.09166470373842958,0.015608365531393985,0.071909348887477,2.7716208509020066,0.2464483769626991,0.24389610117877145,0.310973563619863,0.053295459242499246,2.5480113607414308,-0.554993230842865,1
499,0.07544652343041502,0.0950383486417895,0.07691022099854515,0.07023467854591957,0.8834209289763834,0.21230640887287977,0.24204430246817357,0.053968414952625124,0.07135527940462498,2.8223301998537544,-1.065804196091217,0
500,-0.02417597616911032,0.0699277772039342,0.005355062763800523,0.07574258299666002,1.0411508046488784,0.15730384531480648,0.23702114686120287,-2.009528624569502,0.07660231516135772,2.998749638384463,-1.2911124681648953,0
501,-0.03388581788511533,0.04100659141689379,-0.08231146836981297,-0.024471745542050057,1.2662966766242905,0.1035221757950309,0.23313137854973112,-0.25337376494122477,-0.023021648182431964,2.627539906870276,-1.2348908914756354,0
502,-0.12706547826799305,-0.05637481980200553,-0.13931255370682127,-0.034073413320287016,1.7664438198454642,0.04724682257556999,0.2171273961113825,-2.0179063291490844,-0.03273163256425219,2.6597461694596123,-1.483921287363877,0
503,-0.1471189571917474,-0.08188317225351896,-0.13410139324870807,-0.12755052361940264,0.9041472408665141,-0.015755141763409607,0.19862079201192212,-0.5016010486842198,-0.1259126620273476,1.4731788440191969,-1.2966631168837135,0
504,-0.33570890884403154,-0.15315734824092234,-0.5134351766706446,-0.14488949762270836,4.1370549035621655,-0.07123497022506681,0.17141547202240554,-4.362606456550991,-0.1459664355950315,3.0185208862900597,-2.2243852879607737,2
505,-0.2150163882008762,-0.1872208179843295,-0.3716152560741016,-0.3425593385975375,2.3828093927337304,-0.11203367141596417,0.15191870735169277,3.151241698153064,-0.3345591581822064,2.791054751345389,-1.6060738555508123,0
506,-0.32605905446205424,-0.19636658725697315,-0.41816764707034065,-0.2198549406491062,2.0957656463591565,-0.16946701596935176,0.12070909133660765,-2.721544745541025,-0.21386486421489687,2.5079530960201124,-1.8736542177357907,2
507,-0.3186539236251195,-0.3014414616510898,-0.36080405394117815,-0.3228487879472958,0.9589687169239156,-0.21159059868118402,0.08973465455678505,0.14519832392805657,-0.3249091620158023,2.2415460124948217,-2.043225560031719,0
508,-0.4069648822759613,-0.31848167301752545,-0.4957173071902459,-0.31772712523380614,1.930719879925094,-0.2649576740859335,0.056365051935902945,-2.3583305000069164,-0.3175039223759582,1.8946638289823132,-2.105125249250467,2
509,-0.28132047580140107,-0.26986393897142136,-0.3878299671508668,-0.40811517463851926,1.4188739734262388,-0.28702307220299506,0.02813386009905057,3.4964544989930655,-0.405816178571629,1.2982684509474778,-1.5279327515715888,0
510,-0.2910184697071511,-0.2717127976050084,-0.3219256955103637,-0.2773608104600829,0.9052783421595542,-0.30760717050305686,0.005341509324098516,-0.29547620170551503,-0.2801699260153095,0.49666187273571494,-1.6396817868919342,2
511,-0.2625405741231589,-0.2400836788704491,-0.278935999142998,-0.2902323755934952,0.6811296271597741,-0.29714080986,-0.022333274714268297,0.6781230438883701,-0.28986806241279595,0.5352562739523713,-1.1480027320908561,0
512,-0.2899091405259103,-0.25274068252616144,-0.30029226005252047,-0.2607233572097754,0.3062984077961098,-0.307853839729755,-0.049748157702271534,-0.7330979143096892,-0.2613897484056916,0.1695418503022467,-1.2762013243730241,0
513,-0.3773680545487322,-0.30062648967931466,-0.38043057322755697,-0.2865781072230771,0.8586661775192619,-0.31519333298445945,-0.08280987056851286,-2.2824980667921775,-0.28875871693228305,0.3551742377492024,-1.4464013579358503,0
514,-0.41189806103854265,-0.3516515482293238,-0.4156527888858053,-0.3767056274094767,0.3993659499277261,-0.3285314357818328,-0.1197319193103026,-0.9988296761655245,-0.3762189159809202,0.6696040665523392,-1.3388156051603914,2
515,-0.37798987751642943,-0.3778747517365743,-0.42127451255867726,-0.41108301274680364,-0.2265193701452618,-0.32438670772967126,-0.15416042775238895,0.9116609200403725,-0.41074942981695417,0.5241753274212599,-1.1834839654046159,2
516,-0.3251598680205988,-0.3443003388848821,-0.39786442121287857,-0.37752176106416485,0.11274426023456657,-0.3306577113146092,-0.18244142695092447,1.4034915260022836,-0.37684074808500534,0.42178675505157437,-0.7841419341544268,0
517,-0.3458461447257602,-0.3308249235204018,-0.3477097754509519,-0.3253147736982353,-0.08861003103363933,-0.3385005332423491,-0.2130010130693811,-0.5933566411100457,-0.3240099623626828,0.32639228123963226,-0.7856525830157932,2
518,-0.3174232479241095,-0.32030190812542303,-0.34189227981897324,-0.3442752895380714,-0.16087658423860068,-0.3463512224680549,-0.23067055773712894,0.7107179924615499,-0.3446965430094136,0.009863379713345789,-0.11709121667048958,2
519,-0.26526818947143516,-0.28106568818371364,-0.30041981613468455,-0.3155573371341326,-0.05076982852258998,-0.3428264589032163,-0.24670992945975753,1.3125023379098988,-0.3162732285927428,0.1978453121319457,-0.38521109843314955,0
520,-0.339158118193731,-0.2885023995619744,-0.3499612797759894,-0.2630989247303284,0.2427246120940125,-0.3373607205402303,-0.26653299108318557,-1.8989367180247922,-0.2641174038305704,0.13767236064782787,-0.2392702614405443,0
521,-0.38201813300311604,-0.33016510825654827,-0.3764907893458447,-0.3385209486414777,-0.027792652233049425,-0.3330865477850295,-0.2836421269061547,-1.1896019299969036,-0.33800841821082295,-0.06340616849418056,-0.43835452230194916,2
522,-0.37210737736794536,-0.3767503262832041,-0.3633717857701095,-0.3813525008773372,-0.3524176388461897,-0.3322450858565636,-0.29981316346217574,0.22396382144464408,-0.380869062758481,-0.09256931078365974,-0.026415560531853417,0
523,-0.44559223569331363,-0.365612703596276,-0.42257606641893014,-0.37188116006565725,-0.1326312333128833,-0.3494723276404367,-0.3150425528786041,-2.0604176877911247,-0.3709581615054853,0.4272665160779486,-0.9932170910394333,1
524,-0.44840415756508833,-0.4528266208079441,-0.4993818818509471,-0.4435810707548984,0.6145700794510088,-0.36414273326476265,-0.32944758961391807,-0.1318208445065168,-0.44444409953714803,0.7349074667815444,-0.9686782285869456,2
525,-0.32476826671322434,-0.3421265479532328,-0.45519067312315703,-0.4490898482092426,0.8021232300857688,-0.3651934010962798,-0.32892449604142643,3.5750735123090247,-0.44725606272423335,0.7093863742350476,-0.44970704996136296,0
526,-0.34528193953003977,-0.31706315005127766,-0.34574571609436966,-0.3222586375111735,0.32311765096690415,-0.37663896382107775,-0.33515274771099823,-0.5886424906163823,-0.32361835530154615,0.24061113733094416,-0.4228920454461556,2
527,-0.3251106060726966,-0.33988347089073007,-0.3393558664316865,-0.34436757849046584,0.09845683501802227,-0.37462953817872374,-0.3351074005320685,0.4897275083125489,-0.3441323295238779,0.3038271897688373,0.06741005942174079,0
528,-0.38200029893083753,-0.3461660276601835,-0.3820810677817617,-0.32383490787511043,0.06272759248170552,-0.3746269871047803,-0.3381361150596891,-1.5449343179139967,-0.3239606996909793,0.3038197503009159,-0.045363785360907245,2
529,-0.2688090634583704,-0.2859771412183189,-0.37766922495979405,-0.38080400518459295,0.18918996482208775,-0.359850685152279,-0.33153061421597463,3.0747284614281707,-0.3808512284241681,0.732017273491356,0.2639633436932407,2
530,-0.23303142019181652,-0.23391070229376373,-0.2512982985611008,-0.27029895959470096,0.30343945226282504,-0.3294449343297683,-0.32922181969467795,0.8483936218879198,-0.2676583298432429,0.8597678002990659,0.20357176615488182,1
531,-0.2270358046338456,-0.2239443100528569,-0.2236367604608668,-0.22527554473947356,0.4541518442852506,-0.29777930977268924,-0.32616268290448,0.09669338811822394,-0.2318801608990526,0.50496012292349,0.326912017898586,0
532,-0.2927795531662069,-0.2484271294895408,-0.27016544073407933,-0.23352792309074374,0.12204101680028537,-0.29320348590341927,-0.3276084678398627,-1.64628627002739,-0.2258844572480513,0.4773758344376761,-0.08360720018848444,0
533,-0.30215191936063374,-0.2799738173840245,-0.29406737108854053,-0.2918671371988821,0.024600298009817275,-0.28703395440653046,-0.32819381912375584,-0.2894445050495812,-0.29162917174728975,0.3612899054521305,-0.34378027553166257,0
534,-0.3745061224463023,-0.32168812213348924,-0.36495330367550977,-0.2995917225142965,-0.016670226559837634,-0.2940997334827994,-0.3280569845330808,-1.9154770761661661,-0.3010016756490349,0.5974568073514852,-0.3374832258795912,1
535,-0.3799775659358353,-0.3760781033966268,-0.37543103414233825,-0.3712661913842289,-0.24673582926280233,-0.29381039174649953,-0.32653080301472504,-0.19963251064217302,-0.373356941828384,0.5838772820427178,-0.17447816659203075,1
536,-0.3773459802075203,-0.38860464274211526,-0.4241525125119183,-0.3805692919299898,0.004667882543778874,-0.30933604937032894,-0.32650001702066667,0.022909174319271253,-0.3788284657093352,0.7379084006121179,-0.20831969455788357,0
537,-0.505742633004308,-0.3992294989216285,-0.49349071814368284,-0.37807886207814584,0.7485009047591916,-0.34834601065466964,-0.3351340334281487,-3.5791570957698453,-0.37619684131537207,1.3880812391320845,-0.441219434908168,2
538,-0.47927643324471203,-0.47562507474794286,-0.5714688830147546,-0.506386010083123,1.0320886949700803,-0.3844277582842153,-0.3415135973939103,0.7703101940815267,-0.5045953806324222,1.1492628749672456,-0.31141155035643786,2
539,-0.4404098787740017,-0.4296794021064335,-0.47801731584859986,-0.4778644211326234,0.4494045710456692,-0.4055455305494668,-0.3473938295896834,1.1237604929628748,-0.4781287920073766,0.8465107723962695,-0.7288610521696975,2
540,-0.41041758361184116,-0.4147272339423287,-0.4581331484916868,-0.44060288131816977,-0.1584577603628356,-0.4210323868738047,-0.35433370699524513,0.8231656819770952,-0.4392616664739404,0.326359743728403,-0.4860851972403024,0
541,-0.5069850318017808,-0.40660097814477736,-0.49170708851366074,-0.40943241236174904,0.16900080752471972,-0.4399828255875303,-0.3623578411136906,-2.7835189346127223,-0.40926893063773345,0.4146271527101835,-0.933965795411288,2
542,-0.489473282319092,-0.4962199471769803,-0.5295674073980582,-0.5072707992355046,0.09318843172639477,-0.4556456346552633,-0.36749548269507987,0.49357316384485284,-0.5058377976843468,0.25184366952571247,-0.6540420245724081,2
543,-0.4108260212811569,-0.4327388024659585,-0.46830783816689286,-0.48514988563536104,-0.04842520175108437,-0.4604347853931859,-0.3693466970501834,2.3482781405004243,-0.48832579090312633,0.01317349509956023,-0.8401253136633641,0
544,-0.41770012079108515,-0.41500904668023225,-0.4088965007763486,-0.40879337372381785,-0.12302120412883542,-0.4478407488026356,-0.36801312029535344,-0.24428357510914042,-0.40967737430818646,-0.036204414618346295,-1.0793822634740082,2
545,-0.37193502290718367,-0.3734265575662386,-0.397522327465683,-0.41529251140919476,0.061678601347181526,-0.4324861023314153,-0.36435698088824064,1.2546386411260015,-0.4165515748186293,0.17341477423710175,-0.8417968960669482,0
546,-0.39833655856554595,-0.38812430804063186,-0.4029213985736642,-0.36954662371447955,-0.11534964343039592,-0.42646772642560304,-0.36787442530759423,-0.7719344675678985,-0.3707858045123353,0.22903799377507472,-0.6953789421564306,0
547,-0.44522794670642163,-0.42079271873799157,-0.4419498826518765,-0.3973998036915224,0.058798963299500046,-0.43144717300797425,-0.3726530400657691,-1.362804819009499,-0.39718772808604347,0.21493462350974554,-0.8354203546743517,2
548,-0.43485400404717806,-0.455273256591766,-0.4456211140663686,-0.44485553130154537,0.09980388684850224,-0.42112919388607617,-0.37790008730646235,0.2536357434275325,-0.4440798051977913,-0.1283814904185279,-0.48906406936384006,2
549,-0.41022253124090685,-0.42477802258730696,-0.42510614004070174,-0.4351235365567514,-0.5611000355368008,-0.40979277431083627,-0.3792494476224531,0.6634879902569785,-0.4337057101151581,-0.5289452657396698,-0.3317807075836929,2
550,-0.39045240205293436,-0.3924388438592505,-0.3928483987373206,-0.40922613408166747,-0.5362050515761257,-0.4068784310056297,-0.3850654543791394,0.510014051336456,-0.4090738754009125,-0.4856448414465739,-0.2461344469428484,0
551,-0.4396763122485314,-0.41298205880952227,-0.4312421454921597,-0.3894704366736328,-0.45340227524401,-0.4100220141721997,-0.3949455522317833,-1.4184807135098658,-0.3893034557322421,-0.41513987415795617,0.17786825494640002,2
552,-0.4240580299152735,-0.4207124991574113,-0.41870437161885016,-0.4393032283818152,-0.4635516844838248,-0.41747794700473445,-0.40436557150035496,0.4045776997376724,-0.4385280891702443,-0.611370380377901,0.12493700888128778,0
553,-0.43618594734741994,-0.42199785516294097,-0.41093448179883707,-0.4232703924844918,-0.5421151906954378,-0.4228921108588334,-0.411222112657038,-0.3972374107425186,-0.42290957735899426,-0.6652250652282858,-0.15894580129055427,0
554,-0.46740891821059044,-0.45626967468990715,-0.4663139819123896,-0.43400023034835045,-0.306485842346397,-0.4260649867765596,-0.41912337410715755,-0.9546256975893581,-0.435037672985521,-0.520097277672061,-0.5195012747976551,2
555,-0.43801587281974663,-0.4520433435556019,-0.46028632305358486,-0.4668190548234162,-0.42048534681373834,-0.42651727613104556,-0.4221598999174077,0.8277280478340888,-0.46626110260494336,-0.5154626449506117,0.2880991866113963,0
556,-0.4468752911870298,-0.4467983588804525,-0.434411774659096,-0.43650213396184345,-0.6261576563472209,-0.4317602682754338,-0.4253584114558381,-0.306833060086418,-0.4368676253447751,-0.5418756497350743,0.11384647894636762,2
557,-0.42389864568889624,-0.4349850735699545,-0.4269224828607818,-0.44614932264227497,-0.7580684973864493,-0.4365445844606381,-0.4275841857572477,0.6230521240949463,-0.44572717388268107,-0.7987992646306225,-0.28978008134596595,0
558,-0.4585180719676836,-0.4347506800634505,-0.44800271037977624,-0.4223657113214252,-0.5639776529116208,-0.43923980300186616,-0.4253262868106726,-1.0417960210446553,-0.4227501907907992,-0.7495933844747616,-0.4902561690256472,0
559,-0.4730071332698515,-0.47453541520774906,-0.46215148206813134,-0.45839681491382,-0.8035817912928339,-0.44624172495099484,-0.425026539274681,-0.4784381292844292,-0.4573701257296468,-0.7089043652385467,-1.0109694881818123,1
560,-0.4691656366869207,-0.48289151914506395,-0.482350925964111,-0.4712194294880231,-0.6996583017199784,-0.4509593029010738,-0.426401408496847,0.06567708596183865,-0.4718593999182657,-0.6981893181746557,-0.8038397654083288,0
561,-0.5024210682208817,-0.4798018982391029,-0.49739322420416626,-0.4678980872776279,-0.7031600967362612,-0.4559676140823309,-0.430800275663,-1.0438754041196567,-0.4680178468925773,-0.4741334262470008,-0.7064777474926908,0
562,-0.5138888755511386,-0.5094028006254547,-0.49982883531976263,-0.4993884496974158,-0.5926354933867228,-0.46682086382059285,-0.43113036198221244,-0.4037030081962506,-0.5012737670455487,-0.3200569859581914,-0.9035175643186653,1
563,-0.5103281097143543,-0.5182859214091543,-0.49582603416883014,-0.5135717651028344,-0.8139865922694132,-0.47589746895393276,-0.4321274722098807,0.061607291556119166,-0.5127417428712485,-0.27676659001579906,-1.1615013216003904,2
564,-0.5019076838954654,-0.5037234263072248,-0.4961018773663927,-0.5092112991743981,-0.8189177857163146,-0.4870562677758913,-0.4364822652572882,0.21244946965799755,-0.5091809247164578,-0.5777568234668543,-1.316607188714966,0
565,-0.5331632674152851,-0.5198610752563205,-0.5172576748903273,-0.500714666886284,-0.7430462454698613,-0.49773388588496087,-0.44200278490656253,-1.0142233951544373,-0.5007603751770235,-0.5676347324194158,-1.1993770098929406,0
566,-0.565424730025751,-0.54752589710677,-0.5562994090784662,-0.5314197002071155,-0.6180308381774997,-0.5109537562168723,-0.45125390754881095,-1.0768963146824335,-0.5320164179322698,-0.3576798942381675,-1.627452335221443,2
567,-0.4918864318404432,-0.4926115402238672,-0.5509361576456454,-0.5646876226789006,-0.38514794241102496,-0.5142038511805062,-0.4557267105920372,2.37145411117861,-0.5642783545574517,-0.5006946904853012,-0.6496829573349384,2
568,-0.4854240749153229,-0.4981442343289077,-0.47890456603244,-0.489895845012245,-0.7835693092850083,-0.511772517155176,-0.4576485663710435,0.14789548165356503,-0.49073897588066245,-0.4304215467437475,-0.34640152025598087,2
569,-0.4449267628983613,-0.4665332356374351,-0.46875789812081076,-0.4845612941342454,-0.6454999483076754,-0.501907835329567,-0.4581301647406199,1.1802776123307086,-0.48427652400472365,-0.1147714337170258,-0.24410135161424532,2
570,-0.4222302245774135,-0.43795110963967704,-0.42438670345004664,-0.4434466281999238,-0.6863814662841949,-0.48930587792201685,-0.4587042761254619,0.6136442883713364,-0.44377861696446486,0.20760311442503948,0.022102319609481787,2
571,-0.38845997450942643,-0.41044783258013573,-0.40955342727902466,-0.421207484968875,-0.7236086550960605,-0.4730777562202905,-0.4586090142542478,0.9167852589228604,-0.4210817451653578,0.6001446363928632,0.10318554693039804,2
572,-0.32501046089759417,-0.24896495693790252,-0.3639322210416456,-0.38628771496403,0.6661742362070624,-0.44330254881411363,-0.4531266148567683,1.7117711734617227,-0.38731099891417875,1.0697645495496706,0.815315174172042,2
573,-0.2589410846539097,-0.28333038645017056,-0.32646040298801426,-0.3258817271814584,-0.0675114741513155,-0.3994616116669504,-0.44523204964359,1.6868763543154017,-0.323860553044453,1.2942956650552886,1.2262949785258974,2
574,-0.24013736264136548,-0.2390146577522116,-0.24788509560307387,-0.25477545894275444,0.09857974181478273,-0.36345017912795435,-0.43585858204180417,0.4186588130727564,-0.2577902060494732,1.549306420876144,1.274189430050976,1
575,-0.2397377796512929,-0.24602779008936881,-0.23199219102385582,-0.2390588997795828,-0.4328729620724704,-0.3283059957718679,-0.424973178077542,-0.039795130833172994,-0.2389862077555633,1.366901275614145,1.621601742975741,2
576,-0.16863295933545797,-0.19437350536519135,-0.262981472042973,-0.23803623841521201,-0.16078832083889466,-0.2887835629795541,-0.41209345229015315,1.6944620537444277,-0.23858661889445446,1.440857165142542,1.889496403186831,0
577,-0.1880875626292721,-0.1945023726546686,-0.17490310974149773,-0.1687923362928677,-0.49572905470942386,-0.25529063805207897,-0.3997203030883217,-0.5016199244660143,-0.1674807538420056,1.0249387096784275,1.6882778958016968,0
578,-0.24080819812938056,-0.18474592721806743,-0.2258611305894996,-0.19227338950762432,-0.4549280040552204,-0.2341697973622241,-0.3909663894552864,-1.292475823510044,-0.18693564298052445,0.2580121420079364,1.206856286435027,0
579,-0.26548593975254214,-0.25149648051679474,-0.25165332542994717,-0.24187458583121688,-0.5052926809810957,-0.2256551153240714,-0.38173714436721207,-0.655403260927538,-0.2396570531001028,-0.16273062914838424,1.2597260992636297,0
580,-0.29897595792955134,-0.2725405457427565,-0.28295401573116674,-0.2651448710330727,-0.47789986791799266,-0.23138190169416484,-0.3734163723187995,-0.8879424316036617,-0.26433515731106233,0.06943806538108736,1.2497513016773558,2
581,-0.24806803739845185,-0.2661794892612192,-0.2892150413585828,-0.2959566602231605,-0.5155530454741569,-0.23251634465322782,-0.362845262168372,1.2597967714164036,-0.297825667553842,0.07738056400986469,1.186834086539948,2
582,-0.2122446241701762,-0.22247677083446282,-0.29347244749260226,-0.24707057856582423,-0.06347277955091782,-0.2285835876541963,-0.3489713568750036,0.8348465881195679,-0.2469169990373277,0.10079265501558604,1.267434860974975,2
583,-0.15008502531062876,-0.1617887539854046,-0.21316169269555466,-0.21126919963601126,0.07665306860534844,-0.22593039939416448,-0.3315771807897882,1.4429285337991162,-0.21109305945892176,0.23774953077429217,1.3214394973367511,2
584,-0.09455483750079655,-0.11718777281254934,-0.12596265587102565,-0.14847105726441576,0.15978446396240178,-0.21255101558206788,-0.31169824464431384,1.2231185242371998,-0.14893254729408015,0.858815504740314,1.395712939986804,0
585,-0.1187451976242067,-0.09855447182748536,-0.10280780348486541,-0.09286571629876182,-0.011981132379954325,-0.19509052000929766,-0.2933784941770083,-0.5823844248628343,-0.09340154358428325,1.0792626392334495,1.137827693591424,2
586,-0.03678017557350615,-0.06161820745640829,-0.11849301734580833,-0.11784895928593872,0.10003904338414238,-0.16237531584105508,-0.2696454443494389,1.7868851433336128,-0.11759225913443962,1.4883953065033197,1.184777035595181,0
587,-0.06169487340176694,-0.05592102021446597,-0.05821985223113953,-0.038385178119115244,-0.13898535525012645,-0.1284334554185442,-0.24556113127879564,-0.5769209486248765,-0.0356260327791755,1.0502785372891559,0.8220497036366575,1
588,-0.061420128917644014,-0.052850195014215146,-0.037245879182178414,-0.060132072032460175,-0.10333991214912495,-0.10173441503605068,-0.22497969249841773,-0.04368464366164131,-0.06054109667681008,0.5654051588516886,0.7589669242036461,0
589,-0.0986258698181932,-0.06878612795823791,-0.08561930442497873,-0.060860780611974634,-0.13080290363819996,-0.08548182621604727,-0.2064861111785477,-0.8503913735705375,-0.0602663481558916,-0.09369898097837727,0.5128726860842849,2
590,0.008808577008284605,-0.01837125418118732,-0.07195470062901285,-0.09716775334314848,-0.22199608258823816,-0.06275289911816473,-0.18479213407191822,2.3234026325230452,-0.09747263571698497,0.03789103612999604,0.6401385115039901,0
591,-0.013424400147213873,-0.009983578372189224,-0.010436785953106612,0.010458001646837606,-0.24654809853059526,-0.05114759991720752,-0.16524632527935174,-0.5061031171345474,0.009963389633982451,0.09570218578146732,0.6235628191360376,1
592,-0.015018865979947268,-0.0333054865738301,-0.029849021165074603,-0.012338492027793253,-0.25679433199701746,-0.03631007219006064,-0.14739137296115734,-0.0828220087274769,-0.012269914188613533,-0.15159672500717766,0.9548012853288205,0
593,-0.04830310639989662,-0.013146907927994266,-0.025930158509562193,-0.01478751656586024,-0.17442132503334448,-0.03795836923213602,-0.1341614512738935,-0.7438570108557089,-0.013864403448687406,-0.14852863273065153,0.894888985502418,0
594,-0.09009918784838622,-0.04014675490910105,-0.06448899275841491,-0.049380533793308735,-0.14334639091730522,-0.04202146291810302,-0.12608878881676033,-0.9411569870552533,-0.047149132910933464,-0.031068794942663493,0.8387561333364368,1
595,-0.08672044179125574,-0.07749271652556104,-0.06930569300617773,-0.08927991635383632,-0.20126995936304196,-0.045640544860142226,-0.11875362473327371,0.02458430216191015,-0.08894582846542058,0.04850082721372292,0.6766604031223353,2
596,-0.025536354213964125,-0.04545562041411522,-0.0811765235472973,-0.08751969165911323,0.029559594331156867,-0.03518545889353553,-0.10851223418917177,1.2905806235703954,-0.08556703276468366,-0.11319175885609009,0.7665930760500748,2
597,0.058162688402894035,0.02912230010704603,0.004919013691670999,-0.024264718973165237,-0.0855027423661061,-0.028125602590338493,-0.09766868915930633,1.7085441464424251,-0.024382046215195817,0.2635735983215933,0.8367846431584303,0
598,0.044316589056194004,0.04091150725859503,0.058850384566261224,0.05887166363975472,0.18532417534543777,-0.019866045786221403,-0.08655699054842132,-0.3249901292032431,0.05931822618403132,0.4879475491695405,0.5495898808051929,2
599,0.05760322233127557,0.03319359738117943,0.05520654093879445,0.04425010042526303,-0.5156261777157464,-0.009477822932485351,-0.07228935487084283,0.21700774043837764,0.045471923397861456,0.7155122810159357,0.7668354205186192,1
600,0.06477064868035817,0.06497185328392306,0.08359778604981803,0.05774149811732446,-0.10401511395724143,0.006696806494976617,-0.05649913921285396,0.09300745199221523,0.0587587518922291,0.8234052263125966,0.4543285292346354,0
601,0.006024466312160997,0.04599838687982902,0.038560472216380884,0.06638323607585873,-0.05535775397623097,0.020446809616009087,-0.04191647033285599,-1.2131459835999674,0.06592628355165073,0.43055419481526636,0.21202963425752983,2
602,0.046082037497975306,0.024742286437816008,0.021567745115600907,0.007794342937053287,-0.18043495320419858,0.039443533374116484,-0.027852577950064367,0.7743959570494624,0.00717923803117532,-0.2537404278163238,0.3969819756348972,0
603,-0.0183643134545717,0.02929305847918463,-0.0030311790595919422,0.04851347588148444,-0.1795043150615992,0.04046945757234884,-0.018582779783239065,-1.3413062340601876,0.047237397779215054,-0.31799554118102624,0.2283974244191973,2
604,0.04920699098806531,0.02190892593781261,-0.0034044644531218394,-0.01879136052217243,-0.09452320482496936,0.039188390300402845,-0.009054237351416564,1.362979985865875,-0.017209900077665246,-0.34305839939159866,0.03977901634037449,1
605,0.04421794044659744,0.027277863992449643,0.06492159761415475,0.05074661909982876,-0.3683280215668427,0.0391742791151625,-0.002419238480855635,-0.14939589964072145,0.050362397183960544,-0.3431970921361096,0.14636509695783428,1
606,0.041901007615895755,0.03861867685744764,0.04630982119612503,0.04559564840821382,-0.49172977748911484,0.03692815662607174,0.005261571877585265,-0.09609322936463165,0.0453732733388299,-0.383119200748822,0.1417506546577807,0
607,-0.014764075702569534,0.01602230746577121,0.014642819243442162,0.04315647633938894,-0.21726229845379785,0.02555111610419182,0.006314204821441189,-1.1883911838917243,0.043056306465646295,-0.3469006182914955,-0.000650888978254567,1
608,-0.011197760102034203,-0.0071258940177373045,0.00814506677169178,-0.014647711274462719,-0.0844202352630051,0.023087563620525567,0.008728570914460531,0.024776035437073275,-0.013609609427699457,-0.28310736222406496,0.28144268321018645,2
609,0.04244999772897298,0.021855610014425448,0.002053820064770492,-0.0122393437613695,0.11871295929099172,0.02256801868025425,0.013694805526025068,1.066570716074735,-0.010043241427615571,-0.29707146172867743,0.505815693417379,2
610,0.0577970275642883,0.06061124955915196,0.0698905790295906,0.04229432292330415,0.1356983870595233,0.03346251375388365,0.021173691247085295,0.2587198299855115,0.04360530464498499,-0.35550903284068075,0.30309267572249915,2
611,0.08007078612982227,0.08070250763813026,0.06124871786062876,0.057632123237257,0.30607776417810817,0.037877423728251175,0.024580877325138105,0.3935159179001434,0.058952559972804366,-0.20270679810377154,-0.03730898886485074,1
612,0.07749270261834282,0.06696898915144626,0.0989893419721009,0.0806538518416505,0.04186153838649093,0.042637210356305875,0.02892780244320987,-0.10017241681297741,0.08122664580463337,-0.09498812417802696,0.04413993932090037,2
613,0.1352412993630723,0.10857911900913145,0.09865878659814285,0.07837219456589883,-0.28749129754736125,0.055989067545360885,0.0361120358504215,1.0850635380691946,0.07864852441360895,0.33505147990843165,0.2978306475429146,2
614,0.1633408133016587,0.13475293772098645,0.14783774244729353,0.1368351257561659,0.10695106209181497,0.08146607215016947,0.04623114702590872,0.4832127513349496,0.13639796965318246,0.47950012568036754,0.4009271098523892,0
615,-0.02254958360558461,0.13955911023406456,-0.10432376821483941,0.16529728810421151,1.3198410349111735,0.07984225114621009,0.049460826178312316,-3.515439273532198,0.16449789645535412,0.5680261943746409,-0.3177964084879632,0
616,-0.04552847395197698,-0.03403041114504585,-0.06289923315784499,-0.0209238588964866,0.5733684241707894,0.06725737523027503,0.0514302950044923,-0.5313184799936398,-0.021395231722469245,1.02082350901192,-0.625684869164396,2
617,-0.03594945700394517,-0.03629805775749654,-0.026922838993918702,-0.05454360182057538,0.09720920592232499,0.05384741421021122,0.050932424123239575,0.15434683957403905,-0.04437445969559333,1.285082691907935,-0.2774159197734487,0
618,-0.08407937781473676,-0.04353784419292406,-0.06994004994362,-0.03468750899811163,0.11941636261374787,0.03036656252737914,0.0441315517716175,-1.0677018380694228,-0.034795302003942645,1.6455723544648084,-0.9196325926232634,2
619,-0.0739411442226708,-0.07695083510145789,-0.054561300347677685,-0.08343440893805297,-0.09504113499072266,0.00870471576470673,0.03847741744969875,0.17205999513288206,-0.08292592998325353,1.7531271885784085,-0.829657424834341,2
620,-0.04642628854171869,-0.06451004348528792,-0.05546382936640928,-0.07268174826569675,-0.39993910733377375,-0.017281914919445408,0.033503562365462085,0.5477508789375942,-0.07278754743104975,1.2467791914852895,-0.6442644507459041,0
621,-0.08155192810287325,-0.057157237120099604,-0.09438745372300164,-0.045525100449630845,0.20304983065299367,-0.052312584404881644,0.02650759279524609,-0.7979126935223068,-0.045272287476842595,-0.5255204946829949,-0.5463435985722568,2
622,-0.0135665738702734,-0.03767628666182962,-0.05670147839026978,-0.08055424533454333,0.09626453903297788,-0.05102761024346987,0.025570906714544924,1.4341943537504438,-0.08039844313580283,-0.4603405047542757,-0.19532881497759153,2
623,0.02103738789828642,0.0010797214261461072,0.00889924527736971,-0.012295964280811492,-0.2800359159957403,-0.04150569998955222,0.024373472864294234,0.6714887981725863,-0.012412090000618556,-0.0834557304604963,-0.2908073806098088,0
624,0.008490556838283028,0.0022231882807260427,0.018839363628516556,0.021575577825553464,-0.22107306577184502,-0.03514878051571736,0.0256574569186431,-0.3051717782634868,0.0221923802007829,0.06470253081939611,-0.431314682299273,0
625,-0.007978522985073143,-0.008026245175581776,0.010820701409690386,0.009191023988222618,-0.36097445167654657,-0.024262937685882578,0.02292330526270355,-0.38782500484614857,0.009645364791339636,-0.05044237132973294,-0.6303198201375237,2
626,0.024294413294271195,0.011813666407428492,0.019090164752294456,-0.006691904718860075,-0.3679812351453217,-0.010210837458832311,0.021970722327429353,0.6204239172814837,-0.006823957010698331,-0.10153676705233781,-0.4400181376330924,0
627,-0.008211613062615475,-0.002760253535226865,0.013653815823084416,0.02508592531615648,-0.4420608005976604,-0.004744421188085049,0.019574739581239613,-0.7103313509186717,0.025449453451943577,-0.1850925448656652,-0.9054889940574095,0
628,-0.14921340061724012,-0.03421455992190611,-0.1266005630771564,-0.007078894744914048,0.338497081448761,-0.014423053012592136,0.01314645348542729,-2.9774099116503754,-0.007057050513011829,0.5321214641692381,-1.4938143443544813,0
629,-0.21785986266206678,-0.15122347896451524,-0.21785438712984187,-0.14274215818713076,0.5592394062719779,-0.04364617590595886,0.00326553276484233,-1.621931260493777,-0.1480609097939897,1.6095254493884001,-1.173968705825966,2
630,-0.12588431394246954,-0.13955552254195963,-0.19065248202945362,-0.2172687298304529,0.07265522408674195,-0.06466258312122823,-0.004782861050838561,2.1683907681618932,-0.21670838045499732,1.570505521766759,-0.5465122752447846,2
631,-0.08372219751399773,-0.10925266811359341,-0.11003234667526844,-0.12524417281314543,-0.1068250138892757,-0.07785315178214453,-0.011549172948933036,0.8999206064715055,-0.12473148034708481,1.3866592446861465,-0.3888460119508922,0
632,-0.14934272881970742,-0.1049027521430497,-0.18055995571532343,-0.08265344485711518,0.2891769840308372,-0.09807458726962598,-0.022517883348018197,-1.4839484919507735,-0.08256874443449705,1.2849247259741596,-0.45666969087732484,1
633,-0.15327470525884848,-0.17044988888532395,-0.15383391341449962,-0.14821264819771132,-0.2284250787963364,-0.12347495261805944,-0.03355132602513931,-0.13966875107109603,-0.14819023989666444,0.7082560213759657,-0.5185407299049846,2
634,-0.13756849970211962,-0.1414210884695113,-0.18341957034857065,-0.15202031577278508,-0.2718938095623038,-0.14197880175439673,-0.0465948979377923,0.31121929576076784,-0.15212227410797527,-0.05500375829049973,-0.5752268820267602,0
635,-0.16862709778722657,-0.1290318929082321,-0.13985320890995018,-0.1356559879356449,-0.257205726921205,-0.14475583305859838,-0.062466935290623506,-0.7549844305521807,-0.13641583778140637,-0.025935281970472016,-0.5600802187104975,0
636,-0.20697708773082066,-0.17740368575935675,-0.18071883023913218,-0.16864567168744085,-0.2924549023860856,-0.1431991070833228,-0.07128477622218701,-0.9406435953847732,-0.167474892207651,-0.11469431033736373,-1.058991861587356,2
637,-0.19006165724533286,-0.1846333986793056,-0.18402958258643487,-0.20491198739364092,-0.27460570891076463,-0.15237935182558043,-0.07819519137776972,0.35492786236788565,-0.20582544562413566,-0.05845237193873636,-1.166760482942039,2
638,-0.11897579342590588,-0.13597094805229612,-0.16406971842927137,-0.18938636659008534,-0.2497580523436813,-0.1574222006233044,-0.08216484347045412,1.628726423200325,-0.18890976660177666,-0.3403110697384117,-0.7253348578707515,2
639,0.019140740547155446,0.0006250619043583611,-0.10319364161411523,-0.11705664615815242,0.28969740752233697,-0.13332149149121666,-0.07722968703069527,3.045509913949212,-0.1178228583242618,0.9807141212414724,-0.08643996611789612,0
640,0.006195947776377533,-0.004216490760644845,0.03136674028638132,0.02089114300022823,-0.27405346259753705,-0.11051002020356537,-0.0733981753843314,-0.3136036006585604,0.020295704982386066,1.4701962806501496,-0.2505469830519237,2
641,0.021791033344294077,0.02247206002262078,0.021362463508221526,0.006286416283808498,-0.4572464512749644,-0.08771444406894734,-0.0701365713409364,0.2711598584154569,0.007350722014953308,1.8299649714585915,-0.07089203927322774,2
642,0.05093851727837978,0.032727144475416636,0.017717732313582632,0.02317192727237617,-0.1464880236519588,-0.056306692056304675,-0.06380194312013375,0.5438295408206295,0.022946036720034084,1.9985771308660298,0.7013835334561128,2
643,0.1276236562243012,0.1076766794395414,0.08354047456956142,0.05401514459219824,-0.031734996687957415,-0.008443746001440334,-0.05705136111789954,1.4826511223722576,0.05209394891543224,1.9395051748653862,1.3252635489336273,2
644,0.25043419119966703,0.22493375093662532,0.12948221935138468,0.1278208646884395,0.5746108797468681,0.05456695977972331,-0.046083449735510804,2.289871499195185,0.12878021458907826,2.1482347344303463,1.385430859060821,0
645,0.20077328387635018,0.21770551218967338,0.22807102530974646,0.2508023789236552,0.011294253878897058,0.10030544994895975,-0.03689003517974288,-0.9298801384863644,0.25159255400838887,1.6572797587838952,0.9895746056869408,1
646,0.20594104928197973,0.23608292131202893,0.23334849971514773,0.2017471839967962,-0.08117167401599656,0.12702629041788013,-0.026662120588879838,0.04465189410221131,0.20193091702190813,1.6807667605329406,1.422806989464775,2
647,0.23787975259834201,0.21957107811722504,0.23487701718084167,0.20582224010421274,-0.1875824985440729,0.1601674882553444,-0.016450186331946098,0.5311602737235183,0.20709875835704158,1.464967765726512,1.5094095861475545,1
648,0.23160153558734226,0.2511257511154419,0.2520518223472157,0.23848479693421057,0.1366070215724634,0.19017982066052827,-0.004984249035214182,-0.16168192082004484,0.2390379309458471,0.8968904572644861,1.4375723355296859,2
649,0.31822549077166984,0.2948944387838086,0.26034550359408754,0.23150251411156872,0.2798697896179236,0.22841387191294626,0.017364921762514824,1.5024192052969547,0.2327596216895797,0.47038690545076034,1.7850339986400594,0
650,0.27213189675922556,0.28970031307705163,0.25898892056916345,0.3206652406010449,0.20829355002894565,0.24908504568097026,0.040792389443365135,-0.8364669159645322,0.3193848496317488,-0.03964935246344448,1.7325571795973962,2
651,0.31555349777469577,0.291611824063006,0.25551574342936356,0.2731395479879229,0.2359595158240807,0.25840003351061114,0.06189839759199866,0.7107509214118288,0.2732905783703484,0.19917389595536278,1.7657028596274353,1
652,0.3130129531146557,0.31645888707766906,0.33945956425250223,0.315748484304831,0.0024452443075411766,0.27445535117209674,0.0808670837800836,-0.09303227330767312,0.3167128173754263,0.13241905854732153,1.652980135633452,2
653,0.4494175408627713,0.45101021908765093,0.33657294221816064,0.3148887004699563,0.7010947836168888,0.30928343327499247,0.10949498740672967,2.285607691750829,0.3141722353873962,0.9306045432322565,1.6504085360818794,0
654,0.42701233396030336,0.4358312739775261,0.4449223243682813,0.45101340867414524,-0.10650712582174389,0.33633789356082794,0.13723964962916985,-0.4065636713977321,0.4505788273156292,1.0968746623421897,1.5849267019376179,2
655,0.44812987095874535,0.4160513120963889,0.4111107065371457,0.42796611353564246,-0.346938434763577,0.3673111780572336,0.16524303822817388,0.2907273834526362,0.42817329121550785,0.985384604566323,1.5935919880847558,2
656,0.46321400412019265,0.4465297159591336,0.43864582971300836,0.44907471709985936,0.0687783936801147,0.388051052424955,0.19545260136827927,0.19088188265787792,0.4492911384919872,1.1421010804481395,1.5712422749790955,2
657,0.5345994304683819,0.5037630083900034,0.4909114905961576,0.4648581233961167,0.18007155162958005,0.4255957071635576,0.23090883012916327,1.079804873879998,0.46437549328322186,1.1509653176324977,1.562573135534714,2
658,0.5898596129181932,0.5822552267611304,0.5554328057871938,0.5364199748011678,0.19471136249275747,0.464833811169069,0.26819839673726986,0.7942643843122393,0.5357619684909438,1.3376761896898723,1.4385100940263595,0
659,0.4690915157169904,0.5718819627730847,0.5069620017460813,0.5912593174619479,0.43056168696159064,0.48716006105678084,0.29631504893440314,-1.8454470310390132,0.5910229628735557,0.4774743586039431,0.9613880434800908,0
660,0.4206297315052678,0.4811350671266439,0.44221765360422344,0.4710751562026879,0.08621760811666224,0.48304211036118777,0.3155110255585758,-0.8140544981837236,0.4702530912377593,0.5867972737500875,0.6764266841370037,2
661,0.4430215940319749,0.41914449558709244,0.4326007364990371,0.42180345638210365,-0.44598505952597006,0.4853321541373354,0.33639651702460804,0.3124528394730267,0.4217905949814788,0.5280382196678552,0.6494099024782909,0
662,0.4282465016474938,0.41165729378368854,0.4266547972177222,0.44331314274483474,-0.4260064865732227,0.4824879386060602,0.35582995067790946,-0.2857672026854376,0.44418278650977167,0.5952737438866975,0.6052917618749115,2
663,0.49557960274711,0.481584812738442,0.4606872924794043,0.4281664055052985,-0.2532950158859379,0.487117673982026,0.37708911363138387,1.0348409659377562,0.42940747703621107,0.5919261812403624,0.5478468684494454,0
664,0.4101426734365374,0.4658509643427416,0.4379447784423471,0.4964529968187513,-0.07757383311386465,0.46931476363112284,0.3905969023190595,-1.379578062135765,0.49674156745491616,0.6091833001385983,0.3546995251572087,0
665,0.35007552258180813,0.40943632931613905,0.3800702002126664,0.4108643470829505,0.32685151380432603,0.435014860872615,0.39536094992955206,-1.026104513388156,0.4113033828273645,0.13254936072741333,-0.05217904830369668,2
666,0.41839074479466454,0.43124463039323335,0.38002899173681814,0.35080107557224366,0.40056704351576483,0.42776237172716103,0.4057656678343465,1.0967224929716415,0.351235349411488,0.04082536792897672,0.1854646628818349,2
667,0.4696595870402678,0.4563716634295538,0.44894224288610457,0.4195762994741849,0.013552766833078713,0.4347758448677475,0.41837456870131273,0.7803210992969636,0.41955157537364884,0.137583038511656,-0.10459360461940713,0
668,0.45883218503273954,0.43758197725907083,0.46804218124879804,0.4711221736824889,-0.20293705059417266,0.43703747003695703,0.4289387381395411,-0.2203460596057045,0.47082117090765657,0.16925792988818025,-0.05721668128740351,0
669,0.440637939322469,0.43997296301226047,0.4406443773939928,0.45870656585982533,-0.19910103354993422,0.43881000259611674,0.43893317885913535,-0.33809257761051564,0.45999360981410214,0.16998841854850125,-0.21383037430413926,0
670,0.4305953612089878,0.44037651787015636,0.4283374977807437,0.4417840145754994,-0.018988314233513312,0.42951433513767096,0.44430580290301885,-0.2103171990714466,0.44179909677744533,-0.0735146342203276,-0.3151988979278273,2
671,0.50153643231572,0.4977329037462658,0.46007880178526367,0.4303798437851586,0.054546910311898456,0.4425877506336398,0.4552740839796999,1.0915716010195304,0.43175637110928355,0.17371000302439374,-0.317071770972962,1
672,0.49335184027780093,0.4749054577373284,0.4766716164773503,0.503527194449386,-0.02017887677065447,0.4630827040630997,0.46377497168364784,-0.1766310464741292,0.5026984845466775,-0.31072625269112536,-0.6005021300615538,0
673,0.4448929244832979,0.46252559860502945,0.464188491382781,0.4935490126883399,-0.18184028950716546,0.4668737069813225,0.4700804119437847,-0.8047849268535443,0.4945137722532971,-0.4421778281607409,-0.3012667213546357,0
674,0.4344671008865168,0.44422791767225517,0.465647398223119,0.44624194512055226,-0.27447935449844313,0.46183959962578286,0.4693656020666312,-0.2160886740192226,0.44605414445638164,-0.3908061198513187,-0.11209116467194444,2
675,0.44729541097541964,0.414326652537789,0.4435479899999149,0.43375200727677105,-0.34405585985478265,0.4601893223794574,0.47033537578650164,0.1563499108416993,0.4356281676739291,-0.38313967866880927,-0.16131514177686923,2
676,0.5047478124637751,0.4689317402107213,0.48472971203768045,0.4492700204774941,-0.5453067460146727,0.4693599158559565,0.47304239068881726,0.8667334710871845,0.4484566662480174,-0.2604330232636329,0.190360049214039,2
677,0.640112037757713,0.6056329078411532,0.546778772268443,0.5063920181324301,0.21022163567735477,0.49933021797994415,0.48150023285894594,2.0480322156390485,0.505909911879247,0.8435297052887752,0.44891511893281694,0
678,0.6211156329362855,0.6325719451861387,0.6453909085639004,0.6406663328411105,0.2670000317431145,0.5164354185271179,0.4856367422965343,-0.32549936650898464,0.6412761260673521,1.2813686537310511,0.8453708366687063,0
679,0.5580093316804705,0.6407263331183806,0.5423657882886825,0.6216251265253295,0.5606095094559945,0.525684346029395,0.48411391784086594,-0.9742860271980145,0.622279442133488,1.3141144401507956,0.8252685703065071,1
680,0.5565640235431575,0.5397558020430774,0.5739286912916073,0.5585870328775085,-0.03142497804447628,0.5416583325992106,0.4882961501144878,-0.07142110714592836,0.5591722136625673,1.1228072691373416,0.5733494558666563,0
681,0.5312135757250984,0.5360385519836947,0.5139896318195849,0.5549182975902286,-0.022014276611931644,0.5554974270718109,0.4935833807396395,-0.43261864951041873,0.5577268842894741,0.7194569540434815,0.17123597794351883,1
682,0.5412253495319167,0.5188944114209789,0.545469610689572,0.5323823331339111,-0.2805089692005948,0.5689336302581056,0.4982786950258027,0.10354068123156729,0.5323760639996067,0.2043994859460092,0.29225218108859835,2
683,0.5730662772352275,0.5371192436381574,0.5566381220069272,0.5418726305952721,-0.527092729657937,0.5787062415059329,0.5052028127214486,0.4350699197164026,0.5423879849085007,-0.026567523598578172,0.5606940738104769,0
684,0.5121191458630352,0.5618504612248156,0.553403066459875,0.575904181790721,-0.2766142812778116,0.5603975049270843,0.5059936007385001,-0.9631779518522529,0.5742293804476466,-0.20647891029914042,0.23246871781857614,0
685,0.40367601388558766,0.4813291665712331,0.40630237477986286,0.5184326085498909,0.4736949702298598,0.5292938659040652,0.505684417053836,-1.7239513825016621,0.5132813535848338,0.4533828575139246,-0.6520550914373322,1
686,0.4102773643320674,0.39020291707359517,0.39004252457263,0.40408372809277054,0.12050948277594754,0.5081615543013034,0.508562785260676,0.0580795849907798,0.40483662826237815,0.8054419956611322,-0.5823822984764363,0
687,0.3009003754789447,0.3941306053282825,0.32627183761858325,0.4111241280124608,0.22232615530860417,0.47159016103169205,0.502945340115872,-1.827605082702393,0.41143807570189556,1.6673607939037016,-0.8100825747446587,2
688,0.33849223028001346,0.3124453282459134,0.2988235692302777,0.3005287889069829,0.09857988357839782,0.44402234617382635,0.49667397135874697,0.598250279413219,0.3020594797826911,1.845126514421875,-0.5845719400759313,2
689,0.38886038951865537,0.35989453449649067,0.35610005398126254,0.339446291842914,-0.2735965031796499,0.42222730837575023,0.49332848248784567,0.8008487577236002,0.3396518869174402,1.573133907878867,-0.41507091215074066,0
690,0.3579962202355219,0.36444039262786965,0.3934027270909506,0.3910219728885454,-0.4809582598866831,0.3914626232333461,0.48937721970480214,-0.5569574843910711,0.39002078621083364,0.7513968288342334,-0.7868410041710383,0
691,0.280057084109457,0.34122892455324505,0.29800104805234684,0.3583395864052628,-0.07033332922048155,0.3582673176527289,0.4821796892286867,-1.3518845765968002,0.35915616344328716,0.261339847422983,-1.7974691143494463,2
692,0.3209164402650518,0.297488246171819,0.2964729109725838,0.2816416053698602,0.04252848183053766,0.34642897873900974,0.4735438929220711,0.6627285667578495,0.2812158821646319,0.144752918723811,-1.4843027220242717,0
693,0.2797741085150517,0.2952097889573912,0.30723200023297303,0.32191101674356926,0.0033563380529306208,0.3277611472831666,0.4633323223966186,-0.7509152079447677,0.3220758386630052,-0.02971247122574715,-1.430993294957449,2
694,0.3115173853191032,0.344424440219482,0.3456142086145747,0.3091263778261285,-0.10498435280724791,0.3292798569047794,0.45695537610495934,0.5038891743516671,0.2809329024124921,-0.05358884026808218,-1.232048294243935,0
695,0.19323159143700297,0.33862246384701145,0.22950888412857426,0.3664310826638454,0.24178741656643643,0.3085010563598212,0.4454214329468608,-2.0762737932434945,0.312676645617603,0.630175775775098,-1.4518554955138985,2
696,0.23299034837680796,0.21741092328579684,0.23270907096529336,0.19964910690742915,-0.27651779881347155,0.28620463441360366,0.4351750873066784,0.678729073345949,0.1943891137731645,0.40369052213979983,-1.2964794915032238,2
697,0.31068018163235006,0.2823401358468789,0.2297350869621535,0.23402150365273472,-0.3891165036438892,0.27943631412709136,0.42589633299747925,1.3412442983321629,0.23414845488474456,0.15092099739893053,-1.0787685483723894,2
698,0.3284987894006423,0.32885434787418494,0.3341184386013292,0.3131647677821883,-0.19312823670955792,0.2863656553465736,0.4109974920181288,0.25583953689531436,0.31183942962989275,0.2740790875150078,-0.8443875793041288,0
699,0.3029209883394802,0.3364185752166758,0.31025264491030413,0.33034809771442886,0.006720877878008946,0.2837914968597592,0.3957839815678399,-0.48380949885165725,0.32965829920535733,0.21970021045474475,-0.5888736595796845,1
700,0.31008542155755103,0.3341630905314494,0.32634613967042037,0.30090667475259797,0.013613284278309535,0.28812737706090974,0.3839302528468209,0.07373394790119556,0.30408012233190634,0.25816918103309877,-0.5862892014250892,0
701,0.28607614586035357,0.28093721454484805,0.3049893715796567,0.3107850846732177,-0.19270767607887757,0.28448813628281283,0.3709976965524869,-0.46128956663377724,0.3112446608163384,0.21697976787550466,-0.2516103287790403,0
702,0.1941408796956232,0.2851178463162501,0.19467390134798904,0.28817416662177997,0.14864756937033352,0.2846182053745793,0.35488158941294196,-1.6470163493454417,0.2872350323530516,0.20900671799929635,-0.7902895011163107,0
703,0.05374170918470348,0.17260933173761617,-0.11765135007602183,0.19937610620906235,1.1436440091811026,0.2589775930835013,0.33157403982748407,-2.6201611073803472,0.19529841539187381,1.6992648193342874,-1.4260439033118528,1
704,0.05911001436812226,0.04251946145494191,0.044090903265835216,0.054863080521022276,0.029278041840016134,0.22299175156249182,0.3070007822039058,0.05747382414597377,0.05489718200879794,2.2943376339100063,-1.3299296134128569,2
705,0.0978619568638399,0.07904344877789155,0.02537921214328729,0.0616303550275452,0.05273362393598367,0.19000031782122584,0.28719433297239094,0.7206914106824124,0.06026556606823321,2.1932556376801298,-0.9215717892955653,1
706,0.10161210059401536,0.11065794863023176,0.11934239838651176,0.09893217772257097,-0.13295934955383276,0.16120409842065506,0.27275206444414596,0.02315545165911236,0.09901807794269349,1.92183974502984,-1.1214927096068317,1
707,0.09537715926889424,0.08664956720304375,0.0735801957640765,0.1016721618902815,-0.3724009706242758,0.13049116618391748,0.2576960676136612,-0.17027987113973703,0.10276827677338737,1.2481185573347406,-1.016037817446219,0
708,0.004939082179014438,0.07488099847345107,0.027888871720100218,0.09472592164499369,-0.32062164642385194,0.09027592949930419,0.24354557732428214,-1.806846131135754,0.09653324383884429,0.49247073637890487,-1.4492495077273362,0
709,-0.008751623782657368,0.050290687255744676,0.017026190691194022,0.005076932148239234,-0.2578518380707079,0.06125318186841494,0.22694316715714993,-0.331421559406539,0.006093837950579081,0.09540993768498872,-1.1672175574412884,2
710,0.05890760388345067,0.03277222959957122,0.014385551558838845,-0.0069758803196737695,-0.49697189738264064,0.06199213700751179,0.21116747690716517,1.3558038109396344,-0.007597069167381784,0.09442239121238544,-0.9926545691187941,2
711,0.0824001903397397,0.07260733232126312,0.07227737395072063,0.059758635301145585,-0.6737339249723283,0.06532367902072167,0.19799068983021595,0.41743398711072766,0.0600631526095629,0.12137752261770092,-1.3477762722496398,0
712,-0.02490093744292176,0.056258016699365254,-0.019615878851819202,0.08401953016363521,-0.20253211621156922,0.04776306717542472,0.18341004830601496,-2.1514171142965908,0.08355608424027355,0.32428980085979264,-1.7360311791959246,1
713,-0.028886914954067013,0.0004799787119154191,-0.002423702727933743,-0.024689248154179652,-0.0886470829839177,0.029095842268630996,0.16668526336528944,-0.13329112549310654,-0.023746620108033016,0.3063826839258598,-1.6916107201236386,2
714,0.04403660659280046,0.03326742887877317,0.005609033770335979,0.02862657850328902,-0.0009623736423657706,0.021751835575410865,0.15541419073751575,1.4856472839806778,-0.02773265618478085,0.053381006945132044,-1.2775794403470853,0
715,0.004725322739256515,0.031745836650493506,0.033456580590783415,0.04525131084394214,-0.4282194610643978,0.0217212583674439,0.14074586011228357,-0.8385530020228129,0.045191936820711216,0.05370525941752181,-1.3153888466173098,0
716,-0.04199246380293592,-0.012933152843446663,-0.02859526913680571,0.005446836246620183,-0.16862321994369994,0.016966324131785504,0.12949933637808717,-1.0114171548204103,0.005880075370073283,0.20043750540733335,-1.1985979423203943,2
717,-0.021347592076770807,-0.03466651679319958,-0.029237106997555825,-0.040351681093919956,-0.4821171977117958,0.0054862237905206985,0.11733894027871693,0.3888953294705246,-0.04083839759227894,0.10735046263266494,-0.5780810008044197,1
718,-0.025873580307957954,-0.010267233826338887,0.00012298107948744926,-0.020090389884524405,-0.5256201908591865,-0.010001792112882426,0.10124764439644067,-0.14440375031771222,-0.020193222532903975,-0.38117405713336183,-0.6307198222009535,1
719,-0.020341900056812877,-0.03190244242404954,-0.029841920627697676,-0.024777421518156498,-0.2580408712590082,-0.009349644846578993,0.08456888639511805,0.06662300887265354,-0.024719277264021764,-0.38857808048266546,-0.8461756147858271,2
720,0.04531018383831266,0.02782551926079057,0.0064792299849404916,-0.01906199163932909,-0.4380027178302831,0.001263875299698408,0.07225200824227544,1.3246720350442596,-0.019187515736405286,-0.20725564468103685,-0.46496877477265197,0
721,0.03547350819568349,0.035495272820308094,0.06335390039757742,0.046420886243340835,-0.5581504624155734,3.8967333866986115e-05,0.059122273708250156,-0.24685442133634625,0.04646553277877726,-0.26031149344798465,-0.4810661834301113,2
722,0.1043084127804601,0.09171175442658,0.05085353114080705,0.03649944971653721,-0.38418717721965223,0.01428382528091962,0.0504316016504587,1.3394954843650393,0.036628712606773604,0.3227817791631722,0.32844712763550304,1
723,0.10551065373685822,0.10686035614251908,0.1303360589709602,0.10609093198796707,-0.5618393263394513,0.03538340107468541,0.046194016600767815,-0.026367849765402036,0.10546462857650017,0.4608429268912874,0.4189172670008724,0
724,0.09298464988014513,0.08681381464444614,0.12131913727412423,0.10765111414263519,-0.8077377529214995,0.051738050692109794,0.04807029861402004,-0.2914642934718234,0.10666688719731458,0.41888356700876783,0.016435556287124998,2
725,0.10510583276751503,0.0874359156491295,0.10140187634122227,0.09404298339727485,-0.7186472677038083,0.07047399403827871,0.050269448963566186,0.18627008339628578,0.09414069929717381,0.19666690217528193,-0.04718874815656929,1
726,0.09970709741880983,0.1113355768177976,0.12984827741222735,0.10598105824869747,-0.5638465217519437,0.087646396652204,0.05035766875479138,-0.15386959404091047,0.10626206027997395,-0.34250109608262486,0.7733448427527873,0
727,0.00228068298538557,0.07119188054875882,0.029702044657422752,0.10206202035674773,-0.14431324535582787,0.08149124393572456,0.04560843873005053,-1.9375624700091227,0.10086324560814464,-0.004640640658251118,0.007186831363299098,0
728,-0.03424811145133281,-0.009321306153340874,-0.009662193402470015,0.00449351631134575,-0.30008969318717227,0.07151791847153939,0.039410800133013096,-0.8028579339585127,0.0034353996973342862,0.4927814924863873,-0.7047791565660481,2
729,-0.010832598118597098,-0.016862069575631397,-0.014244956302725138,-0.03168824276009294,-0.45501771075319425,0.05504757854275764,0.03865672514432078,0.4451459460180654,-0.03309393145361587,0.6148327278448851,-0.2914140256029815,0
730,-0.038662480838539015,0.0017734426689278967,-0.022046925336244718,-0.010017300160272618,0.018956583586787028,0.034424339989323934,0.03722662836512009,-0.6284741983962856,-0.00967807407888688,0.7013390124793175,-0.15975795446596233,2
731,0.005408130751318725,-0.018517934394376878,-0.0068385886373486535,-0.03739868404689903,-0.5519451393374281,0.021896961355348014,0.03466871355605118,0.8843467628700777,-0.03750836570074726,0.5318168443369393,-0.000981639457110767,0
732,-0.005497840945268686,-0.016816738755977337,0.011613172099079604,0.006315100687931093,-0.3967329835340405,0.00607566458891047,0.0304661361707254,-0.27402880437335814,0.00656289341457109,0.1260931897577988,-0.04670466673020345,0
733,-0.03382009371664833,-0.028474253119805053,-0.021527191359315693,-0.004456516634106159,-0.16084151550462894,-0.013024725537631468,0.03003969380444959,-0.6366365860197685,-0.004343238522459815,-0.6863774276798807,-0.2699685449277412,0
734,-0.05171639817745472,-0.0317506026053709,-0.024237567912337124,-0.032702049373625884,0.2732974407706509,-0.020748735210376755,0.02894817140615866,-0.4276201250778789,-0.032665907430106014,-0.6270111372326531,-0.878262449840701,0
735,-0.12606003567561944,-0.046767511533588706,-0.12013108595960342,-0.05056495025397086,0.013285691553758616,-0.033881967146435224,0.02081551710586793,-1.6391271753971477,-0.0505624748396751,0.06536054906277716,-1.1780883410788587,0
736,-0.139088511400935,-0.14678572685290742,-0.12508713425338844,-0.12507767855443383,-0.2927724427941311,-0.05222832760603186,0.013939495445100066,-0.3430464589420495,-0.12490720466209804,0.4254875839151831,-1.8883543890380878,0
737,-0.19026793385756133,-0.1655025643077946,-0.17598682925865128,-0.1382297272742449,2.194589705563032,-0.0739147217655319,0.006850154214810412,-1.2132393299197548,-0.13793587181361447,0.9746648681357801,-2.027661037136669,1
738,-0.18464758210019228,-0.1945812409100017,-0.18913841922913413,-0.18906086096069416,-0.3914445465603177,-0.10110123134738366,-0.000957538802466762,0.08311703291456,-0.18911604624480852,0.9589357579406249,-1.941215061329646,1
739,-0.17897547411907788,-0.18090066980345562,-0.16752412986314655,-0.1835291359830519,-0.7034429727384097,-0.1259163303820626,-0.008277640824943965,0.08377420985093842,-0.18349561190812574,0.6536449560020404,-2.008293539725266,1
740,-0.18185972999030395,-0.19550763579079106,-0.21756351868800844,-0.17792582470990367,-0.20541140779763695,-0.14709265247027076,-0.01600012527063548,-0.11713180744708786,-0.17782342058724818,0.24341126452689857,-2.0024995357079636,2
741,-0.15265974154971995,-0.17029583780715,-0.1652651446148012,-0.18082232595228315,-0.471550293105142,-0.16153208778447425,-0.025465455941269872,0.6355728949804518,-0.18070771883658163,-0.48964992095769083,-1.3687174914758595,2
742,-0.11392476012973574,-0.13462601088814258,-0.12887032592687742,-0.15136419120718084,-0.14110839222249194,-0.1597961979237767,-0.03260848036050176,0.8398580226637146,-0.15150730136324128,-0.3919631464049215,-0.7895706129207942,0
743,-0.15726629489064084,-0.13012708059716424,-0.13153023794639854,-0.1129061375964134,0.5127087358993968,-0.16239643801972065,-0.045114880503496255,-1.0173607952488697,-0.11277175081372195,-0.4443716848231022,-1.2406093705965158,2
744,-0.14104340009300353,-0.1594292172561484,-0.1466053127741669,-0.15593960309433585,-0.5982596673747371,-0.15535511714188993,-0.05690311370664983,0.3241831823740838,-0.1561139223878286,-0.4768736418919879,-0.9451894457550759,1
745,-0.13856271805319909,-0.14754197760030688,-0.12432446046192026,-0.13987945465569573,-0.8381131582797818,-0.1487629101558743,-0.06797384780481334,0.00688293577798981,-0.13989078922868353,-0.5345105334985323,-1.3854724966410756,1
746,-0.14059068902747188,-0.15659499682189681,-0.12361072966022876,-0.13764007569732478,-0.8597324759929587,-0.14327216056443434,-0.0797210807183782,-0.09569052557840435,-0.137410070740445,-0.6236687758394678,-1.3416216631232685,0
747,-0.1681539336597811,-0.1646905406820132,-0.15641774824783938,-0.1393615140890821,-0.6851744992503627,-0.14131161563960065,-0.0925280423210884,-0.6769743845854477,-0.13943807151150964,-0.7284029856908064,-1.3377633020431512,1
748,-0.1641604733211064,-0.18497479257583305,-0.16576953635918365,-0.16707563706353062,-0.6517121600747156,-0.14295673721900518,-0.1004859206632447,0.04315448941076608,-0.1670017211280483,-0.6872939550307853,-1.1921927776642993,0
749,-0.18431596812684556,-0.1867390091098492,-0.17061577991424692,-0.1631178128686151,-0.6206442270172354,-0.153025843913981,-0.10766095941563578,-0.5163567565157997,-0.16300820211382652,-0.7289811282873101,-0.8142773394579301,0
750,-0.21828314127264928,-0.15734301677006368,-0.18912066788569182,-0.18323219004298277,-0.745476802922399,-0.1617539955382096,-0.1175795770284224,-0.8481012339367651,-0.18316399306240524,-0.37644302918709455,-0.9774608749282776,0
751,-0.3531129679671923,-0.23132672272573254,-0.3475689058612061,-0.21657743569109836,0.297131149136849,-0.1920894758693654,-0.1326140719618368,-3.3020794982954267,-0.21713166528477368,0.9738149115242566,-1.4434395468024181,0
752,-0.39867453294229277,-0.3688128874770031,-0.3943813540388751,-0.35156524377362824,0.145203740468858,-0.22929715693160269,-0.1519340571698626,-1.2759876063023383,-0.3519634730216142,1.7714916030492085,-1.6767130922161952,2
753,-0.3588761170165817,-0.3768481130919971,-0.38023809794651814,-0.39703663419237023,-0.4858175523668126,-0.2605217846503235,-0.16882976609270858,1.0653027212979893,-0.3975257074286168,1.7891752108016625,-1.3415296449835177,2
754,-0.34682302785972974,-0.3512420966794404,-0.43220300035363035,-0.3578183191575535,0.24390260047031942,-0.2860794959580743,-0.1837950506769,0.2764502512822007,-0.3577267067484248,1.6210724634861071,-1.2237769464995094,2
755,-0.3372553598667843,-0.345045041943806,-0.3479582942591444,-0.34571574548422784,-0.4669181799280679,-0.3108398450211949,-0.19744722883700017,0.20655116038465698,-0.3456734404966376,1.1284084399451038,-1.4006263623667123,1
756,-0.3405081449938357,-0.30161897664946413,-0.32862936356604494,-0.33627458565427687,-0.24133073714335038,-0.3331823468554982,-0.20770041382159166,-0.13597814400800462,-0.3361056319268224,0.4165296802893083,-1.8116055291211204,2
757,-0.331373483287261,-0.35436169243633797,-0.3528320523965432,-0.3397430289719008,-0.5308091552942698,-0.3493593489601245,-0.21689393570796048,0.19364591005621712,-0.33935846484674786,-0.5740163814510434,-1.55327287568346,2
758,-0.31074569735062146,-0.3290592328133888,-0.33394614451763993,-0.33059382648999763,-0.6599304278470446,-0.34329892493343794,-0.2226542140314742,0.49546227213242344,-0.33022366892542515,-0.42779893445382294,-1.5025201623188942,2
759,-0.299448498488036,-0.3094544518233809,-0.2951451312261099,-0.30976882438219283,-0.8923475416335676,-0.32910514198429064,-0.22814307115344845,0.24380961593507647,-0.3095955799066157,-0.6283604969592479,-1.4045298684082954,0
760,-0.3064908369035847,-0.3192011922877526,-0.2941311491296226,-0.29791742631714063,-1.0098604392882884,-0.32161169230907527,-0.23423983091115158,-0.23080454077040471,-0.29829821505532184,-0.6846050319447977,-1.4259140943220026,2
761,-0.28843552235777753,-0.30722157112410664,-0.3169871449694004,-0.3053128892739484,-0.7292273604731482,-0.3132596546145839,-0.23933542871099792,0.4176820167869103,-0.305340656943304,-0.6421392985442274,-1.107567445545774,2
762,-0.2801298332276736,-0.29250748189899795,-0.27218998145367573,-0.2873863838453316,-0.7497860856556626,-0.30508813662103706,-0.24543002396824726,0.1621976443839362,-0.28728507711241347,-0.5943804061425535,-1.0641744423688986,0
763,-0.33728791016653736,-0.30132942450332695,-0.31376857281268744,-0.27902313403638757,-0.802000012179753,-0.30462749829728114,-0.25610945454634587,-1.4973552838281197,-0.2789792659475797,-0.6174094985907891,-1.2404213106090096,2
764,-0.33085093249812114,-0.3541642761025058,-0.328608822725776,-0.33645691869265615,-0.8279687221002131,-0.3045527500467666,-0.26440887674937297,0.12134195637752226,-0.3361381827048341,-0.6202981945117001,-1.0172279700428546,2
765,-0.1920886305092684,-0.21663192059733302,-0.3052999140375985,-0.3299290966031566,-0.32943828634463773,-0.28757945607818586,-0.2668494493974743,3.6153925113202017,-0.3297011104584944,0.18922410670123604,0.99607451926037,1
766,-0.19399500553618765,-0.20658776573084076,-0.1772640384193261,-0.19097598143767927,-0.7790719566373037,-0.27249486665142614,-0.2694997758540194,-0.09467723931255057,-0.19093676964784476,0.5397003941776627,1.506644155468099,2
767,-0.16298554468519075,-0.1860320203100955,-0.17055111430599276,-0.19290307453551556,-0.9408192602025467,-0.25196715957329185,-0.2705705178553912,0.6847056340446399,-0.19284317268495774,0.8704704154661922,1.4765499355226699,2
768,-0.11739891223786668,-0.12624496885763045,-0.15421582088913008,-0.1620724534105473,-0.3649300935309075,-0.22750123655468038,-0.26814382066887704,1.0051724134765165,-0.16183325621479203,1.3008861354843595,1.583654270545677,2
769,-0.1085181678121246,-0.09819231666125185,-0.11981904270094952,-0.11584628901897942,-0.16048351257265064,-0.20295305478114717,-0.26548345283832564,0.14918879278698874,-0.11624595396725171,1.5289000717082937,1.581656393170434,1
770,-0.1014830627965211,-0.1159945526193247,-0.10601940189951174,-0.10811833640395062,-0.6135332847479184,-0.1692223626262595,-0.2615230490657621,0.10688285558948388,-0.10736507905754498,1.124488190088095,1.642267889105774,0
771,-0.1261842506126083,-0.08664094275319949,-0.10050646860287912,-0.10010154431088732,-0.20366913868101885,-0.13994582773717898,-0.25711962034906605,-0.5962978808872689,-0.10032987067578766,-0.075487381121148,1.3206738836494656,0
772,-0.16312909025996403,-0.14483232478429164,-0.1423231815546385,-0.12489833867126734,-0.44265037814977043,-0.13580331180508048,-0.248036118291551,-0.881801737756318,-0.1250314214241656,-0.21674327560929765,0.8547082877820773,1
773,-0.1683481130341703,-0.1705664713998272,-0.15082645544943996,-0.16189623139739415,-0.8482009960386211,-0.13213465339808184,-0.2370237601147186,-0.17036837018810794,-0.16197680389866728,-0.39306046395942035,0.752624876117444,1
774,-0.16984717281590322,-0.17998533122014287,-0.14763349594540806,-0.16750690084377381,-1.0053435118358385,-0.13311617463795367,-0.2279859153023142,-0.08442194311138766,-0.16719590335549728,-0.35763025280848465,0.8060437440890746,2
775,-0.15741482901710038,-0.17738378442389885,-0.15636462101282272,-0.1700344957061766,-0.7249402413776802,-0.13884024937700218,-0.218929937581149,0.23952221669231802,-0.1686949851627783,-0.370116009429265,0.7791391311576485,2
776,-0.09393538409515034,-0.11789979837004239,-0.13010226916177434,-0.15633569730082875,-0.6376855407487311,-0.13675425583698514,-0.20729633199719463,1.4131538821483074,-0.15626245869668645,-0.2772240740834582,1.0134739037448064,0
777,-0.1135174448845494,-0.12069691878387248,-0.09875745409256954,-0.09274312164983786,-0.7726356285735203,-0.13847571339823972,-0.19644346113066286,-0.4807003210697804,-0.09278208107706488,-0.34044487517186567,1.389128446239667,0
778,-0.2228297072795424,-0.1347013165587332,-0.20286578670369965,-0.11321493144253315,-0.47528148597668085,-0.15230035773171902,-0.19125377017059142,-2.489695317727959,-0.11236442958389002,0.0011224930393962738,0.4211840542387835,0
779,-0.23901768221537562,-0.2354583382449883,-0.2227230734548286,-0.2212857935556216,-0.6105791280132561,-0.163155837429722,-0.18782431299282737,-0.4414711393879745,-0.22167829809394485,0.31916585332078157,-0.530708586997483,1
780,-0.2361066128788357,-0.2515059397935247,-0.22027427562696078,-0.23808288175061135,-1.0516473302931604,-0.17284834852365646,-0.1847958131264086,0.02176338658699272,-0.23786651087821148,0.505135596666269,-0.4942930999024379,0
781,-0.29008760596248767,-0.26090882940637417,-0.2722176228313216,-0.23514310447244693,-0.8395308794797121,-0.19004813504319984,-0.1840115424619633,-1.3698933717719355,-0.23495539876959634,0.9140205371976701,-1.06798577582371,0
782,-0.33338337076167096,-0.28372362209708835,-0.30994658177424594,-0.2892558587053216,-0.33551094728977804,-0.21521954596511692,-0.1861605873092677,-1.1551368781017866,-0.28893718499103677,1.344172618606694,-1.6947260197721323,2
783,-0.2947282061686675,-0.316260217158977,-0.32492808166301124,-0.3324990944977406,-0.5099973249755695,-0.24394194477842523,-0.18685856417049515,0.9735458027887967,-0.3322335859309277,0.8621502280576028,-1.3973414602056642,0
784,-0.32631833443594965,-0.2922791079322313,-0.30178819112346666,-0.2936595383121427,-0.6778873066137721,-0.27438203698094565,-0.18633408722581252,-0.8593011429625107,-0.2935778533811305,0.09357603064471764,-1.570800297449651,2
785,-0.2932409941971896,-0.2971082529745107,-0.3908118124632454,-0.325800911990713,0.45247726022278606,-0.2844540158640677,-0.1845358822619891,0.8207144590113764,-0.3251684457992746,-0.1115143238405447,-1.195951180725887,2
786,-0.26509408901758336,-0.27630521503353883,-0.2722652978679953,-0.2921122017819295,-0.4615088837365075,-0.28818411412184736,-0.18802641651454313,0.6709711447204216,-0.2920906195581832,-0.2459263021700581,-0.8134415986204314,1
787,-0.26857634752220455,-0.26451109397200023,-0.2530754616302975,-0.2640376530339405,-0.8797527841171331,-0.2928287456288822,-0.1915922968490114,-0.13674198925571793,-0.26394330081867656,-0.4680722994968198,-0.8050669184489503,0
788,-0.3131257353601548,-0.27163134954693074,-0.2996081993534397,-0.2676895518231485,-0.6041235203742517,-0.2961242336530016,-0.19877079403187978,-1.1675479686261931,-0.2674256104878031,-0.4506026956574404,-0.9955266106281242,2
789,-0.13805712833979264,-0.14641656936493871,-0.291518024579603,-0.31215424437198797,-0.04020718709845024,-0.2681838014422722,-0.19975850388774233,4.506239368451485,-0.31197565288582957,0.6191697917547367,-0.10111301126012193,2
790,-0.10097734836932251,-0.11392518227495438,-0.11512051568238843,-0.13692284087945936,-0.18814290799049851,-0.2404687200431181,-0.19939796251049138,0.7928341262545157,-0.1369044735984552,1.3750449094425448,-0.21524244785741023,0
791,-0.11472242954437498,-0.10499439656435573,-0.09953128587134433,-0.09978813601714784,-0.3399933021578731,-0.2102009948087296,-0.2000309626184249,-0.35370336164116056,-0.09982414881817331,1.4680717361065747,-0.1892994556212056,0
792,-0.16172905322920414,-0.13820456583806884,-0.14880825449535864,-0.11359406443615355,-0.5342020850224902,-0.19138887603781193,-0.2017304293921234,-1.0997946116216881,-0.11356943194844486,1.2956523141522547,0.12080059355346684,0
793,-0.267540100623168,-0.1866978551136863,-0.24972197926342293,-0.1604327032131391,-0.3707160254706069,-0.19173876564099626,-0.20672252471572203,-2.495557899415292,-0.16057674629729152,1.3057341623523746,-0.3067531132071448,2
794,-0.25914399399374993,-0.27831758402202983,-0.2506572214722125,-0.26610118412355993,-0.9024034805518408,-0.19038951512001306,-0.2110636539813389,0.16092297060789748,-0.26638934836328576,1.2677114087819976,-0.2823046779091306,0
795,-0.29045139609421106,-0.2759953930086946,-0.2690094478900535,-0.2579358567030618,-0.7748156532752104,-0.1871460654364071,-0.21682997859537653,-0.8293547017705738,-0.2579931183706418,1.1178977579785339,-0.1854930634058153,0
796,-0.30187941972476967,-0.28259809101397043,-0.2998929816203786,-0.28906130361649013,-0.3693397584949069,-0.21058001660596887,-0.22373711420481707,-0.3414951207432062,-0.2893009804678952,1.2933621462777434,-0.03724501709380881,2
797,-0.2803215183262196,-0.28655391140334824,-0.27726268143293886,-0.30085520815849653,-0.4969389920526579,-0.2362342940903391,-0.23264860108576815,0.5062136100638506,-0.3007291720093586,0.8885445126005397,-0.11489041508590338,2
798,-0.17669832498807445,-0.18713629873250837,-0.2529599511026121,-0.27905181844051014,-0.19712357131648964,-0.2450996328378271,-0.23566940296296932,2.5754779787532427,-0.2791709538625373,0.4183727700493803,0.45494611733172885,0
799,-0.2579666957957833,-0.20163257889732805,-0.24884252699116635,-0.17588761072479248,-0.25268902609703675,-0.2588659414244851,-0.23734937134414966,-1.9492026743331172,-0.17554623799830105,-0.02581629533845423,-0.04346100028862841,0
800,-0.2784792461884693,-0.2621105260943309,-0.2646019161086361,-0.2567938432745809,-0.46983449886195366,-0.2604307309341837,-0.2392361061653787,-0.5600158186187294,-0.25681580287474054,-0.012398370496965034,-0.23774583002631025,1
801,-0.2749979853941854,-0.28642320139762484,-0.25080328966968074,-0.27740283934786253,-1.0111088891570774,-0.26269856431131183,-0.24109557901394948,0.03846011567450517,-0.2773286546564512,-0.007914536015813304,-0.20972464270921837,0
802,-0.30865985917678757,-0.28954439417526906,-0.28470379101333815,-0.27452105445194597,-0.887438003880407,-0.26530319296802574,-0.24198355489022227,-0.8986975512948763,-0.2738473427123212,0.060359355089064266,-0.16563124233973378,2
803,-0.2506461209099313,-0.27277739620425523,-0.28624270569447685,-0.30767436402204124,-0.5639472668920056,-0.25797452839782303,-0.23802772459382437,1.4545223528113824,-0.30750971108575254,-0.007723102720457421,-0.737421735123077,0
804,-0.26111709089947344,-0.2711379929839749,-0.26581014862050645,-0.2496332182871768,-0.5818305005433825,-0.2552274320731831,-0.2364207112072801,-0.3086436723780002,-0.24949512042835212,-0.03303980938701194,-1.009273011434726,2
805,-0.2034847274090347,-0.21859220213993424,-0.24269447598522964,-0.2601269710336265,0.14071313663538593,-0.25905909161740176,-0.23054779538080974,1.3880720857564282,-0.25996624426689746,-0.2880580498509423,-0.6075887056849598,1
806,-0.20963224436585343,-0.2241875485973421,-0.189443742336342,-0.2024900259672896,-0.670491491442609,-0.252145092520937,-0.22655029695997253,-0.1962241980029307,-0.2023330339894193,-0.11785192240675488,-0.4294343489648167,2
807,-0.18250163187853852,-0.19562520108729223,-0.20114454036634624,-0.20874784051363512,-0.09864720619906225,-0.23841597966275713,-0.22260138948734023,0.600538256345268,-0.20848064127114174,0.0879617890144566,0.3242815214895856,2
808,-0.1700662949487239,-0.1918258887310832,-0.1589383122213383,-0.1816160109428753,-0.778518771145885,-0.2234060314484447,-0.21789143053694923,0.24233393842518922,-0.18134963015622185,0.21546103332521152,0.34392700373875285,0
809,-0.2001677146790222,-0.19419685030106523,-0.178346236392756,-0.1689487286527361,-0.7571831169439477,-0.20788677826899088,-0.21249068587559924,-0.7497391107673936,-0.16891411051514044,-0.24595896612416693,0.35242398992628404,1
810,-0.20558977150686084,-0.21893949272844923,-0.1892758653455018,-0.1991284632337225,-0.5504304632045609,-0.20144169510684024,-0.21571955408568386,-0.17859544420609774,-0.19901597252284248,-0.39091287485328263,0.3953875259922667,2
811,-0.16469761562392865,-0.16641028633062346,-0.1801794429891063,-0.20462077833439632,-0.20999925778530407,-0.18764937626976452,-0.2187661451211854,0.9272890222396545,-0.20443810901646559,-0.6984001204881061,0.4842991946336044,2
812,-0.14764400225673038,-0.17368127609448494,-0.15001712098378053,-0.16342623257033329,-0.5215248852143252,-0.17966164263822285,-0.22034019012478365,0.34548239949183157,-0.16354535230883147,-0.5482376300446345,0.019977687542363797,2
813,-0.11354700205329071,-0.13473645101515883,-0.12247007904874949,-0.14675161430946695,-0.2543048834416646,-0.16591713413799192,-0.21803651169546895,0.7304900658516675,-0.14649148837445355,-0.29922177748100615,0.9633209481778681,2
814,-0.10116591562306462,-0.10745012308165837,-0.09065574094549539,-0.11233768753558387,-0.2758932777972206,-0.1542824708271666,-0.21008183538290984,0.2267804001595158,-0.11239398718691211,-0.05768540556769513,1.2574376112593277,1
815,-0.09630993469782878,-0.11573681804037018,-0.0757247055902304,-0.10003581961100642,-0.9035765412949165,-0.1437319961026835,-0.20229641942815518,0.05785167608708688,-0.10001271884251682,0.10548725337688411,1.2629120001607659,2
816,-0.022250644645783125,-0.049959587462832904,-0.06692752016614825,-0.09507129754618834,-0.3870891795948619,-0.11828185805283348,-0.18947321512782433,1.583548875648649,-0.0951566665687979,0.4960232845820729,1.895323422597157,2
817,-0.01243280078576974,-0.010356175597150649,0.0062010410741373005,-0.021112552389693066,-0.009239342378270659,-0.0906517291999682,-0.17563420420540884,0.156176596673481,-0.021096288370384998,0.4762404188088839,1.788791160497209,2
818,-0.0016502957434182351,-0.012386111813854435,0.019517084562082215,-0.012218142245278885,-0.23799231066453647,-0.06732863378904529,-0.16231038613068813,0.17492066198670164,-0.011278300257690782,0.46489001748826747,1.9628412563872766,0
819,-0.014518888387187926,-0.023932326116417713,0.008019032233251318,-0.000837417837438346,-0.33304696186622745,-0.04828575878414052,-0.1545562689717523,-0.3156502406309826,-0.0004956367889800277,0.22008847270201184,1.6143576979613532,0
820,-0.06317485197329978,-0.028433344819141632,-0.035985533797773805,-0.013440596720103584,-0.14905634986054256,-0.041080277190024606,-0.14524288861810264,-1.0641497006762581,-0.013364418509803076,0.00015336850943172583,1.0358710746167372,2
821,-0.03945428870494686,-0.05660491363726856,-0.06803609156412105,-0.061585997177074164,0.07371188782563394,-0.032252740720063955,-0.1338146362879503,0.4615629904737887,-0.062021096993532546,-0.24405349169432422,1.0195208391366446,0
822,-0.052630300846384745,-0.0436466872991937,-0.023262258385492025,-0.03823664279168041,-0.3329220959949005,-0.026004589762550462,-0.12318280086859171,-0.32897532072472674,-0.03830018520111558,-0.5648244246371726,0.8018962922235507,2
823,-0.033965385284511804,-0.03467757309067618,-0.028079465814496055,-0.051849387984660475,-0.5136256276397227,-0.02768032422927777,-0.1100491189535734,0.34972107839528854,-0.05147639093649335,-0.5703691633496307,1.2601262600452676,1
824,-0.028566275794430128,-0.05110612551115634,-0.041007769243536614,-0.03313555802027868,-0.18718747512900805,-0.029988136324640712,-0.09943104570238974,0.06445656700060402,-0.032811201132725176,-0.613273657484321,1.3542515615762216,0
825,-0.06262199573266566,-0.04119808595137599,-0.030978006608006058,-0.02741314411262142,-0.3189157466544179,-0.038709829985459646,-0.08994060563392839,-0.7664140051149358,-0.027412012314022155,-0.6995989232009366,0.7220111534363464,0
826,-0.13762599276030424,-0.09031470470917423,-0.10728583345881086,-0.061899156041212586,0.13041509941760698,-0.05631967934183561,-0.0867917702753356,-1.6652704622682308,-0.06146823262983231,-0.14518805418972747,-0.10862348382756917,2
827,-0.12814026172880622,-0.1432640504111108,-0.1168304772371249,-0.136507914738086,-0.48194763350080366,-0.06561265300891445,-0.08289547864844672,0.16584433565598594,-0.1364733316843312,0.09940522207009393,-0.3011611296644182,0
828,-0.16696902792049287,-0.14193311789042762,-0.14009158409331846,-0.12700527051147226,-0.4306223729073267,-0.08385299226259027,-0.0821528343687625,-0.9254699423921912,-0.12698746127985575,0.412668814040679,-0.6758377350763757,2
829,-0.15118213254023813,-0.1770366166831336,-0.14009272525111116,-0.16605384870276355,-0.9450267802490461,-0.09795033391286366,-0.08124994550175949,0.31675161658982576,-0.16581679797904855,0.47815779590183966,-0.582627614349525,0
830,-0.16952291695629376,-0.15849545151037464,-0.14535270190369073,-0.1501219070790714,-0.8711409346154861,-0.11734115399605899,-0.07978475757883742,-0.470296304579677,-0.15002967064338557,0.3679562531566538,-1.4322961214811227,0
831,-0.255270757750715,-0.18842828851652396,-0.2313105394356708,-0.16864118195462166,-0.12037720379300341,-0.14977008485260518,-0.08216010303557596,-2.043235342717355,-0.1683707245389072,0.46929548703338286,-1.8616507477092423,2
832,-0.235946106228329,-0.24525679761200056,-0.23081489656769918,-0.25380081277658884,-0.25667719811689627,-0.17456322324375592,-0.08556663320440024,0.43023141485746813,-0.25411982521850146,0.20995052483268858,-1.7696363542524205,2
833,-0.2027567730042115,-0.21970544844807813,-0.22028441925178496,-0.2349685037517007,-0.4087331016573303,-0.1838798523237662,-0.08820168293873389,0.7620604666701764,-0.23479488976078014,0.1268818038366148,-1.3989868477783698,0
834,-0.24206543786812013,-0.21903162854075423,-0.22083623244222045,-0.2018714405566458,-0.563033064206497,-0.2001762732324365,-0.09434640158665829,-0.9866346376126842,-0.20160506888882868,-0.003128195807700134,-1.3637489146193342,2
835,-0.2223363395177674,-0.24525249794075965,-0.21528285144160142,-0.24084843245243115,-0.682135980587055,-0.20809628744656689,-0.10013979736339698,0.43520019039021735,-0.24091431131135072,-0.08930003133524099,-1.4013749109010212,1
836,-0.22645426422101528,-0.24475066488307176,-0.2084146030731478,-0.22127993195999654,-0.9089810338791318,-0.21886358561657607,-0.10636225318051386,-0.14924625385395368,-0.22118492308316248,-0.39732897344340606,-1.3662104818754044,0
837,-0.2490434239669155,-0.24673047921788163,-0.22326588417823265,-0.22557535911995494,-0.8051124710036472,-0.23023859241517233,-0.11720566106572244,-0.5979641400755215,-0.22530290829070096,-0.7104060095991176,-1.6331756683589278,2
838,-0.21362832369416343,-0.23366046142754338,-0.2532813772142284,-0.24781487649540532,-0.13165241433853617,-0.2242818525965981,-0.12682521388439655,0.825438304747388,-0.2478923999370569,-0.75884012146128,-1.3479052312059647,2
839,-0.1920287678890328,-0.21206628397824587,-0.1908796992255153,-0.21247257274635442,-0.5187484248634536,-0.2179996992129558,-0.13592758227644589,0.4695830373764916,-0.2124767793134794,-0.6362741861016398,-1.0209624262708068,1
840,-0.1961272372407041,-0.19780918838217,-0.17976342757600453,-0.19096750083124303,-0.40281620473974106,-0.21705137761370644,-0.14461063386156497,-0.14650702418850284,-0.19087690614805317,-0.6029847740907598,-0.6353042593542739,0
841,-0.2231696770769637,-0.17367894198723988,-0.20888843714774738,-0.1951253675662135,-0.05482250943740212,-0.21434843449193605,-0.1522603004572773,-0.6909984968530586,-0.19497543571815937,-0.6656998463527055,-0.8837421354158159,0
842,-0.24829738606222945,-0.24021954848166152,-0.23318153103449116,-0.2221245005892062,-0.3939618804380157,-0.218062031047633,-0.16224549881956196,-0.658040433828326,-0.22201827288651124,-0.5685245176144891,-0.8049332395253135,0
843,-0.256393680735301,-0.2666964325921251,-0.23198749959737464,-0.2472555306150147,-0.9410070536848493,-0.22234471332920488,-0.1719878259201776,-0.2495250773504389,-0.2471463510709042,-0.4596025674127086,-1.0043005151900866,1
844,-0.256950403103492,-0.2695247563343892,-0.23583928753373715,-0.2555676473557402,-0.8568621741182554,-0.2234757667494616,-0.182649177254816,-0.0634348965895739,-0.255242764702092,-0.4206572471652412,-0.9006708628014591,2
845,-0.22537436749472364,-0.24921409217437523,-0.26489582763791675,-0.25575185111612747,-0.05146182372134472,-0.22515597897534875,-0.19205895837661266,0.7354780157225798,-0.2557994952501538,-0.43761397691559323,0.10673440878243676,0
846,-0.30010998044163933,-0.24222810918991056,-0.2796128325093915,-0.22459697150977337,-0.09185050129623806,-0.2406164504160325,-0.2034137250219352,-1.862332783809987,-0.2242229956975856,-0.2597923941621086,-0.7080631675510652,2
847,-0.26423518513099475,-0.28361416475206996,-0.2759667065663393,-0.29892686791265494,-0.2571602941474195,-0.2503589482875187,-0.2094671589936943,0.8739915688746047,-0.2989597067280189,-0.4701645648421035,-0.682269574561815,2
848,-0.24722759115310258,-0.2562048662210798,-0.24532129442876185,-0.26313259772647235,-0.12250606569732224,-0.25380031135804815,-0.21516095793550005,0.3757205977808032,-0.26308438431229186,-0.5680174788853771,-0.22858087629160737,0
849,-0.2843904305091496,-0.268224535751141,-0.26823409456755504,-0.2463010882465355,-0.2616762985008145,-0.25896323902789947,-0.22077510564572858,-0.9665068449436288,-0.2460765404433787,-0.5163283090274363,-0.6940335788529484,0
850,-0.31296323328897363,-0.3033234891771066,-0.28568417235259536,-0.2834244440619985,-0.583594466403914,-0.26705522773724727,-0.22851017758579478,-0.7758207219509835,-0.28323992582962143,-0.32848737170317543,-0.8480031122169065,2
851,-0.2888834942992072,-0.3078317558970652,-0.28932459250668396,-0.31192227484299656,-0.4404465538388163,-0.27162309511016197,-0.2342170410468689,0.5769471758079676,-0.31181314842702035,-0.3261447210261562,-0.4885024627744435,1
852,-0.2869604076241388,-0.2937704796140749,-0.27079751535593616,-0.28769218453623857,-0.16770559899050896,-0.2804326670244499,-0.23573218540175328,-0.0005421790007173278,-0.28773305563585383,-0.5913077970284145,-0.8002325478187963,0
853,-0.3118273400700033,-0.30776455817795745,-0.28933004470502693,-0.2859067674518078,-0.4255107809985515,-0.2821087761244137,-0.2393602161170219,-0.6829508018069174,-0.28580994070504906,-0.5365067093618218,-1.1811228977153474,2
854,-0.24963668747620865,-0.2677314248836846,-0.2845767421124153,-0.3108129366922553,0.008831431359281687,-0.2800205347849778,-0.24160163683493532,1.5670547106998842,-0.31067723851847495,-0.4581188715142592,-0.5644302145966602,0
855,-0.34935122585434625,-0.27130617155336895,-0.34545611560563927,-0.24862764285047903,0.30147409549952364,-0.2946288048110837,-0.246731180918759,-2.5145025768661435,-0.24848567216311646,-0.3198676578312365,-0.9429406644816112,0
856,-0.3664070840698033,-0.3708398753477131,-0.3576084317356299,-0.3483216612413653,0.05680037782668571,-0.30636087276339086,-0.2536194859705322,-0.5072156864073807,-0.3482016756378357,-0.06918320356758474,-0.9067593619770581,0
857,-0.38361459425652394,-0.3863893292710538,-0.37517909186076764,-0.3652646657529787,-0.5614714791061519,-0.31646719302652265,-0.26113362979402654,-0.5181279381940396,-0.3652577844534558,0.19884787688536695,-0.9475096860287899,0
858,-0.42967488968646217,-0.406107375886322,-0.4096466218320969,-0.3824912717210042,0.009229374773099016,-0.336606690873285,-0.26976997467926933,-1.3227755824213707,-0.38246554746854794,0.5750927114267459,-1.1295700692530009,0
859,-0.5497932280305244,-0.446389398721568,-0.5259172874027315,-0.4285595471750973,1.2343974861873808,-0.37420359802853614,-0.28584267851632494,-3.5104919487240553,-0.4285265196581892,1.572347440822377,-1.7008341772185915,2
860,-0.5266159180408095,-0.4975181407723578,-0.5373479480241367,-0.5494466634075617,1.0710972208223573,-0.40492801901785874,-0.3018399468292988,0.7011211559597875,-0.5486466228899977,1.8564518532312164,-1.3413908163492867,0
861,-0.5932326631182732,-0.5158499733795597,-0.5949438935594281,-0.5257399387612405,1.558438650104817,-0.4540776875225717,-0.3208263366037404,-2.1568441996100294,-0.5254689723581895,1.6726527197422687,-1.776913077699709,1
862,-0.5896761375504221,-0.5781493227380827,-0.6540178920269132,-0.5921304909621898,1.401808397292007,-0.4884549520444106,-0.33834972978836403,0.07101439914515222,-0.5920866962293885,1.6164478411710554,-1.8810165030327373,2
863,-0.582162131572934,-0.550085368548728,-0.5750813448029216,-0.5891237418361391,0.2892589380051949,-0.5193176216178292,-0.3543124585176493,0.2042484499440106,-0.588530118405833,1.2321633533945922,-1.740232018814694,2
864,-0.5560408901624456,-0.5731060540680064,-0.5776592836543323,-0.5809909026211798,-0.36778597412522607,-0.5439823321675826,-0.368639179691088,0.8257691222044068,-0.581016002025743,0.44824794517885763,-1.460131188578838,2
865,-0.5176059701263923,-0.5380281690311213,-0.55088562971449,-0.5550360689804504,-0.49423048282187326,-0.5565604290059053,-0.3811016339157769,1.2034131142156277,-0.5548943768182465,-0.34211599518487923,-1.3536755190050895,0
866,-0.5636505516185186,-0.5381177864645565,-0.5598397877327264,-0.5165388549223157,-0.1819301122144935,-0.5585426491394203,-0.3972752821830895,-1.4929681281063911,-0.5164588920614325,-0.35022415522199396,-1.4947125949709088,2
867,-0.5456777352462236,-0.5573284718733985,-0.5495040680134364,-0.5625765128928778,-0.3437545831933978,-0.5612693457923505,-0.4090163584941236,0.5410070198986671,-0.5625041500823785,-0.4376413332359901,-1.30466426121883,0
868,-0.6001315183159446,-0.5597114725228551,-0.5770957418976939,-0.544631300244181,-0.24314273668158778,-0.5622561921760835,-0.42507622141732987,-1.8059017571989062,-0.5445310696371383,-0.3980970669288759,-1.8859614014743193,2
869,-0.5492383140123197,-0.5656227833925942,-0.5774630679116395,-0.599038693193315,-0.1285072784254617,-0.5564717658066075,-0.43951594680661166,1.6893438784094603,-0.5989856527913077,-0.45150989525090246,-1.2431210990594386,0
870,-0.5847917218805744,-0.5582566480465592,-0.5747153501397341,-0.5482505237556494,-0.2678320756792394,-0.5568479154157007,-0.45387872211777525,-1.2005249431818008,-0.5480917007184921,-0.439840100021074,-1.3024838768461064,2
871,-0.577401120200426,-0.5920991761120589,-0.567126650818143,-0.5837297019982853,-0.8886314935574641,-0.5599033884129886,-0.4665220164795564,0.19877133598776767,-0.5836456309697131,-0.4182252880730358,-1.1944039048457105,2
872,-0.5489385644128693,-0.5657765887752687,-0.5590835171044284,-0.5763030603413443,-0.6879098869915714,-0.5643853577366842,-0.47895575976847327,0.899397915449755,-0.576254920700131,-0.6193010675935795,-0.8265910695746187,0
873,-0.5880428233714318,-0.5605961605926078,-0.568809161188199,-0.5483055229826845,-0.2340118957451353,-0.5678745489837361,-0.49335110097282886,-1.3150802470719218,-0.5477919467148482,-0.5803225856442827,-0.42751050824329523,2
874,-0.5702699855648613,-0.5862658121395298,-0.574943074517037,-0.586881993296558,-0.45824205083192737,-0.5713923461543442,-0.5057077510761595,0.5497696581765009,-0.586896780228707,-0.6641893756156398,-0.46534979757847134,1
875,-0.5732463425715956,-0.5742073227205506,-0.5555205688849345,-0.569257983616634,-0.41638297763665444,-0.5675465575852072,-0.5211801638059415,-0.1480892912575605,-0.5691236812874579,-0.7737074766416617,-0.033222627644047126,0
876,-0.5826690931380542,-0.5843850130910103,-0.5919740938015282,-0.5720789700472908,0.009749225773639665,-0.5723286616503486,-0.5323355489528462,-0.3623890528248523,-0.5721000820255333,-0.850487077197039,-0.1318741674101863,0
877,-0.6030910389607377,-0.5997075057967064,-0.5898737294863711,-0.5820924460968878,0.0008886725343903807,-0.5749462865124325,-0.5436518733545709,-0.7343454691603564,-0.581522971039603,-0.7440452668225652,-0.3341525308247011,2
878,-0.5971103267009297,-0.6164397378545439,-0.5824744623583715,-0.6021590575026513,-0.04805954008241704,-0.5777655889334824,-0.5538595233316806,0.1554143211969247,-0.6019452169200666,-0.6985139430583823,-0.4946027573338439,2
879,-0.5769627512209925,-0.5949566147710114,-0.5731734557688033,-0.589476310577246,-0.8508963888408596,-0.5817743072811278,-0.5609016450603341,0.6365519372401363,-0.5959644167862009,-0.875489201711521,-0.6559891139479301,2
880,-0.5041559617835843,-0.5178555243179401,-0.5581620321868066,-0.575955293120058,0.12509827212609378,-0.5697747155186255,-0.5587196377928949,2.376789175822011,-0.5758165452797821,-0.27629816886439534,0.2562833448130608,1
881,-0.5020513541840308,-0.5084135076967985,-0.4938082136006797,-0.5031457948504745,-0.1393451262881355,-0.5600163849329789,-0.5575451577842341,0.015498357825978701,-0.5030086860988836,0.007933716462061693,0.1528203544646042,0
882,-0.5656886867668522,-0.5176148041523246,-0.5517345243169637,-0.5009527474405016,0.2106919854680375,-0.558935300450596,-0.5562282262167785,-2.013881840627133,-0.5009040475765233,0.0014866162023949657,0.07546158914279821,2
883,-0.5443485980063053,-0.5601512060430495,-0.5468293209426099,-0.5647321458626909,-0.3445797982730692,-0.5534537472131275,-0.5540610275908742,0.6531615256003629,-0.5645423151768453,-0.01934331927700234,-0.1439310137326928,0
884,-0.5687118114456456,-0.5592611740961831,-0.5558211371680061,-0.5432479636766687,-0.4785579145318734,-0.5485359723973505,-0.5534179413878505,-0.834314308146685,-0.5432019128683282,-0.16005636421365632,-0.04812156944631565,1
885,-0.5646084782560802,-0.581353192051302,-0.5517858764176361,-0.5675657284882014,-0.9202585314859635,-0.5438867471732491,-0.5538275745894445,0.0859604070171161,-0.5675654842741328,-0.3111603366084801,-0.07480854802439017,1
886,-0.5622539442170431,-0.5754665735792606,-0.5493694747915505,-0.5634478328468018,-0.8891269982120426,-0.5417827266386868,-0.5559622818572965,0.02785117158371189,-0.5634620907946685,-0.36861510526521507,-0.30708603895719583,2
887,-0.5155128985526133,-0.5259171621991283,-0.5389908982573784,-0.5610480082975451,-0.21263990099102842,-0.5434072790694412,-0.5536607261887574,1.4841155426420887,-0.5611075221606783,-0.43927113872678325,0.4708951684634065,0
888,-0.5223833190056728,-0.5323204168827013,-0.557898741724964,-0.5143880234723232,0.19388291642817765,-0.5463156639222202,-0.5525469744304333,-0.26451758361725936,-0.5143657897343445,-0.5839832519937337,0.26396419333414883,0
889,-0.5524303011656944,-0.5397421408354938,-0.5373608811457875,-0.5214203169299787,-0.2912054956013768,-0.54441911884195,-0.5502662856195755,-0.9960118398242875,-0.5212363111338627,-0.6171837704078429,-0.005160345818929587,1
890,-0.5556982390184929,-0.560007289904229,-0.5348984528220622,-0.5513104013867272,-0.6851237989239592,-0.5460426276515457,-0.5505751473124365,-0.15573807666236245,-0.5512837347714418,-0.6117786012024402,0.052080411107449896,0
891,-0.5885250916057047,-0.5714390715279095,-0.5687252226927789,-0.5546611139326479,-0.30846327288228964,-0.5488768172838258,-0.5507536470461452,-1.119402100410545,-0.5545517206397519,-0.4920160076546435,-0.061144997550456104,0
892,-0.6116079308978604,-0.5979786694146154,-0.5928080899550414,-0.5874074791086039,-0.42921353443952337,-0.5555998515479199,-0.5523891418002317,-0.8284461174125465,-0.5873790555489029,-0.2323547123219887,-0.3001400004167356,0
893,-0.6626320223263545,-0.626258589948013,-0.6406394018486444,-0.6101124321196435,-0.11054966771250309,-0.5699584285219189,-0.5578250491590372,-1.8151114852934966,-0.6104622339951026,0.30749459846496535,-0.8157080222635272,0
894,-0.7991270899306804,-0.6799450835722645,-0.7906478903798186,-0.6623429282254736,1.4578035586909013,-0.6105280058093593,-0.5679174022194097,-5.0545749128406365,-0.6614870751158999,1.5422455390561074,-2.0502538268500112,0
895,-0.8080855934058326,-0.798716683552018,-0.8292890781827127,-0.7980195985087476,0.6611730734090299,-0.6513962728243333,-0.5792878331696696,-0.44053957660257775,-0.7979841482297554,1.9828147925919697,-2.0910920929074446,2
896,-0.7963989133703394,-0.810550300165098,-0.854362216818436,-0.8073185211086906,0.84538891444296,-0.6862947502963297,-0.5899571955411117,0.46684027691248037,-0.8069427833313789,2.0155969561430123,-1.8069428757267945,0
897,-0.8663564291552216,-0.8034349585001571,-0.8515431132868304,-0.7951998592260962,-0.24780949468394903,-0.7307328349827471,-0.6035208438438057,-3.090920358708763,-0.7952559315845661,2.0151725767002495,-2.205445507535541,1
898,-0.863488386076976,-0.8545587866409572,-0.8495535680728774,-0.8651386722170106,-0.4344727906377554,-0.7700649451710956,-0.6159709520679721,0.08849024587589938,-0.8652144752488218,1.6637913684665173,-2.126936373012041,0
899,-0.9099047393835238,-0.8705119796938184,-0.9345294393242215,-0.8623384508006425,0.2509413995261671,-0.8127347966607338,-0.6309262668318913,-2.274628979525742,-0.8623463900306818,1.1143317480001012,-2.2561601097324226,2
900,-0.8608771286967826,-0.8721542084123428,-0.9228917219610926,-0.9090324204090098,-0.05679640859879573,-0.8410927576135082,-0.6445007704323162,2.4802705266175598,-0.9087634253284584,0.033516989643032465,-1.8149702051293068,1
901,-0.8594000185424694,-0.8649366574196182,-0.870241681094762,-0.8597860376929337,-0.2646496049797367,-0.8497144955589017,-0.6614856859916355,0.020926295221833913,-0.8597350942835229,-0.10190932555768688,-2.241567835969342,2
902,-0.8558542183607439,-0.8426925539503212,-0.8466794987742557,-0.8584794630851494,-0.34980203062495696,-0.8565475560366113,-0.6784016953051015,0.11931686296068514,-0.8582579624261655,-0.25698955775156646,-2.193335356496806,0
903,-0.8789553905803468,-0.86737622945783,-0.8650835844740103,-0.8544847856666764,-0.3680197961847169,-0.868356843034826,-0.6933795912349127,-1.144199306100076,-0.8547121101463226,-0.682606145682145,-2.1809514015247546,2
904,-0.8438727772774866,-0.8579411537345487,-0.8617714373782943,-0.8778810951744709,-0.477979723495986,-0.8651406702187705,-0.7077004300951343,1.6728951225263953,-0.8778136217893335,-0.6054253157435635,-1.8332402917674318,2
905,-0.8392185209110654,-0.8473379187589897,-0.8349145423172385,-0.8428239518168388,-0.5346626981360978,-0.8616689886156041,-0.7206338867739547,0.16700794457748835,-0.8427304930208485,-0.5293782313134652,-1.7052075219504403,2
906,-0.8305765410404088,-0.8458284884579342,-0.8288421881115523,-0.8380680776133124,-0.8380583133602519,-0.8503214906003715,-0.733350341847357,0.3498333962398596,-0.8380761682698648,-0.7618691828776359,-1.555052507634746,0
907,-0.8457431100184722,-0.8375633532793018,-0.8271645593609429,-0.8296749586096407,-0.8539701258800699,-0.8481566456839167,-0.7469045152431057,-0.7417739589282191,-0.8294340614233893,-0.7698720997790381,-1.4290940092253501,0
908,-0.8550598538615969,-0.8471752683383339,-0.8400208430537317,-0.8446249582513361,-0.7185863245070119,-0.8475358070523753,-0.7631389215748108,-0.4844045086713527,-0.8446008532424619,-0.7794653959453244,-0.7311055260098199,0
909,-0.869581527820414,-0.8570397583708315,-0.8527250991694681,-0.8540974838536212,-0.6994277595738845,-0.8494994293216513,-0.7797391493530558,-0.7368523121680455,-0.8539177339756507,-0.7303919515781238,-0.7742049421965522,0
910,-0.8752201501483341,-0.8822073925884409,-0.8621715399799531,-0.8684766014958767,-0.5993959449517171,-0.8489651220478954,-0.7951723655436274,-0.32243762940927306,-0.8684396213000936,-0.7585386379535061,-0.9563282851866759,0
911,-0.8854142555192867,-0.8892204020778484,-0.9013871105385165,-0.8739954184916637,-0.4743334568893035,-0.8549074206471874,-0.8109367353966103,-0.5471990349139785,-0.8740783264757752,-0.6418710733354157,-0.41925250066484293,0
912,-0.9018679955462074,-0.8737628382713132,-0.8902192965953678,-0.8831853403559409,-0.2669950136395465,-0.8638691114951599,-0.8259182746040447,-0.8657091560402865,-0.8842725816277845,-0.5193103013503112,-0.6314066483551284,1
913,-0.9027335716206765,-0.9134176619202616,-0.891732788816791,-0.900605815481395,-0.8505954311360907,-0.8741908101899056,-0.83983756285321,-0.09368022842682588,-0.9007265634080008,-0.5920041867362837,-0.08099771835546443,1
914,-0.9009833382615383,-0.9075517432940514,-0.893684612425929,-0.9016511125820625,-0.9293600140853482,-0.8820926457722285,-0.8512336070588403,0.03966024209737559,-0.9015921522002999,-0.6877035801843147,-0.9401610001500296,2
915,-0.8711578477963885,-0.8855223776913,-0.8905647504182864,-0.8998881441617277,-0.6896096710685143,-0.8843953824792209,-0.8546775389607137,1.4671374997618072,-0.8998418931251433,-0.7937093578600345,-0.3704389014191112,1
916,-0.8724715205260793,-0.8736749407063743,-0.8815355929740063,-0.870258651280693,-0.45367904333983927,-0.884808781335826,-0.8577559565008224,-0.11331955679170043,-0.8700159644367932,-0.8090418435246548,-0.450875351667362,2
917,-0.8610375729903932,-0.8749309360997161,-0.8658810001805013,-0.8712399073312869,-0.5511952386546485,-0.8827800353222769,-0.860846457677762,0.5061406235108034,-0.8713296564681571,-0.7296892676951969,0.12437699753316987,2
918,-0.8262584507007482,-0.8379378546443842,-0.850540859756546,-0.8599634444966919,-0.49517033113046777,-0.8743180962919156,-0.8589292946311445,1.611356200809159,-0.8598955409345268,-0.40685743705107236,0.11971458863457662,1
919,-0.8232723660182255,-0.8208571035205343,-0.8193358365169495,-0.8251841033572471,0.6144679859671187,-0.8630753885448269,-0.8570064877837569,0.08582848054250454,-0.8251159076384227,-0.2972104403449067,0.09377694025412014,0
920,-0.8277073131811378,-0.8346255721920194,-0.8132170752276926,-0.8226403579281752,-0.31889161399049887,-0.852343261299851,-0.853076467515498,-0.24987130556129114,-0.8221297790816312,-0.3594248589570612,-0.13259919347103644,0
921,-0.8510699478659987,-0.8436218357532295,-0.8365501384224827,-0.8266551144295341,-0.3627669510927882,-0.84520340296099,-0.8526075669523032,-1.111389814150227,-0.8265647914068159,-0.5984983999025066,-0.2744197784387861,0
922,-0.8794813086418749,-0.8667282690018264,-0.8626016930701536,-0.8501127212617905,-0.571867510457421,-0.8463940319856843,-0.8535676928437045,-1.3861407964788874,-0.8499277693567291,-0.5488224478153839,-0.5563377163477686,0
923,-0.9001264921525204,-0.8922934385375946,-0.8825970599142018,-0.8783961673006723,-0.4953892885124237,-0.8503499359668264,-0.8556844371429138,-1.064077301234852,-0.8783395475781275,-0.36490976892648036,-0.6348779443848832,2
924,-0.871770441943466,-0.8866449604284241,-0.8926133822468403,-0.8989731740276172,-0.16218672721850605,-0.8518852186492335,-0.8553409106473296,1.3904082927000365,-0.898985034426564,-0.34198960249896826,-0.13833582984204273,2
925,-0.8603455985146075,-0.8688183391920279,-0.8702388282002802,-0.870702012396588,-0.24897199876008225,-0.8567612129393053,-0.8561285085604066,0.5050948330245263,-0.8706285675846603,-0.4196831130129677,0.14522352227791155,2
926,-0.8518400555325711,-0.8578630839895889,-0.8472658002890935,-0.859154357228234,-0.490996075038579,-0.8608476766033568,-0.8567319689018157,0.356174195557906,-0.8592035562916235,-0.5504239532172602,0.4979808085536034,2
927,-0.8405383669734681,-0.8460332142328759,-0.8433090258358007,-0.8508230967656266,-0.5648320807407671,-0.8626830940272097,-0.8572082633508583,0.4826760459204261,-0.850697888338423,-0.6376444292374199,0.6233340917094002,0
928,-0.8536593803325645,-0.8433211658857408,-0.8348928603191769,-0.8392994491963752,-0.6281881142152599,-0.8630534992600104,-0.8575867557711294,-0.6572359472039696,-0.8393960337246448,-0.6457857988237641,0.39994513346883864,2
929,-0.7991813404302689,-0.8108534269875814,-0.834771707400183,-0.8524894112155483,0.15718662019183832,-0.8515669944743698,-0.8549150943762267,2.5231873459808316,-0.8525172398695889,-0.3283360987740188,0.6180844155983136,2
930,-0.7703277445474023,-0.7783373474998994,-0.8055095687003483,-0.7986625033054954,0.56219320387522,-0.8329999393591367,-0.8501695762014375,1.2096388839418473,-0.7980383995264415,-0.1494194549988567,0.843102207809536,0
931,-0.775362627407488,-0.7616739101819163,-0.7624505152982471,-0.7691191259942287,0.29347105382814315,-0.8192092885319473,-0.8453951920577861,-0.26084288530846894,-0.7691843797003327,-0.08740301386510094,0.697513075108736,1
932,-0.7775050232860653,-0.7871003231843532,-0.7812381568116662,-0.77422713243706,-0.1350695702108106,-0.8073593627474146,-0.8402358398809353,-0.14009577579898794,-0.7742193365374913,-0.12196030168551109,0.38502319487598585,0
933,-0.791860890258209,-0.7781812080099798,-0.7756464202296807,-0.7764444368757366,-0.23686370380297145,-0.7987796461633785,-0.8349761842760283,-0.6577596478755153,-0.7763617638940951,-0.25885705237584156,0.16627884628576647,0
934,-0.7998266095908917,-0.8000293731818647,-0.7951385998847943,-0.7910276502890644,-0.5777854551910317,-0.7929560349413355,-0.8300560004551113,-0.3937325434302331,-0.7907178417956776,-0.4023154306696777,0.12266511834613768,2
935,-0.7952391998170669,-0.8001302926082762,-0.7852731639714154,-0.7987372074710146,-0.598808297448799,-0.7845993232512273,-0.8250001656615363,0.15078616901798986,-0.798683678167945,-0.8751967413498156,0.4781628394537647,0
936,-0.8350666116994546,-0.8103474785302772,-0.8159538886029121,-0.7942148617314864,-0.045526326468370994,-0.7897325300176521,-0.8232745728307069,-1.778267557965223,-0.7940962009917286,-0.5901396267758195,0.3187975277806118,0
937,-0.838959989219923,-0.8508538213565485,-0.8349371118824723,-0.833997012379513,-0.3657217063030306,-0.7995500258951438,-0.8216723207488801,-0.22845570676976434,-0.8339241980546321,-0.4820335307728315,0.5579845174503881,2
938,-0.7849784349242063,-0.7997363198748599,-0.8253943066361576,-0.8377309111500714,-0.22131902223470956,-0.8009255185823579,-0.818035784083481,2.444478704242586,-0.8378176327801399,-0.5250342124507602,0.7648263181496237,2
939,-0.7558185419678008,-0.764389459689919,-0.7717886095160789,-0.7837911987029362,0.16814764266794288,-0.7978233769876126,-0.8146679138008619,1.1983174792919016,-0.7838352853383889,-0.3830655419386769,0.8855869243604177,1
940,-0.7570717908651914,-0.7585928886184371,-0.7471547532328977,-0.7546874410635486,-0.031120142042874357,-0.7928469720703281,-0.8115027343768587,-0.10117835639002462,-0.7546749639383464,-0.2542505178692415,0.8117882961470668,0
941,-0.7618105408257992,-0.7498565708956768,-0.743930411889566,-0.7562325327273521,-0.38767297759596137,-0.7874089654866796,-0.8083520803608599,-0.2449505304996111,-0.7559282312496083,-0.1900153302796867,0.6638711014513206,0
942,-0.7720050826950243,-0.7640381151256627,-0.7538242499524526,-0.7608539020185037,-0.5993567114911447,-0.7840854424086978,-0.8045718339835096,-0.4724982308307307,-0.7606670508362353,-0.17531936922917912,0.7052628652222647,1
943,-0.7727297321843554,-0.7846955784831926,-0.7663181526483975,-0.7709221278655346,-0.49359528433783534,-0.7751684667134497,-0.7994678316013225,-0.08007104408778132,-0.7708617424929306,-0.3825569422734218,0.1790522680508373,0
944,-0.7834597327202085,-0.7862600445761315,-0.7721840206912565,-0.7718251877361942,-0.37656812655668365,-0.7672294354026489,-0.7938897648614694,-0.5012401684671722,-0.7715864026294702,-0.8866786618761939,-0.3813802806222037,0
945,-0.7876615898055784,-0.7811146894260212,-0.7709586074148401,-0.7822694910642326,-0.4733691674645953,-0.7676132471534117,-0.7898683555678498,-0.22904814106520646,-0.7823165608202387,-0.868849656529057,-0.36967278126887687,0
946,-0.7945434215706204,-0.793085465551686,-0.7794673969056397,-0.786518586675793,-0.5271785352073544,-0.7731526455465589,-0.7867222243441216,-0.3451950320294764,-0.7865184796431101,-0.8347276636107805,-0.4349299711007099,2
947,-0.7735242213972946,-0.7860151475870248,-0.7753620183486727,-0.7935866109238012,-0.3539007683130356,-0.7755060826182203,-0.7829777906106443,0.8618393257167513,-0.7934004125222759,-0.9100443173604315,0.07725171629277154,0
948,-0.7839973115213034,-0.7890426075316175,-0.7640303214669584,-0.7723682583351152,-0.9483675829385237,-0.7786797880809703,-0.7802744517814133,-0.49089747020916885,-0.7723809035157667,-0.9837064365436204,0.03874102500155464,2
949,-0.7771454734232752,-0.7880221726984021,-0.7661961121622316,-0.782837691695461,-0.9525805396680377,-0.7794150950059309,-0.7766161717250915,0.24323725809145244,-0.7828541475199297,-1.0049320883552855,0.06776255896691905,2
950,-0.7569168339784358,-0.7614578209901236,-0.7570428221091655,-0.775940776153784,-0.36798517909478773,-0.7771531398026796,-0.7745954227228699,0.806934307772246,-0.7760022087484718,-0.8808538724429007,1.0185812384290394,0
951,-0.7775149380325418,-0.771052107397068,-0.76335773574346,-0.755764291008751,-0.5992587014167345,-0.7763027669550892,-0.7749390565490549,-0.8985671975741307,-0.7557732720860852,-0.8840321606495822,0.6829922988693553,2
952,-0.7525059565774099,-0.7638566075754217,-0.7701898474484774,-0.7764716870596531,-0.17163142851408636,-0.7712739312243769,-0.7738462342579293,1.009875509054225,-0.776371678786248,-0.8039017501476121,0.351383050958748,1
953,-0.7521903059694593,-0.7419927793154449,-0.7335274906558159,-0.7513947208998757,0.025999345619846254,-0.7652155320011353,-0.7726358879400952,-0.03666443381515057,-0.7513623298764417,-0.8434884795762204,-0.11203217382630444,2
954,-0.7379736819462595,-0.7548888446921513,-0.7414388840421263,-0.751111930089667,-0.4283275579632588,-0.7601302069302668,-0.7700594347511058,0.5327300043033852,-0.7510466746306657,-0.7349501875062938,0.16293365906298352,1
955,-0.7372952389169227,-0.7408158978729358,-0.7190791016492165,-0.736904918872147,-0.6254447921805919,-0.7534497113781898,-0.7670696871944656,-0.02231647188535282,-0.7368298417239108,-0.7539390150758354,0.2731913031866855,1
956,-0.7406390651122492,-0.737203559791831,-0.7236187541439688,-0.7360470681166806,-0.6251320891046125,-0.748227654095849,-0.7644591475954365,-0.18394983917412755,-0.7361513887262727,-0.8195919136672873,0.42849730807090597,0
957,-0.7464612661422251,-0.7321504633017755,-0.7355146901565283,-0.7395826703543916,-0.06630756035652641,-0.7467320379373128,-0.7602227521265735,-0.2845352123381038,-0.7394952640521312,-0.8258915544386538,0.31158827434304776,0
958,-0.7545604915894123,-0.7606801947342694,-0.7389643467662671,-0.7457183891110153,-0.40584989519324316,-0.7434485203370825,-0.7561874465015278,-0.37888634188331216,-0.7453175506271738,-1.0223029458819333,0.37091598917865465,0
959,-0.7720337668672205,-0.7550620600192848,-0.7548743053147208,-0.7535347645196221,-0.25943588848845583,-0.7462418749465876,-0.7555685365163833,-0.767549273770046,-0.7534168950755389,-0.87556984688326,0.09140563264836084,0
960,-0.7759690482218538,-0.78158071236466,-0.7570085873753839,-0.7707841932961451,-0.590417759931993,-0.749643303898077,-0.7565319717679825,-0.21508604158779995,-0.7708904270865807,-0.7626585743493157,0.14940951914813755,0
961,-0.8505238885270372,-0.7926042094920795,-0.8319498143717508,-0.7748621178439739,0.18184135836298485,-0.7657430423576009,-0.7610000999672533,-3.201434926557342,-0.7748257662619426,-0.07765562368896466,-1.215979077763276,2
962,-0.84131277726587,-0.8511782008397369,-0.8323431334243084,-0.8495863000887406,-0.4131299496148617,-0.7806222257327078,-0.7648012579233684,0.38335959304798706,-0.8493817019945676,0.08935695847811816,-0.9567435046808054,2
963,-0.8295618072705195,-0.8411761827514055,-0.8243429199231312,-0.8404056694771032,-0.6201482863370303,-0.7933421747700679,-0.7675531578867485,0.49521423024288247,-0.8401704553953862,0.04632530845334903,-0.8745942618695741,0
964,-0.8338787128291546,-0.8454967381097613,-0.829666738014448,-0.8285585117152691,-0.22557867908722068,-0.8058467988948476,-0.7704768106630011,-0.24632415902384655,-0.8284193127441096,-0.07753628794234296,-1.2789984195348927,2
965,-0.8297544277225067,-0.8418882697327734,-0.8291488425695184,-0.8327223647606652,-0.21582145845088907,-0.8166029115867965,-0.7726902508895105,0.13953549924176117,-0.8327362817306427,-0.30276081374124797,-0.9941855441505455,0
966,-0.8340028654092474,-0.8375837460057587,-0.8213628497450969,-0.8287183960895524,-0.21195266586155695,-0.8254672780718375,-0.7749059182259909,-0.24325827851229248,-0.8286119360262515,-0.5272852105042525,-1.6099138063720042,2
967,-0.8274296379228991,-0.8373774232100704,-0.8159279589619552,-0.8329007069254274,-0.2549642983946316,-0.8328284554550623,-0.7764782727726233,0.25189579619736874,-0.832860436134898,-0.998639584766057,-1.4514829013957489,0
968,-0.8702397048585251,-0.8368971499324618,-0.8536771417568728,-0.8264952924126511,0.2655624852448495,-0.8356487033790425,-0.7811024298517174,-1.9944580036328825,-0.8262871120687202,-0.7978209858761827,-2.088714422652039,0
969,-0.8772087115642851,-0.8829426977945097,-0.8637058266322658,-0.8690732994590269,-0.2969796714350843,-0.84078343543793,-0.7855590498254347,-0.3871546360272656,-0.8690978080087396,-0.6140378257234975,-2.1364809880426527,0
970,-0.890775140232072,-0.8892866170149583,-0.872590310627491,-0.876143381501244,-0.5618900809847699,-0.8495396934747328,-0.790991907206328,-0.7138685960676663,-0.876066917109477,-0.45356775110941067,-2.1788007326957644,2
971,-0.8690272997280661,-0.8824178922076205,-0.8731106151833165,-0.8897404749867571,-0.18082637433992083,-0.8545675212636421,-0.7963521286029828,1.0383328456914265,-0.8896335451075581,-0.4731577856644032,-1.6993962496589723,0
972,-0.8850285157601435,-0.876594110359571,-0.8725634934193621,-0.8679197499114967,-0.09580016982065923,-0.8624742003185222,-0.8014925637614042,-0.823194749671804,-0.8678853850645232,-0.510772811799696,-1.743379886221765,2
973,-0.8769524870782976,-0.8804200192535988,-0.8666577482514131,-0.8838522527517912,-0.15376464497070355,-0.8686179267212893,-0.8074425966247054,0.350729563766612,-0.8838868362010025,-0.627042245239319,-1.4897018022799688,1
974,-0.8744820939263461,-0.8874205596964077,-0.8713842970335509,-0.8758412598969527,-0.2939711114733777,-0.8753485428485024,-0.813289607018058,0.0713132411790957,-0.8758106888588066,-1.008082503752271,-1.4179093362112942,0
975,-0.8795063761140985,-0.881030818265306,-0.8661648948802682,-0.8734284026510404,-0.3427167900023058,-0.8766740933573595,-0.8200565628997585,-0.2945653164726523,-0.8733402594095948,-1.0293282914831212,-0.7078298100460744,0
976,-0.8839021631462732,-0.8924958302052912,-0.8699435219225862,-0.8784202996145755,-0.5966172892228725,-0.8776315577915466,-0.8270661276794365,-0.2656110710166855,-0.8783646154186653,-1.0243579111484875,-0.9781947884633801,2
977,-0.8789654923975115,-0.8936695176063072,-0.8719410552410882,-0.8828022164887035,-0.521390420190912,-0.8759422473299167,-0.8336797856488284,0.19467627362760687,-0.8827604670377364,-1.0770271972610932,-1.148508179033607,0
978,-0.8845316560121881,-0.8926797947105268,-0.8707650287380346,-0.8778114419583732,-0.35702394551667327,-0.8781600671699761,-0.8402812019668932,-0.32289230335649144,-0.8778237237549233,-1.1184903320202817,-1.1644672482548866,0
979,-0.9156507402864914,-0.8887766760057876,-0.8990982015969398,-0.8832730148607156,0.3151907776834358,-0.882540421688199,-0.8479832429144963,-1.5909605217081082,-0.8833899691527323,-0.823671893630701,-1.5880227236697795,2
980,-0.9011989060512825,-0.9116746366230757,-0.9041523260632436,-0.9145627735238462,-0.06095143662398518,-0.8860087494319151,-0.8541588817197306,0.7032533943388232,-0.9145095106568913,-0.8029646017637924,-1.2213218960944465,1
981,-0.8999374884005057,-0.911983475865922,-0.8901217276040903,-0.9001235433477338,-0.20125361416104448,-0.8896500150134566,-0.8600860561464208,0.014571031686333263,-0.9000574640822053,-0.8287020894236222,-1.336662716770314,2
982,-0.8344455993714065,-0.8483917067562594,-0.8825181298335386,-0.8989039573133214,0.5485708802814547,-0.8832042985427394,-0.8593173215864727,3.275261867928325,-0.8987960278975344,-0.47296157313548803,0.3210022443141602,2
983,-0.8248871601990806,-0.8383008083209911,-0.8222159919904657,-0.8334928527983582,0.016172289701970734,-0.8747625005087578,-0.8585319805974228,0.3891031875459027,-0.8333031766021066,-0.21364711223857094,0.5447435437028656,1
984,-0.822054722908496,-0.8379775958914251,-0.8144833799916814,-0.8238626876881995,-0.09531218969496652,-0.8666217024406013,-0.8581730521605927,0.07860563266161469,-0.8237445969885093,-0.04476387874994877,0.82635660223727,2
985,-0.8028605843696027,-0.8169498694161788,-0.808090423843896,-0.8209380009008995,0.6288541814464546,-0.8549390682358302,-0.8566900145624403,0.8156459181184126,-0.8209121180811829,0.13594523930315192,0.8018628306619018,0
986,-0.8690683929225821,-0.8095707122086712,-0.8581180207048997,-0.8017392797920453,0.6693527639706836,-0.8482756987745632,-0.8585696923966525,-2.9539469315473195,-0.8017176975245698,-0.06975209614391618,0.004269369179228779,1
987,-0.8708440678953203,-0.8789667303741746,-0.8668585286252767,-0.8715612350148602,0.060338865846114864,-0.8439335925258162,-0.8603311425924385,-0.13545149422285857,-0.8679264788628176,-0.22232265057767936,-0.10993546794784438,0
988,-0.8880806363956135,-0.8836537405700049,-0.8719437179426046,-0.869717950262982,-0.008002962780599244,-0.8422375297460909,-0.8632309858636986,-0.8852618940416007,-0.8697021799253856,-0.30883400164030067,-0.33874724252240584,1
989,-0.8858019283422082,-0.897728345833842,-0.8796255484196128,-0.886903712133833,-0.296674098880049,-0.8495837931585686,-0.863975046311035,0.06390448021375861,-0.8869390016810015,-0.21761063352751361,-0.2563782955015223,2
990,-0.8744681883385206,-0.8885483020390209,-0.8673896741801329,-0.8845721689378682,-0.5346782160227763,-0.856676108755754,-0.8638440165170319,0.5129026277904422,-0.8846602601467474,-0.25970629730393086,-0.07822621243261668,0
991,-0.8970745585877385,-0.8896583543056715,-0.8800340195117515,-0.8733912999978818,-0.24454743465667456,-0.8674073172573166,-0.8641452040719202,-1.151781563070788,-0.8733263536174557,-0.315285452407849,-0.3734718812954451,2
992,-0.8930957521196423,-0.9049977385769569,-0.9124018825421303,-0.8960167473235816,0.16651745167191842,-0.8803150021453425,-0.8652959640177563,0.151462239219469,-0.8959330560200017,-0.9089998441225481,-0.2740718352446194,0
993,-0.9139547574269419,-0.9061620895489926,-0.898667034144257,-0.8919613961546493,0.010533424866164664,-0.8867357698264786,-0.8666789844027885,-1.096948087384687,-0.8919541910916664,-0.8108776162254516,-0.16531629503451967,0
994,-0.9249180351110257,-0.9038922931009215,-0.9156479692811788,-0.9128514993883323,0.45155544574797996,-0.8944707776606661,-0.868972311391916,-0.6191132056157321,-0.9128135028784209,-0.7272492418053773,-0.44710543494504706,2
995,-0.8972646847638827,-0.910739396704305,-0.9115815168844745,-0.9242377112473963,0.2106897088190157,-0.8957845093828964,-0.8700615917732082,1.4135170068632552,-0.9237769416449397,-0.7398750228739144,-0.15699889137783904,0
996,-0.9009653794754676,-0.9104952982255716,-0.9050259457512263,-0.8962137967084237,0.107502665193528,-0.8979535644633421,-0.8710875888395783,-0.23666411809025065,-0.8961231849896523,-0.766245016431716,-1.0407668049087244,0
997,-0.9124790191243424,-0.9153533739129148,-0.8970921095949924,-0.899898495490172,-0.4797513773028691,-0.9033908217805177,-0.8724539044091242,-0.6350933443966686,-0.8998239340752059,-0.8953677953082979,-1.3022780364696014,0
998,-0.9167863840778775,-0.920871571983486,-0.9024643634948446,-0.9114139118825881,-0.6082774430855348,-0.9062104988348041,-0.8742621954680374,-0.2728095321715856,-0.9113377428929337,-0.8966806915949446,-1.3854625187293166,2
999,-0.903358824217658,-0.9164642861138137,-0.9016588328884942,-0.9156413694762561,0.34950611479692006,-0.9076785794504598,-0.8751623593303369,0.6512182572519926,-0.9156451711341875,-0.9488132634306269,-1.4923495021613171,0
1000,-0.9069386089077462,-0.8830156693578552,-0.8953492446572324,-0.9022978211802265,1.0139863779297642,-0.9066749548496364,-0.8747458152305995,-0.2323491291627419,-0.9022174139840605,-0.9523178624575109,-0.8758932688387046,2
1001,-0.8968442122136236,-0.9034610360754591,-0.9071116652080435,-0.9060402629146215,0.7605837599890879,-0.9026591363101761,-0.8745376087716537,0.46874873775269277,-0.9057972512715976,-1.0153914398494712,-0.6348213033825063,2
1002,-0.8921723712025084,-0.9065769463998645,-0.8950673152847753,-0.8957227945387253,0.20617814488720768,-0.9019307065810565,-0.8741663432785177,0.18639574420008406,-0.8957027062614287,-0.9847114648405467,-0.2607558164611438,0
1003,-0.8966823960682994,-0.8902050882158894,-0.883988575047114,-0.8910725537712504,0.34151030431385415,-0.9013180474418445,-0.87714200667518,-0.27571686157657077,-0.8910307966073812,-0.972490057550844,-0.3853193202046038,0
1004,-0.9005038137306928,-0.9102914323848781,-0.8851110305315649,-0.8956165998860713,-0.8220713694876898,-0.8996050548077664,-0.8807573872865563,-0.24258519132675932,-0.8955408877385546,-0.9982475165611511,-0.6907488195678949,0
1005,-0.9090598034416568,-0.9134629313160408,-0.8935654882319001,-0.8994240803889443,-0.7277887679095986,-0.8984998064816313,-0.8849172709439218,-0.48436456322381977,-0.8993623615486878,-1.060481600172789,-0.44211886963545594,2
1006,-0.8905591359440552,-0.9045554866778929,-0.8917930165891845,-0.9079735293950841,-0.2800251801547,-0.8966688757367771,-0.8891103108127849,0.9037255994450888,-0.9079184769720251,-1.0321867933175461,-0.13466004525502648,2
1007,-0.8677869587081639,-0.8816983115135184,-0.8756082292056506,-0.8894713404472069,-0.03111880876459769,-0.8910684299657633,-0.8890490429280375,1.0891823634104678,-0.8894175376458101,-0.8602495934047529,0.7004418503220357,0
1008,-0.8734101165258565,-0.8828492106569575,-0.8665857285151614,-0.8667292224256085,-0.15383109464962952,-0.8877163009642254,-0.8891717307492172,-0.32093731174004647,-0.8666450258204039,-0.8048870098138026,0.8396424795369565,0
1009,-0.8799638263037322,-0.8808162032465103,-0.8633953683149906,-0.872312018114069,-0.08529332134006887,-0.8859699302927457,-0.8887836501285885,-0.36860260489727015,-0.8722682662586394,-0.792389401454066,0.2195430138762148,0
1010,-0.8930088889634047,-0.8923676385784375,-0.8797645794773592,-0.8788085367886347,-0.33795679157779845,-0.8854444536595637,-0.8891282290603436,-0.6911024826732393,-0.8788220723295727,-0.800672395240496,-0.011588470857867482,0
1011,-0.897168343359441,-0.9061860448601918,-0.8828930001684473,-0.8919378874147488,-0.9272130016007344,-0.8849673314734031,-0.8902135680234541,-0.2584199564325979,-0.8918673266591564,-0.81344387628695,0.1673876985576837,1
1012,-0.8962150934890852,-0.9080464511822545,-0.8812750286113351,-0.8960516674677308,-0.9087915931377151,-0.8831299606048172,-0.8901724753102922,-0.0014212240582976883,-0.8960268421696752,-0.8925686976757297,0.3012440025658373,0
1013,-0.905950875673859,-0.9088978475118276,-0.8892692193352729,-0.8951277802253822,-0.4209920586261534,-0.8853316712157084,-0.8907871039970184,-0.5408973734523698,-0.8950735782933065,-0.8234503032773426,-0.2469474629636807,1
1014,-0.9088264015796341,-0.9174993398292481,-0.8950267407854786,-0.9049426479551304,-0.3617199339140942,-0.8912021561915049,-0.8905419072389942,-0.19701896841279976,-0.9048095035250363,-0.8575795770436778,-0.23009228802472803,2
1015,-0.9054412951191035,-0.9187183580499181,-0.8916459340292339,-0.9076996556931136,-0.5350133556211442,-0.8957840544711093,-0.889610686074728,0.12476574579147832,-0.9076850716806503,-0.9459221404935666,-0.40725224014855793,2
1016,-0.8982431268202542,-0.9108520480908167,-0.9146901575071554,-0.9043690222300788,0.3527791488575942,-0.8983988160648859,-0.8896574673097437,0.3191223584223284,-0.9042999154830604,-1.0628300247587272,-0.3380458047896446,0
1017,-0.9045406121121422,-0.8971459860761994,-0.888865756657891,-0.8971673660732993,0.0870595260554465,-0.9000483708042551,-0.8898284061988919,-0.36843155911989156,-0.8971016414221833,-1.0912813063108564,-0.3802935966813541,0
1018,-0.9083086522714923,-0.9184245676564149,-0.891987013413947,-0.9034600384063938,-0.9385092919857911,-0.9016419357144502,-0.8896290127748518,-0.24233080133601279,-0.9033992192424461,-1.0957194173415865,-0.37905127284484635,2
1019,-0.9019086522424508,-0.9128561248562002,-0.8903749378387639,-0.9071802809062939,-0.8557325580029522,-0.9024563705308566,-0.8889176792166089,0.27978084348241844,-0.9071673147652652,-1.1304359929817194,-0.001597674051805973,2
1020,-0.8928841128143511,-0.905113399733337,-0.8869855090014186,-0.900806107451051,-0.41880224504778596,-0.9005872361157214,-0.8884168627066394,0.4100223894845847,-0.9007672207016093,-1.0701616758805874,-0.2486658467794911,0
1021,-0.899791199122305,-0.9041324604516632,-0.887912699708004,-0.891805752083584,-0.27563530625752225,-0.8992947960490971,-0.8880751310172168,-0.3962924379961768,-0.8917425486767783,-1.0872003993910166,-1.2402821484477866,0
1022,-0.9060131078561456,-0.9141514315294587,-0.8884671755999559,-0.8986840851199817,-0.6513353850508505,-0.8993765909723929,-0.8885135139128556,-0.3653952251415485,-0.8986497364699187,-1.084968307513539,-1.2525987573094237,1
1023,-0.9087522592301964,-0.9151960673693728,-0.8935382906378402,-0.904971831218455,-0.5560313861168182,-0.9008798692725989,-0.8893062308993199,-0.1900417473770874,-0.9048717366216947,-1.074610471115073,-1.1710805315858772,2
1024,-0.9049616458744659,-0.9176432559680685,-0.9000460599391045,-0.9076818838340377,-0.1890532809851585,-0.9009400960252808,-0.8897020780814944,0.14562938029680694,-0.9076109282418459,-1.0740331140458432,-0.6453999032753619,1
1025,-0.9038212006020818,-0.9173072673725297,-0.8883192688704883,-0.9038768976271754,-0.9425541656737838,-0.9002981887341075,-0.8898606888585535,0.008773617166180586,-0.9038202591909803,-1.0870453658655688,-0.4517719525965168,2
1026,-0.892365303438976,-0.9047721901084342,-0.888580467209711,-0.9027481663249513,-0.6650000176430908,-0.8989330608997692,-0.8890624920486262,0.5356715183232107,-0.9026797971621383,-1.0483093720986316,-0.04898085896491075,0
1027,-0.8994350165319032,-0.9065813689188552,-0.8859146592082607,-0.891253327874623,-0.2930402356912831,-0.8998701345820854,-0.8894868653194267,-0.4041606017440015,-0.8912237316785845,-1.0783987496981702,0.052219642339082675,2
1028,-0.8754808643308394,-0.882702530443768,-0.8841253871869302,-0.8983668106674256,0.5159517376814491,-0.8963926640034316,-0.8898547260473858,1.1655044825733276,-0.8982935486461587,-0.8976069615280167,0.7680490413333549,2
1029,-0.8539436030648914,-0.8641563285132697,-0.8576815278491842,-0.8745086822532574,1.0289372524420508,-0.8889443843927276,-0.8889239938336355,1.0021157569797956,-0.8743390444889301,-0.6518687889085127,1.0591414988862802,0
1030,-0.8694154714061563,-0.8668008720219227,-0.8518629544570678,-0.8527802461303914,0.601810891529117,-0.8833174556198311,-0.8884196562836715,-0.7805886873238939,-0.8528014667779744,-0.6581932824676325,0.4661719461700532,2
1031,-0.8595336493707662,-0.8708598230972072,-0.857358516796189,-0.8682599095299505,0.3424072263970802,-0.8768192102174576,-0.8868191393798943,0.42843420166756635,-0.8682735624459842,-0.6566018503456569,0.8028905678581894,2
1032,-0.8524099975627308,-0.8625757079412399,-0.8417644053656983,-0.8584536471214391,0.17540188943117033,-0.869465097346692,-0.8846791550241592,0.289828752527362,-0.8583915952178878,-0.6918076322628888,1.0107030364852831,0
1033,-0.8582485360994794,-0.8648208119916134,-0.8423818351292153,-0.8513377947474264,-0.2338787015724075,-0.8645848661331125,-0.8828638994018021,-0.32481241483277534,-0.8512678387426887,-0.7489852390558283,0.7531222952106769,0
1034,-0.8627128533604447,-0.868647703667639,-0.850821457778245,-0.8572215272495731,0.419520316766142,-0.8593319462079577,-0.8807966046956058,-0.26190015383741666,-0.8571064630645493,-0.9937276480423965,0.4867747305099118,1
1035,-0.863048084033764,-0.8733031419917862,-0.8484718138830335,-0.8616528935421125,0.150037513655389,-0.8575534997955652,-0.8786078534887362,-0.06564986574770382,-0.8615708459193193,-1.0674654703235709,0.6772070277615488,0
1036,-0.8734488401583214,-0.870299084543519,-0.8573239016764765,-0.8620340843299417,0.8748824944603316,-0.8603436254233653,-0.8770782314283366,-0.5478376491718255,-0.8619060815181523,-1.031439526375753,0.5538024050216687,1
1037,-0.8718370391084781,-0.8816432142977599,-0.8573529378025357,-0.8722593261108438,0.3071176355399464,-0.860690018449676,-0.8758157045499745,0.02886034799917571,-0.8723069904600671,-1.0186210715941528,0.6599637247969828,2
1038,-0.8419139601009651,-0.8556202526225857,-0.8540492225949549,-0.870788127966356,1.2674418610290656,-0.8581696109124559,-0.8728214014056022,1.403363047512361,-0.8706951657281785,-0.9143183949420176,1.0065934524362088,2
1039,-0.8375891352165279,-0.848156576163257,-0.8245234764450017,-0.8409024708850265,0.05912563836149474,-0.856049561427276,-0.8694401625003453,0.15109239079577305,-0.8407716470636056,-0.8290897673503649,1.0407593613638846,0
1040,-0.8489615988526804,-0.8513489592118756,-0.8302832168131377,-0.8364255213328923,-0.06818768935965223,-0.8547211119707557,-0.8669086599633433,-0.5739743481539266,-0.8364467586349125,-0.8156340060448326,0.6190954574759445,0
1041,-0.8592953213139531,-0.8605361896000565,-0.844247945108589,-0.8479331430502751,0.7808348790896111,-0.854232251276519,-0.865302713919998,-0.5341893363101442,-0.8478193893656317,-0.8205876431014167,0.5432299747581915,0
1042,-0.9251137110509208,-0.8727584964933138,-0.9379402331713527,-0.8582758661732793,3.7977052833448277,-0.8631104256722757,-0.8665134329135301,-3.184579131214623,-0.8581532636593425,-0.3585745978940661,-0.8932844994020588,0
1043,-1.010054497717843,-0.9379884403457595,-1.0002903371676004,-0.923946813975153,3.056530180975228,-0.8826511748686899,-0.8714878559555307,-4.545232414358874,-0.9239726204598835,0.6143755650108965,-1.8748766572114124,2
1044,-0.9555877755921856,-0.9548497239646987,-0.9953783502441453,-1.0088918729828031,2.1487791965205316,-0.8946312946227347,-0.8737271539126684,3.3160861489308564,-1.0089146551540062,0.7592356689838136,-0.9963109135577743,0
1045,-0.9732266084290828,-0.9675352897222257,-0.9723494372999428,-0.9546129986356184,0.8896000642558748,-0.9134149055883249,-0.8769910357499294,-1.0338319748423581,-0.9544471327537882,0.7713148904709454,-1.2288301252749632,0
1046,-0.9807328197945612,-0.985909934770212,-0.9688342909124329,-0.9720571695731738,-0.3153638072628346,-0.9338908865203095,-0.8806683312110649,-0.48202417191276536,-0.9720862247564411,0.5884393254620789,-1.3618321646850111,0
1047,-0.9949664048934945,-0.9904986667662503,-0.9795829829573773,-0.9796287298283343,-0.43093620225998297,-0.9547761364234587,-0.8855738912375933,-0.8810569254208772,-0.9795925464099958,0.273710872086764,-1.4056976950025253,2
1048,-0.9865111215696977,-0.9845686830385507,-0.9941149300734659,-0.9939222619387239,0.6020473631906568,-0.9729737139691433,-0.8897371707159187,0.45778291106646984,-0.9938263406416916,-0.41372488182773803,-1.2764986884870395,2
1049,-0.9780053915169732,-0.9863726408196077,-0.9723796779814499,-0.9854470494176014,0.0016917279384602334,-0.9805396016565817,-0.8946390695763901,0.45267602541406043,-0.9853709330851912,-0.7316114114341813,-1.1733145227466082,0
1050,-0.9848751884010719,-0.9892555089627564,-0.9760294175908457,-0.9769270954617876,-0.12150132323951791,-0.9769378286620514,-0.9008991656390027,-0.44886937095300694,-0.9768650780585538,-0.870559162699681,-1.1533112477830145,1
1051,-0.9842980129709671,-0.9966100351964411,-0.9750370540947649,-0.9837567897259774,-0.40054109079168965,-0.9810446830779737,-0.9063919254208862,-0.015620936517816052,-0.9837349758799492,-1.035170535452502,-1.1654277710127932,1
1052,-0.9839704521958655,-0.9896717785627503,-0.9716636014665178,-0.9831985039213912,-0.44692158512025815,-0.9825815356520384,-0.9123414931849163,-0.030336610364961915,-0.9831577919694586,-1.08204867938325,-1.5479634948319245,1
1053,-0.9835308360785104,-0.994363395549196,-0.9714753738283741,-0.9829332355406575,-0.9424720406800763,-0.9829817777461721,-0.9186106378134757,-0.023762957356077693,-0.9828302263815365,-1.08958778116393,-1.603949776464011,0
1054,-0.9969309589044553,-0.9959703669635449,-0.9819182038860419,-0.9824000797683788,-0.7025678678313655,-0.9832627972727188,-0.9252413166273457,-0.8364750646719595,-0.982390603804942,-1.070429218495515,-1.6137331974230333,0
1055,-1.013039522333132,-1.0102971479456608,-1.0030054368459305,-0.995863572523821,0.03993378007980597,-0.9870575509832258,-0.9324287297036123,-1.0198879289173337,-0.9957909235176646,-0.8858590590831704,-1.6408702999202143,2
1056,-1.000189480865946,-1.0114977390038697,-1.0011370762497989,-1.0121119467751656,-0.2688711769472114,-0.9902308728929003,-0.9389857290412894,0.7491514407900164,-1.011899723627989,-0.9020382181540747,-1.0483474297446727,2
1057,-0.9867503226230557,-0.9993852887108174,-0.9844562022147073,-0.9989169026278707,-0.16603626207075597,-0.9904991013703734,-0.9444028952845951,0.7650028863845558,-0.9990494933563201,-0.9075499309357277,0.19420434657399227,1
1058,-0.9869496152629235,-0.9951937234896886,-0.9737034844186608,-0.9856337474739993,-0.4807007260772763,-0.9908783996826207,-0.9499066534716772,-0.061372997853776784,-0.9856101376531085,-0.9161176435360533,-0.9217497798160418,1
1059,-0.9895874990377423,-1.000482134844371,-0.9773832111189431,-0.9859328135656775,-0.823973300647518,-0.9916818898566189,-0.9569672151938664,-0.2054987385941488,-0.9858094332211645,-0.933542139855097,-0.6235219065893045,1
1060,-0.9914252191220789,-0.9984836476516007,-0.9764800481236601,-0.9885091095576884,-0.8552215218704484,-0.992811141469405,-0.9643224202856876,-0.1587520141022831,-0.9884473557541683,-0.9609591917103144,-0.4875082544655673,1
1061,-0.9920527165673193,-1.000762350561528,-0.9758049898916107,-0.9903510848041609,-0.7426265770699805,-0.992113333547447,-0.9711638874557389,-0.0870001885103635,-0.9902851028399577,-0.9605969561807747,-0.08809781310126752,0
1062,-0.9993098121329631,-1.0042680567958584,-0.9882206281822716,-0.9911064823509894,-0.4063410455348458,-0.9901493678643708,-0.9778582550556901,-0.482664019715784,-0.9909126095049606,-1.0779000501379028,-0.6105603635654103,2
1063,-0.9920413676122329,-1.003031348499226,-0.985465904969472,-0.9982128875788618,-0.5980623837928271,-0.9889838214268419,-0.9810581976688006,0.39022230268119695,-0.9981698116984451,-1.114201013958747,-0.6587138710703301,2
1064,-0.9689396965374616,-0.9820020250032329,-0.9755306682377718,-0.9909387409442726,-0.3243074390484536,-0.9864361013427155,-0.9790924183320308,1.3289557919831498,-0.9909012603831252,-0.9594799744669316,0.2677641703606777,0
1065,-0.9753708126576464,-0.9817957022075445,-0.9611539185814931,-0.967870680791481,-0.629681271672583,-0.9847798121249287,-0.9800382841605245,-0.4171914987919401,-0.967799249877616,-0.9219164720940124,0.055150367883356116,2
1066,-0.971490841869835,-0.9852185476346753,-0.9614949979662063,-0.9742343158460788,-0.784284595457892,-0.9821911767394764,-0.9799552937546934,0.17480663170519573,-0.9742304604896012,-0.881710216664802,0.13942672734759684,0
1067,-0.9772511848589008,-0.9843574463328728,-0.9611619700836973,-0.9703579304159113,-0.9373325585192496,-0.9801636527438653,-0.9797888299553266,-0.38039075495199604,-0.9703504326937342,-0.8874046164578345,-0.028736580769564098,2
1068,-0.9701554689403088,-0.9830451866701501,-0.9606653762508984,-0.9761663351785361,-0.9093786291266704,-0.9770313620934232,-0.978602570413204,0.362225164454807,-0.9761108603189921,-0.890302690308998,0.5160809615171693,0
1069,-0.9751251888439922,-0.9761143009014438,-0.9600488974522088,-0.9691192630170173,-0.661300779773914,-0.9735718739101199,-0.9780581866234381,-0.3342918788360638,-0.9690150401436959,-1.0089290244770657,0.9206747165543528,2
1070,-0.971463903690729,-0.9851178124798885,-0.9594811714503304,-0.9740250444107844,-0.7681493785923038,-0.9706283716513415,-0.9777454252520735,0.1620625406926075,-0.9739848330670188,-1.1482484077795072,0.7401964085586987,0
1071,-0.9791702806926201,-0.9845670245939292,-0.9656278277078537,-0.9703768247081921,-0.7780326559235435,-0.9720918050308972,-0.9774726624180212,-0.49212121847983603,-0.970323494118828,-1.1404619124664346,0.07691821504673763,2
1072,-0.9668673898100768,-0.9795811258229815,-0.9643870721988909,-0.9781081446228354,-0.740198339067374,-0.970875433350954,-0.9766392701151769,0.6669890191060279,-0.9780299843498108,-1.1123202991754126,0.41861082978602004,0
1073,-0.9700703517771613,-0.9791838976241972,-0.9542579654377384,-0.9658226766945279,-0.7479466123103905,-0.9706722394193642,-0.9759746790336771,-0.23198582910804813,-0.9657269127020183,-1.108791383050802,0.3981785481961968,1
1074,-0.9702117148605718,-0.981187851541831,-0.9536137184660927,-0.9689492143864906,-1.0990911890756614,-0.9696652787987684,-0.9753378657080017,-0.057695971080499384,-0.9689299217299296,-1.1199881340219848,0.4602588573983155,1
1075,-0.9709949174753207,-0.9802818493874985,-0.9545506090139161,-0.969093197623706,-1.0338668019160684,-0.9697853576708959,-0.9740978126649306,-0.09446991935844984,-0.969071286890375,-1.1213823563701806,0.4544668012164326,2
1076,-0.9677305963224948,-0.9813218784367973,-0.9607966727947165,-0.969961960924219,-0.7806966807270663,-0.9687275985674026,-0.971931503988593,0.13768641919767766,-0.9698545010126483,-1.121106798763538,0.8160892790220746,2
1077,-0.9493765298875744,-0.9587565281019302,-0.9539032555571678,-0.9666434247968358,-0.4574019097067862,-0.9655681113279606,-0.9695020370762915,0.997180887688695,-0.9665901318974505,-0.9717381199687815,1.0183288178923722,1
1078,-0.9482804203683023,-0.946540302172285,-0.933526742010351,-0.9482654517902894,-0.5080931212671297,-0.9611494728609062,-0.9676627155480618,0.010893675627708507,-0.9482357957879126,-0.9422692011766661,0.5611328529406896,0
1079,-0.9626725166970678,-0.9613775462665081,-0.9470599224671886,-0.9472572573427804,-0.7186437931821857,-0.9605494174541499,-0.9665019798191423,-0.8423496050495437,-0.9471396701636037,-0.9458156187983044,0.231951891080198,0
1080,-0.9855761422698931,-0.9721085429017967,-0.9710114931856332,-0.9615955932452617,-0.5773334982734135,-0.9627674424505056,-0.966310188979341,-1.3439348675196487,-0.9615319779541227,-0.8527907922538775,-0.5620727171476985,2
1081,-0.9808635198487423,-0.9942780777870015,-0.9700595139958837,-0.9845052656013763,-1.018151865517188,-0.96429112934226,-0.965805213408582,0.22819819240208813,-0.9844359400478213,-0.8151377019091492,-0.2818463513598472,1
1082,-0.9820484879449266,-0.9938127305109864,-0.9673396911922448,-0.9797600545132955,-1.1812112194901652,-0.9658722867564568,-0.9653268916037423,-0.11883620421390381,-0.9797232483845408,-0.7813027140046426,-0.525728647733928,0
1083,-0.9922106665850867,-0.9940599001834632,-0.977067300603325,-0.9809275721184854,-0.8911085848129956,-0.9693740371367695,-0.9649874675222416,-0.6446846614611835,-0.9809082338913528,-0.7078922884171349,-0.6504269066169336,2
1084,-0.9773128558291228,-0.9875984770903884,-0.9761022614966144,-0.991056534073376,-0.6376653812900126,-0.9733701874313151,-0.9642832684675609,0.8396904089607842,-0.9910705618434733,-0.7933922750802487,-0.32800648843446356,0
1085,-0.9801469767559015,-0.9906233572322364,-0.9654540547350845,-0.9762826317300332,-0.998830953555488,-0.9779285373360556,-0.964819110530329,-0.21410595818557657,-0.97617253219534,-0.9712565396757973,-0.20901417687085186,1
1086,-0.9797381025883132,-0.992199800980775,-0.9707613260384068,-0.9790330295835883,-0.9270218080952707,-0.9803696831842456,-0.9650279192332029,-0.025740775132758503,-0.9790066947635979,-1.0932298344265163,-0.5550996757325579,1
1087,-0.9808040937267792,-0.9909876008102155,-0.9642028386130217,-0.9786734144562512,-0.9782680804626613,-0.9796870657480427,-0.9654732040827682,-0.11175399495281314,-0.978597814588459,-1.097950463287115,-0.5003422799045908,1
1088,-0.9791821285028751,-0.9922617776705188,-0.9642330792945287,-0.9797164043331089,-1.2355632367898108,-0.9794465512102293,-0.9655655262880767,0.04516083640770312,-0.9796638213894352,-1.0949756141208926,-0.4443461336284329,1
1089,-0.9793663307738917,-0.9923922419807427,-0.9654754197448704,-0.978103156030814,-1.1474853357186166,-0.9790628821768899,-0.9660059156696734,-0.06032837398260837,-0.9780418323341445,-1.0929940052270855,-0.42845347785804244,1
1090,-0.9768818449634264,-0.9905188752210825,-0.9636214821152858,-0.9782709597949312,-1.1368621469485032,-0.9768701716835129,-0.9660899048463751,0.09516373248888536,-0.9782260373116283,-1.1968401219976457,-0.45340119187885153,0
1091,-0.9833511858609075,-0.9892696364539765,-0.9691492504632236,-0.9758112721414186,-0.9589493888960429,-0.9777339242895486,-0.9666582591370348,-0.42481297764511905,-0.9757415149968405,-1.182097032390402,-1.325354156317312,0
1092,-0.9886063756348394,-0.9952976526859686,-0.9738401697631667,-0.9822889588811039,-0.9010306968975198,-0.9789439985631836,-0.9671094173556003,-0.3580881602761892,-0.982210950947755,-1.1263822395394223,-1.475126922713711,2
1093,-0.9857403279772684,-0.9989587613237202,-0.9734789933217707,-0.987527479362693,-1.0177530820261014,-0.9798025865824596,-0.9680117695695983,0.12031593654984361,-0.9874662179357091,-1.117597028009719,-1.0330102769723666,1
1094,-0.9870096025969511,-0.9992206727261659,-0.97673173681461,-0.9846857279177476,-0.9506295799051647,-0.9806902532767567,-0.9688216683964421,-0.12444288460147561,-0.9846001281675623,-1.1070939961750277,-0.2572488771968135,1
1095,-0.9887684412077481,-0.9996748408569546,-0.9731921823298669,-0.9858879785948859,-1.1667062834610464,-0.982061526880141,-0.9697089019027245,-0.15355872459052533,-0.9858694214365807,-1.1027879155151068,-0.6112387714281968,1
1096,-0.9862914382248124,-0.9996291414940514,-0.9730715999897694,-0.9876682200150946,-1.2586118957121535,-0.9830521285160776,-0.9704402585808684,0.09729627009940403,-0.9876282858898323,-1.117756284961093,-0.40775245294524187,1
1097,-0.9842675828056807,-0.9955752271765062,-0.9714163506114284,-0.9851908228599063,-1.127149361764873,-0.984108621002438,-0.971230924360291,0.06986283584052085,-0.9851512465125185,-1.1792066229650984,0.30998196262838484,1
1098,-0.984542576717388,-0.9955405226872046,-0.9697887426107332,-0.9831686347266636,-1.043975355084729,-0.9842790434456757,-0.9729122820764733,-0.06576957735651597,-0.9831273613570646,-1.1866600197456674,-0.8454723923404289,2
1099,-0.978687825387659,-0.989120560709667,-0.9683153177073657,-0.9834445662228429,-0.83579135756962,-0.9828602449402937,-0.9743661197883378,0.2948540208309554,-0.9834023593092321,-1.1452476447255582,-0.06221522011598454,1
1100,-0.9795339461105513,-0.9916542341241796,-0.9643383827997348,-0.9775933842836353,-1.0536652525165766,-0.981972453368251,-0.975172297821013,-0.09883775520882321,-0.977547521956178,-1.1279559703457973,-0.16707674590238084,2
1101,-0.9758549515988018,-0.9882585994736163,-0.9667358919245853,-0.9784554129849196,-1.0204517307842849,-0.9803768368950944,-0.9747075086161182,0.16483071495580498,-0.9783936551110447,-1.102657266376072,0.1948304468842189,1
1102,-0.9757556794202444,-0.9887924957939863,-0.9603163721592914,-0.9747632313151394,-1.3290834100570317,-0.9785154270605017,-0.974463292740531,-0.04385244216704538,-0.9747146065441656,-1.111674771176228,0.08954503262982418,2
1103,-0.9714115238980229,-0.9851404164658407,-0.9599963407960885,-0.9746984419762624,-1.2344486761823623,-0.9763869304878232,-0.9739547186132325,0.20183231262390755,-0.9746153329070112,-1.0988717726405008,0.38439339004068873,2
1104,-0.9680461222166532,-0.9757430550017295,-0.9544801108213881,-0.9702335897597799,-0.8264390343200573,-0.9740665324996829,-0.9727993643213918,0.14363318252064805,-0.9702711135565104,-1.078979410769812,0.43362319975007835,2
1105,-0.960072795342649,-0.9727628300169119,-0.9522404618578638,-0.9670741897178768,-0.9561961842281306,-0.9705662538927993,-0.9719750831940116,0.40540169205538185,-0.966905662427602,-1.0356627825825677,1.3848498708064543,2
1106,-0.9444732824351109,-0.9586052410981254,-0.9465599051610116,-0.9589835664628981,-0.8380700586393184,-0.965672036371725,-0.9702694538549715,0.8278500210490495,-0.9589322184022361,-0.8802889587391785,2.203478101453286,2
1107,-0.9146316415338765,-0.9241625403512709,-0.9252271647815502,-0.9375530739985054,-0.0733180164566235,-0.9563880895816772,-0.9671565861733419,1.5832193947834623,-0.9433324762924833,-0.5792487122526031,2.3559755691821467,2
1108,-0.8814282780081414,-0.8947817811324532,-0.9006240563611174,-0.9135659281231857,-0.33806209821672406,-0.9428808309581989,-0.9624052333878254,1.6771679443618541,-0.9134903969307518,-0.20139292440569417,2.505654102858646,2
1109,-0.8473712485750882,-0.8598475665388888,-0.8631441234076267,-0.880309791200051,0.11080633272665354,-0.9245160867104983,-0.9561030965250753,1.6290459656511878,-0.8802865455510367,0.17258135668199834,2.6081053144329527,1
1110,-0.8504202513657543,-0.8624073451002213,-0.8404497281908292,-0.8462453776546617,-0.7954016633233928,-0.9072088964099949,-0.949937931397657,-0.1922397523871429,-0.8462290157211686,0.260373551498461,2.4883490118549787,2
1111,-0.8411987265029419,-0.8508615607647821,-0.8369194297637381,-0.8492867351378603,-0.4501339366135707,-0.8890640172729068,-0.9434506552109632,0.3837816905074122,-0.8492780633105534,0.20756776961651444,2.496146687514145,1
1112,-0.841457757049253,-0.8484152935242094,-0.828389465456118,-0.8399126718705962,-0.5327185304490871,-0.8720967352757876,-0.9366664518979602,-0.06160665873985457,-0.8400564029567207,-0.025555933924936217,2.4967283428521503,0
1113,-0.8565507448899435,-0.8444576918424604,-0.8425739300243232,-0.8403846550332134,-0.30209847398405176,-0.859519860455403,-0.9303526130182938,-0.7495096347730916,-0.8403154373089439,-0.4390453495292104,1.9726872147055252,2
1114,-0.8438435318932256,-0.8570841678323624,-0.8379050731083728,-0.8555277755435341,-0.7099638277147532,-0.8493939789854241,-0.9235682487093893,0.5531401176700405,-0.8554086469095227,-0.8198494780061742,2.047250120067305,2
1115,-0.7930876998316622,-0.80898773821228,-0.830317768535195,-0.8428008172213398,-0.35768303833405474,-0.8367573055646279,-0.9142964619450394,2.3124532012646073,-0.8427012472068878,-0.6168521663475417,2.1769931658363313,1
1116,-0.7898607928164835,-0.7904331212109245,-0.7786191362797176,-0.7919713048272976,-0.1898369401596447,-0.8285307254051589,-0.9047862968972356,0.09004521814475808,-0.7919446693945316,-0.4247156252041934,2.183669663927132,1
1117,-0.7916872886595258,-0.7975285615404075,-0.7826419710896778,-0.788760771717176,-0.5444022633742388,-0.8201292718028096,-0.8954818905743933,-0.128290053498748,-0.7887177149667035,-0.36697031247633183,2.131253739078941,2
1118,-0.7848544694148017,-0.7953348078494255,-0.7739945943247178,-0.7905773675017399,-0.4627481588226151,-0.812069510471637,-0.885947558252927,0.2455202187576743,-0.790544237646282,-0.31667557701870924,2.1393332750908507,0
1119,-0.7943674504098861,-0.7950981416595513,-0.7773885877932339,-0.783919343160484,-0.46798335952756676,-0.805333480002173,-0.8768549122244864,-0.45664449091007286,-0.7837113180075704,-0.3689253477169383,1.90320558537591,2
1120,-0.7789982215195668,-0.7766033515123192,-0.7820519925108413,-0.7931896437137047,-0.2707814175189108,-0.7942399833212666,-0.8673073603506615,0.6166819380337574,-0.7932244387760136,-0.6033807537808311,1.902438667440646,1
1121,-0.781714612626549,-0.7918568037826614,-0.7656502583513802,-0.7781939360976139,-0.47015935928517427,-0.7853527552889619,-0.857849229774512,-0.16490700917114,-0.7778549840670215,-1.06292840143147,1.7217229220559163,1
1122,-0.7802475419325043,-0.7861757710198098,-0.7739852114717555,-0.7806918488374899,-0.5150567153932125,-0.7835160355686203,-0.8484968556172315,0.012906405471585568,-0.7805714150856894,-1.0606995630187523,1.5438988829511797,1
1123,-0.7817684889847609,-0.7940953969022986,-0.7657322949171458,-0.7791195069897697,-1.0066639653198668,-0.7823584723869639,-0.8392219473212356,-0.11427118655873333,-0.7791043228361095,-1.063575067785133,1.209264538667971,2
1124,-0.7580317129234275,-0.7703830171281091,-0.7632580746295624,-0.7806684648123899,-0.42105358850409197,-0.7775442123023589,-0.829019839777106,0.9617970941121524,-0.7806252922355018,-0.9151784346153097,1.5149472082280524,0
1125,-0.7878649356436912,-0.7744884660766702,-0.7738882130593742,-0.7569403515777774,-0.43110151393109836,-0.7779748442878415,-0.8204050236215837,-1.2810063356054517,-0.7568881674118912,-0.9069371039101444,0.6812110572491751,2
1126,-0.7783142287264792,-0.792235973362234,-0.770383020103723,-0.7867554200820052,-0.6323333716082932,-0.7756785120252248,-0.8117147898304133,0.36074746496478155,-0.7867218284689645,-0.9612091420592009,0.7886499089407335,2
1127,-0.7596534910766435,-0.775268672135269,-0.7667416489848071,-0.777271857219873,-0.45516677742896244,-0.7729113460629168,-0.8028781928763221,0.7417952911220347,-0.7771709812240903,-0.8938537897466389,1.2801586468161985,0
1128,-0.7676957846777107,-0.7626050347010707,-0.747563034132071,-0.7586587968143219,-0.20712968458571834,-0.7709060235464862,-0.7958529011821894,-0.3822666512202177,-0.758509969393745,-0.8958518902924656,0.9959699219010929,1
1129,-0.7684156950429398,-0.7779869857176408,-0.7536862332571885,-0.766685628448828,-0.43674669869667404,-0.7692135376221853,-0.7904495477909536,-0.07969767964810864,-0.7665523811594959,-0.9050848968770041,0.3421885407674269,0
1130,-0.7721662752713878,-0.7817971700997018,-0.7533019166716624,-0.7674228799921791,-0.9639842179495918,-0.7678399894598652,-0.7868538504192416,-0.20655675367395793,-0.767272302102302,-0.9312002729937467,0.19193049597671805,0
1131,-0.7841765252406336,-0.7859960447619403,-0.767909877576277,-0.7710648639547447,-0.7831531827640478,-0.7715798727809879,-0.7836866078625743,-0.5547453016613706,-0.7710229374376819,-0.9447621887340155,-0.03566567809680082,0
1132,-0.7904200094605176,-0.7955614619476957,-0.772770195410784,-0.7831404992311553,-0.5868520896492913,-0.7719453631825196,-0.7812587777419384,-0.3165008128905063,-0.7830333638724307,-0.9264172670426354,-0.2941671106738811,2
1133,-0.7743231379498554,-0.7895328314769549,-0.7706852367258284,-0.789422259019203,-0.43191381423946873,-0.7713744578094962,-0.778048939843695,0.6444356063251949,-0.7892769398272566,-0.9305421406007234,0.19583513126510352,0
1134,-0.7846958958280735,-0.7877407285037478,-0.7715019253194854,-0.7732624634549371,-0.51560809997532,-0.7749566472975821,-0.7746134184869737,-0.48713995088678763,-0.7731798318067352,-0.9745758671130441,-0.2955470108384151,0
1135,-0.820465307984345,-0.7994247165576445,-0.8025697560333349,-0.7833785174279725,-0.18383404322262858,-0.782505061020491,-0.773495659719545,-1.579783987342155,-0.7835527420909351,-0.7205434418796912,-0.8021214396698875,0
1136,-0.8258243843471441,-0.8326113604872823,-0.8101841948029174,-0.8193781305332327,-0.436961367280071,-0.7907170840027714,-0.7750608648555873,-0.290627701009911,-0.819322679803904,-0.6032210367984725,-0.8954491567617744,2
1137,-0.8188103559624152,-0.8341767479383443,-0.8076180479153647,-0.824715175707243,-0.9309539086662011,-0.7973892841046123,-0.7764450002863078,0.26830773972299216,-0.8246818349071214,-0.6140013194149835,-0.7452241611672089,1
1138,-0.8214497986596361,-0.8288434971550067,-0.805528334406273,-0.8177212320507512,-0.8634666797633515,-0.8027210375665268,-0.7778680043016245,-0.16802876102577938,-0.8176677034659157,-0.6110934516949799,-1.2670310091641293,1
1139,-0.820814506602386,-0.8339564819230605,-0.8127583931926742,-0.8203999812514,-0.5825334794967338,-0.8070688168328547,-0.7795873242551056,-0.020986002379779142,-0.8203071849442265,-0.6232066001379236,-0.866701122930963,2
1140,-0.8076382450333637,-0.8215427168118333,-0.8071653886575857,-0.8199267509407775,-0.4501292128029696,-0.8118343745967186,-0.7802218269914534,0.5433103793243401,-0.8196718835526883,-0.8196887534533258,-0.7758862336016384,2
1141,-0.7410059730887765,-0.758182331438806,-0.7925463965609746,-0.8065568878218354,-0.18794639864893678,-0.8055847518657763,-0.7784053430299958,2.8930530984606166,-0.8064954283860614,-0.34874992612662403,0.09675248086076287,0
1142,-0.7628555800471828,-0.7321967769034275,-0.7432157935207024,-0.7399328071568881,0.12687993816682228,-0.7973439713226774,-0.7775036556694429,-0.9316860058587779,-0.7398621774196038,-0.23970750600751206,-0.11601350574134138,2
1143,-0.7327765464425768,-0.7388034674605699,-0.7478175123198477,-0.7618368417189046,0.22094918029805308,-0.7840339481783613,-0.7752339742080006,1.1998949209597092,-0.7617121054122845,-0.06642745509159777,0.25251350137562806,1
1144,-0.7303604661471099,-0.7427410449591113,-0.7151106620273758,-0.7316973276610902,-0.7803352080649558,-0.771381638279862,-0.7727760557422126,0.04691654094261338,-0.7316326298591921,-0.006435571502549598,0.33098996056388735,0
1145,-0.7403737988763301,-0.7334881524486944,-0.719678716671636,-0.7293114088120929,-0.5071429226481843,-0.7597841260983198,-0.7719317962160153,-0.44837566368955356,-0.7292165140644786,-0.13711033815475235,0.3603024163162373,2
1146,-0.7243623563132959,-0.7357712164537374,-0.7326538709678332,-0.7389981944416937,-0.34901125829867935,-0.7459871332656274,-0.7688956132674072,0.5962699703477584,-0.7392299939186797,-0.3855635717363983,0.6031153973047237,0
1147,-0.7369030140405874,-0.7324252737179439,-0.7238101516648702,-0.7231488140159543,-0.2446709274895689,-0.7358688158190896,-0.7669156618191945,-0.5452463131497196,-0.723218316100986,-0.8759285143551958,0.2686934902853815,0
1148,-0.7448051916961659,-0.7530090284256299,-0.7418591470981232,-0.7357801160861398,-0.2931433920567463,-0.7364122748476222,-0.7662057354843872,-0.3669389475703423,-0.7357591580870133,-0.8694779646070019,0.303710778832621,0
1149,-0.7525107580584081,-0.7498719882882692,-0.7402491002479049,-0.7436564793138029,-0.2804151993187592,-0.7349325003230852,-0.7654797095594273,-0.36220968311014096,-0.7436614518485644,-0.9603979051355982,0.7610245753881307,0
1150,-0.7764355401614188,-0.7646022319924687,-0.7625439000442849,-0.7514693627079947,-0.44924700971754145,-0.7411776988139016,-0.7658631540943731,-1.0299963719944318,-0.7513671314279875,-0.7322407290319086,0.4455750524828068,1
1151,-0.7771619356438401,-0.7927017506053731,-0.76726721554601,-0.7752831550105734,-0.9427255255879485,-0.7478724125892865,-0.766102006421315,-0.08032718363057838,-0.775292265055631,-0.6482190067583938,0.36235710585353514,2
1152,-0.764843393180381,-0.778733470068936,-0.7600396926658148,-0.7761124460767177,-0.9176709477245857,-0.7513726644366533,-0.7651776514341084,0.47201172261827196,-0.7760186712109145,-0.6452224771508974,0.526732935082561,1
1153,-0.7660675214073027,-0.7723328566119824,-0.7560907161241057,-0.7637470983186689,-0.6404911222578956,-0.7573383776132246,-0.7640133111858382,-0.10058429354923673,-0.7636999477522389,-0.7798228439961131,0.5016038689813437,0
1154,-0.7780565700318818,-0.7809028999054696,-0.7602529623777433,-0.7650118311108743,-0.7384126029319803,-0.7632251858943244,-0.7641918139009524,-0.5497586562406138,-0.7649240939651647,-0.8551157175123134,0.18846014887877718,2
1155,-0.7621188333200125,-0.7716176370129961,-0.7598966675557939,-0.7768538132084863,-0.5482513519268009,-0.7657018148619114,-0.7631123602324646,0.626078246009036,-0.7769133187437374,-0.957512047371126,-0.5267729535710838,0
1156,-0.7675809856320298,-0.7760674896279534,-0.7548201637172217,-0.7610151582555928,-0.7452757180760786,-0.7678575347831066,-0.76058385698948,-0.2762775680445784,-0.760975347860162,-1.042103749026507,-0.2685752571984893,0
1157,-0.8031086401022041,-0.7842376634960367,-0.7883114331968786,-0.7664550931400428,-0.48377063416279037,-0.7716729869799285,-0.7594977726749735,-1.534735801150005,-0.7664375804270831,-0.820160978269259,-1.4024589276551307,1
1158,-0.8034065189947721,-0.8180192590776655,-0.7887742360794819,-0.8020124675626129,-1.1700775366248997,-0.7754271420433928,-0.75876128499782,-0.06267081920830427,-0.8019657569018311,-0.7052027676663438,-1.466071973397447,1
1159,-0.8007832890905316,-0.8114618918920437,-0.7852633373348671,-0.8022927640768108,-1.0709771300088378,-0.7805681625887497,-0.7577731786150148,0.065562460926246,-0.8022636401711066,-0.6824314490716299,-1.2950823923919446,1
1160,-0.8009670548632758,-0.8123862597849623,-0.7844787279547166,-0.7996533000383299,-0.8850216375324264,-0.7855603645408387,-0.7568242329945529,-0.05763708389049572,-0.7996403717239894,-0.7010100979971139,-1.754173639032689,0
1161,-0.8076712941882854,-0.8141749230211767,-0.794867511511368,-0.799924492372089,-0.6356679015918248,-0.7897966012209272,-0.7568258131395124,-0.3429173957625301,-0.799824140196787,-0.679353513580198,-1.6984209476244598,0
1162,-0.8236885982995511,-0.8223051713705947,-0.8047096170876512,-0.806689210225201,-0.6462127059097149,-0.7986038450572458,-0.7607790317246188,-0.7569974273666077,-0.8065284780265713,-0.7429130941428925,-1.774685124125882,0
1163,-0.8669511892300206,-0.8369660675200659,-0.8533257919520252,-0.8225365328567316,-0.2855568322598406,-0.8128182506740768,-0.7657560470987745,-2.004412107711809,-0.8225460174786197,-0.5237109819708459,-2.026019274519628,0
1164,-0.8725631851633151,-0.8820048780729945,-0.8722189905612708,-0.8657362431837645,0.13893206146835377,-0.822753372467981,-0.7724395206427227,-0.32005058257307184,-0.8658092440623761,-0.30615477406097863,-1.9107134051517345,2
1165,-0.8583504896245682,-0.868735601232578,-0.8579235800965511,-0.8714551650770068,-0.2940514073616958,-0.8306128298953879,-0.7785589748597299,0.6412981644684184,-0.8714213224522129,-0.2907182753906456,-1.5275739625521376,2
1166,-0.8094534542782159,-0.8249426511336376,-0.8455841774862095,-0.8574024260677463,-0.33557394050731454,-0.8318530532247196,-0.7818618087609435,2.2760632254340694,-0.8572084180876319,-0.32962637199454603,-0.7923234874975371,2
1167,-0.7445277658655116,-0.7505403414707297,-0.7978882829840094,-0.8086059519945931,0.5944970631816641,-0.8237796980589667,-0.7828259565684772,2.825041211575793,-0.8083106643016167,0.0935591109677615,0.04100748040350756,2
1168,-0.7270146445311091,-0.6887782667456946,-0.7276786765821925,-0.7433037858578955,0.8320383086680672,-0.8122421717944545,-0.7823531742152123,0.6606431756841488,-0.7433840219417177,0.501185606226179,0.33841162868545704,0
1169,-0.7388311516242382,-0.7288475172783909,-0.7314528657886501,-0.7251322158462312,0.3267881443626489,-0.8001037427384845,-0.7820675436346604,-0.5181933894150227,-0.725870643288627,0.6863359623991074,0.05800800219582356,2
1170,-0.7172222422846958,-0.7304290592085437,-0.7230068399764501,-0.7378221962300675,-0.12424036223462989,-0.7786857732929148,-0.7803803304379113,0.8203326235564414,-0.737687324000613,0.6834407541114008,0.3099936143881817,2
1171,-0.6415194738795988,-0.6487406495085564,-0.6993094304575064,-0.7160586528908514,0.6527274308500514,-0.7456361376024115,-0.773929728521304,2.9157086661875358,-0.7160780971633443,0.8126346412157984,1.2075564817552817,0
1172,-0.6561435378617773,-0.650686066473439,-0.6447418641134744,-0.6396575554381176,-0.03868576390208722,-0.7167114546810875,-0.7681436014113787,-0.5729013073597322,-0.6403742164644032,0.4388148123099641,1.0313383239886182,2
1173,-0.6218926408388152,-0.628212360559878,-0.6359305410122936,-0.6549382363734264,0.05559657898159426,-0.6898818278561676,-0.7613088453852965,1.1968411039050975,-0.6549984953166146,0.2695650547628642,1.1679368965161545,0
1174,-0.6305588151851503,-0.6254711358721795,-0.6250512497977379,-0.6207093863635343,0.37831169553424493,-0.6735791452205449,-0.7548299081900206,-0.35290729689655653,-0.6207470950483589,0.2333872292385953,1.0753789272032295,2
1175,-0.6175141890237504,-0.6282437481599366,-0.6186643164271917,-0.6294321265850148,-0.02121727931032406,-0.6579156582450505,-0.7471540618718767,0.4114137288481544,-0.6294133967260002,0.19013181082621322,1.1984809059011148,0
1176,-0.6452386885893192,-0.6168034286176491,-0.6407254958643396,-0.6169701248565529,-0.1465410577106205,-0.6445277292272267,-0.7415657927621159,-1.0152082019950657,-0.6163685789011024,-0.2407476292790069,1.075582098399969,2
1177,-0.6124647770068783,-0.6191146861812575,-0.6269831665431584,-0.6443240091296618,-0.5686339609959172,-0.6295427030429783,-0.7341493823950646,1.1281733909182348,-0.6440934858202048,-0.76431450652986,1.66036890252982,0
1178,-0.6393051804998428,-0.6298515795085337,-0.631660518744899,-0.6116897002019847,-0.4875528547024567,-0.6292259595613824,-0.7263176175091038,-0.9791982439918865,-0.611319092693682,-0.7700624938896513,1.419555529077949,1
1179,-0.6392597846794974,-0.6486144234456984,-0.6265653759957125,-0.6384053564833658,-1.067936180493447,-0.6268108239636101,-0.7184694399854042,-0.04797885224142977,-0.6381598905502373,-0.8704119626775239,1.3757194356179092,2
1180,-0.623308454164283,-0.6364650881157866,-0.6184890219106988,-0.6381440166188489,-1.0451140718989003,-0.6270133489072778,-0.7099840198136252,0.5197280070209402,-0.6381144940628952,-0.874339757573501,1.2606392155169543,0
1181,-0.650587974919434,-0.6408748309404537,-0.6457017680101179,-0.6222269784138204,-0.8465191426402069,-0.6298784190220497,-0.7027941008659654,-1.0058696950248656,-0.6221629291762423,-0.8048891505150981,0.6288182708277175,1
1182,-0.6464936211229039,-0.6590274286807851,-0.6433929522048237,-0.6497218527689318,-0.865191893708096,-0.6340237803827776,-0.6950878799877335,0.09844502352095788,-0.6494428507468937,-0.8309512421796611,0.5424579544774245,2
1183,-0.612002837120727,-0.6225835380906659,-0.6245065371446793,-0.6454390841612275,-0.7315210358257246,-0.6292695597342364,-0.6849667682890996,1.1916580846774578,-0.6453484367923982,-0.7682695833234248,0.8832209766834763,0
1184,-0.6220558911927494,-0.605589763173632,-0.6095589550014199,-0.6108586631286329,-0.6508763802194256,-0.6306415201652208,-0.6732578434558811,-0.397602142710793,-0.6108571460202902,-0.8164131697197373,0.6452473265584872,2
1185,-0.6078509902660123,-0.6219434398906457,-0.6139879151902783,-0.6210075794516088,-0.8090887374137998,-0.6261421571555462,-0.6606014338909368,0.447649940074537,-0.6209103478009156,-0.741817720043351,0.1777706838996259,1
1186,-0.6100044233151956,-0.6168310693613406,-0.5908293857401193,-0.6069255324642229,-1.1834173689639813,-0.6219573255074045,-0.6487275210541156,-0.12380340247477047,-0.6067052381628698,-0.7243017902525041,0.33629331208643887,0
1187,-0.6167641602777153,-0.6257468062225962,-0.6042379264069297,-0.6072603293462538,-1.1185400315275214,-0.6210211973280184,-0.6395146677339411,-0.28308303198327167,-0.6088587028522476,-0.7167170295402121,-0.11897145010354203,0
1188,-0.6298249992320958,-0.6271096791582117,-0.6239528220245892,-0.616192403360429,-0.7835107605433969,-0.6180511585483233,-0.6340305033443558,-0.5041126128331269,-0.6156185391349637,-0.8346694273849556,-0.17477447521016462,2
1189,-0.6177608729046379,-0.6284267913070491,-0.6108201879529965,-0.6285739016851468,-0.9803287140776021,-0.6139410840705352,-0.6288068661003068,0.37640904644861983,-0.6286795699910549,-1.0143160696234892,-0.18695939587014754,1
1190,-0.617444972869103,-0.6188192373431328,-0.6055468343951801,-0.6166187409060511,-0.8988836454359745,-0.6147195540962406,-0.6230031546602481,-0.038593767738646,-0.6166152664064937,-1.022499955012706,0.2100948737249121,1
1191,-0.6217181662435869,-0.6364575329791776,-0.6089552191314156,-0.6164431424669006,-1.046982468062406,-0.6146712442484139,-0.6184369173474308,-0.19841761549343276,-0.6162993617294684,-1.0235319446673286,-0.3368387183845243,1
1192,-0.6254944998701155,-0.6385580452281071,-0.6071611288882935,-0.6207935064964938,-1.1840987467267952,-0.6171950591641181,-0.6176707318892569,-0.18174162324471835,-0.6205726178895914,-1.0479091057381393,0.0798513810837877,1
1193,-0.6247941695702551,-0.6370400155845699,-0.604260686165129,-0.6245753581078572,-1.2526734950002836,-0.6193106576496553,-0.6161718570646433,-0.02498924616118138,-0.624349007001444,-1.0928480106469558,0.09114553550607349,2
1194,-0.6124942094618275,-0.6253105738632694,-0.6060429210467377,-0.6235583712669107,-1.1235765812329173,-0.6186998627567869,-0.6157224996150504,0.3822879479792602,-0.6236486664116947,-1.065460051760913,0.02688220918401162,2
1195,-0.5703531696642303,-0.5863567194743374,-0.5943317891989439,-0.6113092577029587,-0.7961391588835909,-0.6101927179825581,-0.6128439495424697,1.4099744682993127,-0.6113485255810795,-0.6680931182679081,1.2349696345923453,2
1196,-0.5517693180672597,-0.5631593174670579,-0.5482382070330336,-0.5692405859019597,-0.7574911931448626,-0.600752959445495,-0.609700558230473,0.5654098366680272,-0.5692068666090434,-0.3573499540696475,1.352409343162289,1
1197,-0.5548344712940102,-0.5646249525453311,-0.5444640178265762,-0.5507899041667026,-0.825186195031411,-0.5917968434968748,-0.6053781551733282,-0.1490836956428366,-0.550622741961243,-0.23290177794975428,0.9464225659315535,2
1198,-0.5465330847897357,-0.5621918914378555,-0.5394961141712779,-0.5616081024667389,-0.8788236555243708,-0.5810419974220588,-0.6022258315702024,0.22069403283975889,-0.5536879402240091,-0.17967513692952353,1.327776719127959,1
1199,-0.5437671823072671,-0.5475441399976064,-0.534111878114602,-0.5451075237100165,-0.6405265246915307,-0.5693513175225424,-0.5976579723727474,0.039688330998879966,-0.5453864317482229,-0.25838251470691825,1.211455561924209,0
1200,-0.5491054314667759,-0.5602453688432252,-0.5275750092896234,-0.5425154512957381,-1.134386808917739,-0.5585244259084177,-0.5933475158077767,-0.2214362232898731,-0.5426204886266024,-0.5229978444308296,1.1104643176092448,1
1201,-0.5492057013556705,-0.5616984120271499,-0.530433102379147,-0.5480954409011866,-1.0922709425669026,-0.5494713245507468,-0.5898045177611643,-0.05284464716032241,-0.5479588162205172,-0.9807165901884076,1.3274248473457364,0
1202,-0.5769918718914613,-0.5691310694296692,-0.5590774309295339,-0.548058088818427,-0.8611105401000639,-0.5504209573663238,-0.5862857436349205,-0.9490556285317989,-0.5480590875826682,-0.9113262653196055,0.8750285442041292,2
1203,-0.5465814113841967,-0.5643789499264767,-0.5629895100359451,-0.5757724612224765,-0.7870109364966437,-0.5496788535240729,-0.5815087447985718,0.9639034542997782,-0.5758456663781183,-0.9030452547644918,1.0790085641399971,0
1204,-0.596861959183848,-0.5662422431706582,-0.5787308308216969,-0.5455984011649144,-0.5524566117259186,-0.5556906733482468,-0.5807848297087653,-1.6728120880096555,-0.5454347590527421,-0.6359645598796293,0.09434533426033392,0
1205,-0.6152738304614335,-0.6082158180959492,-0.5992660920970121,-0.595739862004416,-0.7013247659569467,-0.5655236897455352,-0.5804605660746582,-0.6764694636362255,-0.5957160456198781,-0.392451593642646,-0.1022724182426394,0
1206,-0.64621332687503,-0.6310613841479732,-0.6271778607421276,-0.6140804205708025,-0.7280859783924402,-0.5801780931787606,-0.5822947446782558,-1.124505394701921,-0.6141281874214023,-0.09944374739680673,-0.41788741392753964,2
1207,-0.628954060464564,-0.6460885508632943,-0.6274308807838358,-0.6454753761681826,-1.0797891936877124,-0.5916000361699829,-0.583200764021122,0.571328849776192,-0.6450681384261865,-0.09498566470723895,-0.22796037761038015,0
1208,-0.6361731806804959,-0.6477207060663399,-0.6199410184066253,-0.6279075505058989,-1.095466939689885,-0.6040402947368017,-0.584128747378924,-0.3042706453956996,-0.6278086184268996,-0.18553078307970441,-0.43963065157428904,1
1209,-0.6382817791213985,-0.642697093036222,-0.6306353152634501,-0.6350724157965211,-0.8688920325617566,-0.6128075063358518,-0.5845330826227957,-0.1245945583881774,-0.6350278447127038,-0.2154211228555085,-1.0495133715669025,2
1210,-0.6133068445315256,-0.6303975149083783,-0.6261856874390123,-0.6375262418544085,-0.8675059645463652,-0.622352242457677,-0.5843201267847548,0.8408021006641514,-0.6371364741350501,-0.7278826589506183,-0.9461810924483167,1
1211,-0.6096319655749172,-0.5793004061531466,-0.6224003402452482,-0.6124576315862668,-0.21692896722840896,-0.6241789273591846,-0.5839465715721304,0.07779633117426947,-0.6121611725907503,-0.8187535782612194,-0.8608859659969526,2
1212,-0.5760742278087665,-0.5832092372782488,-0.5873979242574089,-0.6083580066631452,-0.4335041948610474,-0.6185716222320078,-0.5817642452942938,1.1090219201442764,-0.6084862396394819,-0.5307371440923444,-0.5126807240722813,1
1213,-0.5803372570091896,-0.5926048174499887,-0.5703007178209398,-0.5747532918725207,-0.8762093498974474,-0.6091483832367052,-0.5796051888870388,-0.19153645972912292,-0.574928008812563,-0.48779544916804607,-0.5885363018708386,1
1214,-0.5832672828421375,-0.5963892652284792,-0.5651580268303898,-0.579365058124031,-1.1932692061937893,-0.6026131205026328,-0.5776197069314682,-0.14759816569562315,-0.5791911006492838,-0.4663231990137059,-0.5654741333625679,1
1215,-0.5826185840522303,-0.5806781436664806,-0.5643147746192245,-0.5822720354096553,-1.0094618781407854,-0.5949524060071729,-0.5761912946464225,-0.02783442735588082,-0.5821211695328329,-0.5513235628603426,-0.5563037199609053,0
1216,-0.6202039537361069,-0.6002423848990743,-0.6108367981386462,-0.5828598786219678,-0.8250171084030103,-0.5923664644130874,-0.5785747584705657,-1.3097656455583542,-0.5814724612116539,-0.692150147027644,-0.647665741682622,2
1217,-0.6014001070097705,-0.6143515718044633,-0.6029384012716417,-0.6192543387857155,-0.9274202630467605,-0.5906632657621914,-0.5809477038958093,0.6072789787695203,-0.6190583831339256,-0.7357086862984306,-0.7992637160721635,2
1218,-0.590999288528317,-0.6024564698926385,-0.594685040933446,-0.6003114700901548,-0.8034843098488168,-0.5879979554410082,-0.5826768147852276,0.30627324826151475,-0.6002542601243911,-0.7827320005160715,-0.1057362504606323,0
1219,-0.5960627932037028,-0.5995111950926219,-0.5779472358040287,-0.5891111456412853,-0.9681592657891976,-0.5908572187406149,-0.5850449273520197,-0.2209052941336696,-0.589853288824664,-0.8233284683189176,0.08933350938241603,2
1220,-0.5741395427510275,-0.5895820257198863,-0.5730305574540926,-0.5948523914838231,-0.8581444344940651,-0.5899706670261882,-0.5864970895139461,0.696175601822939,-0.5949168678976604,-0.790071868373025,0.8896781240113242,0
1221,-0.5942457756088645,-0.5848263436319513,-0.5852529913906804,-0.5729064527488273,-0.9513343066007125,-0.5915410849542727,-0.5886553379602877,-0.717661362082994,-0.5729932953286736,-0.8071866077715715,0.32549114056277595,0
1222,-0.60860145551032,-0.6056647617248483,-0.5861488636556211,-0.5932514899467809,-1.1638420304744008,-0.595257803453607,-0.5914951655371459,-0.5369823907505359,-0.5930998236055488,-0.8114676443865783,0.2063456580093446,0
1223,-0.6328882817519639,-0.6212083189562015,-0.6228682149402636,-0.6076558623361443,-0.8034874780375577,-0.5970722324963786,-0.5941676825954513,-0.8871797837884393,-0.6074557144336946,-0.704725426365087,-0.11515475846187138,1
1224,-0.634021618338195,-0.647684343132417,-0.6207431889372527,-0.6317731481058202,-1.0335854666084445,-0.6017385748914511,-0.5983483705009806,-0.08975819562699353,-0.6317428975194527,-0.5798919395054251,-0.4795192160730249,1
1225,-0.6352035309464714,-0.6319193528321574,-0.6367110929425145,-0.6330640086487372,-0.7328534792773341,-0.6080617684541648,-0.6001815562965187,-0.0915332043630552,-0.6328762507576944,-0.5278045438337082,-0.5534701451212374,0
1226,-0.6550289707012659,-0.653957133505766,-0.6400169002727154,-0.6341351840705154,-0.9139939809792343,-0.616496582254238,-0.6020823275752365,-0.7539445354333705,-0.6340581807317046,-0.40921025849236364,-1.410879457624557,0
1227,-0.6612801871762635,-0.6717665560571987,-0.6693407882886674,-0.6543584996231486,-0.7947017208388683,-0.6289616112138586,-0.6028027037366149,-0.27679597093429587,-0.6538839117798699,-0.536918056612877,-1.428221425092909,1
1228,-0.6619478424625785,-0.6725579412610238,-0.6423200102890458,-0.6601019279746957,-1.2238362763282595,-0.6386460498535309,-0.6043802012078794,-0.07404197000740224,-0.6601352201034189,-0.666611091778826,-1.4084582030311925,2
1229,-0.6572686433377259,-0.6687685181486688,-0.6439273310400927,-0.6607019932374604,-1.2231135281922976,-0.6456076452107055,-0.6053888166796958,0.1218395444238676,-0.6608028851995319,-0.8397042286357541,-1.3205873137480943,2
1230,-0.6489020938770492,-0.6531895807653905,-0.6405274415896475,-0.6561552657544278,-1.0204715934009583,-0.6478983401350972,-0.6058965947717037,0.25527021884802,-0.656123617323635,-0.892953845287798,-0.7021764364184765,0
1231,-0.6538840357323641,-0.6641037433955415,-0.6368643884726699,-0.6484886728212613,-1.0979183406324682,-0.6507395586004805,-0.6078366699202328,-0.2293871134382905,-0.6477569449340131,-0.9680516924189209,-1.2232258762340238,2
1232,-0.6423216953476518,-0.6588636112065068,-0.6459142135525293,-0.652832115179425,-0.9869875926804235,-0.6517577760578482,-0.6093996300578706,0.3700698977465454,-0.6527389599885435,-1.0339756729612992,-1.1920481351610943,0
1233,-0.6604111814725102,-0.6588447540769217,-0.6519206341968584,-0.6411411003478582,-0.9831667626335936,-0.6525276741183096,-0.6134319453331157,-0.6975003326230921,-0.6411764497194228,-1.0229412427881466,-1.3433258680614857,1
1234,-0.6585619877192951,-0.6694716372443057,-0.6426660980885159,-0.6594958140441052,-1.165794202760778,-0.6521388494180493,-0.6171720232330351,0.01803092874741159,-0.6592662016314442,-1.0322625303321615,-1.9273637814939495,2
1235,-0.6509169075462494,-0.6686370096325721,-0.6380222198486951,-0.657513534647033,-1.3599450225974135,-0.6505609299053963,-0.620406484559995,0.22940021683617418,-0.6574169807081948,-1.0524115408741301,-1.4710364109882155,0
1236,-0.6629136884259422,-0.6651537231125693,-0.6424482637454166,-0.6501836716753057,-1.2861143493633236,-0.6513684250870891,-0.6242455510881083,-0.4835451604627191,-0.649771788206686,-1.0256262261402094,-1.441210362060369,1
1237,-0.6598023910960934,-0.6720782822221639,-0.6475505070319801,-0.6619497648167932,-1.1751105559693809,-0.6529276575371133,-0.6261388300945939,0.06452290976818008,-0.6617687453539818,-1.0287315389517036,-0.9371346868062816,2
1238,-0.6478474516936694,-0.6598462089328022,-0.638901798916262,-0.6585633214805198,-1.0534604818623357,-0.6520641546865685,-0.6283595688019724,0.387315396526369,-0.6586574023101263,-1.0116377034600874,-0.5334973995751221,0
1239,-0.6762912380555065,-0.6664530223376943,-0.6619352447928079,-0.646793673967217,-0.9335856257399529,-0.656923326160355,-0.6324375443037338,-1.0748309068967978,-0.6467022872548723,-0.967918376262547,-1.019714280524508,2
1240,-0.6717771599914705,-0.6863628957141816,-0.668945947692386,-0.6753728811555628,-1.0463690966139627,-0.6585491719677591,-0.6360575967776599,0.11861121886282856,-0.6751464915386579,-0.9347641045603968,-0.5666163615562222,2
1241,-0.6640162830624065,-0.6761372332974485,-0.6542302107740143,-0.6707523848680151,-1.098868326905459,-0.6593293813620624,-0.6403547801249713,0.23805396890265443,-0.6706323471496861,-0.935443251460627,-0.24565824481310575,2
1242,-0.659257204753677,-0.6770111107652239,-0.6452326887596546,-0.6628983455896474,-1.3209172376258935,-0.6605224187432769,-0.6434631041444911,0.1251889852501266,-0.6628713561907681,-0.9669485845887759,-0.1250520154498689,2
1243,-0.6203930198450176,-0.6359837706323054,-0.6393376577954261,-0.6580781185490461,-1.0143901883544086,-0.65444005191274,-0.6440268819775796,1.3698590477206514,-0.6581122079573368,-0.688429945562007,0.45424443872400555,0
1244,-0.6312405007730831,-0.6284803529259357,-0.6146318451736484,-0.6196241805266962,-0.9850847232638448,-0.6503544177937122,-0.6439480983350274,-0.4286160835581706,-0.6192474520207674,-0.6206081698841336,0.1171905560281658,1
1245,-0.6326304359866783,-0.6406599088022836,-0.6138325275375028,-0.63017505265179,-1.0740141923354949,-0.6481777005715966,-0.6438815831764525,-0.09875897939766075,-0.6300950923298768,-0.580028642069889,0.18641741611861573,0
1246,-0.648041194569786,-0.647361130702851,-0.6372699432726717,-0.631598796814675,-0.963197630483389,-0.6441366745672255,-0.644495377069615,-0.5955097706381381,-0.6314850479656628,-0.6700619145745373,-0.2812333148848059,0
1247,-0.6608018474264434,-0.6626319045059065,-0.6435908796842056,-0.6469913469260619,-1.008228477421912,-0.6425667115509279,-0.6447713896357538,-0.509648438924748,-0.6468960329776353,-0.7305444547455578,-0.19075295292945446,2
1248,-0.6470855751373794,-0.6639604414954697,-0.6467419333381825,-0.659565966119405,-1.000928614840751,-0.6401448593144161,-0.6440927173756815,0.45227155599301,-0.6596568733253967,-0.7903326287142117,0.004076783440349958,0
1249,-0.6526555425227168,-0.6635455846445978,-0.6342982415851173,-0.6459086353852344,-1.2981769011594293,-0.6392005248831836,-0.6436484342783924,-0.2501880322154552,-0.6459403995043999,-0.8207086444610726,-0.21270463149131974,1
1250,-0.6512527617885294,-0.6607162166964609,-0.6339664816557115,-0.6515661352392143,-1.253242172946624,-0.6436148550680185,-0.6433608031746937,0.0012440756329938816,-0.651510448728758,-0.9213775504561372,0.022173454016430484,0
1251,-0.6946401912249486,-0.6694287633796464,-0.6834042901308441,-0.6500340762720662,-0.6933574256805592,-0.6526838604985615,-0.6455476313749617,-1.6196123423702207,-0.6501076473836418,-0.6677291600754173,-0.6760051083804635,2
1252,-0.647430595843383,-0.6636472411575076,-0.6837386493641112,-0.6944445178826739,-0.6741740466782911,-0.6548009485972055,-0.6452390797482814,1.7488446565109592,-0.6934957143075886,-0.7333305549369659,-0.17887489627137998,0
1253,-0.6759343071823518,-0.6630697953098548,-0.6606234839100756,-0.6464409805113096,-0.7847296532743382,-0.6587909174433494,-0.6468461646885596,-1.076498380958046,-0.6462854252797611,-0.7129396628746588,-0.17959605470505802,2
1254,-0.670755192821636,-0.6798845810555174,-0.6573880479770925,-0.6747920219720802,-1.1360390015623256,-0.6602146932188732,-0.6473407321724255,0.14331091224730494,-0.6747895554211506,-0.7028924802127834,-0.17164136611250028,1
1255,-0.6716440903752384,-0.6807407684473304,-0.654380653409688,-0.6697389523988837,-1.177009591871133,-0.6637276647566018,-0.6479662131754768,-0.08250595541665691,-0.6696103649641816,-0.7390034486280856,-0.2779919052444504,0
1256,-0.6917303066694341,-0.6882647631517814,-0.681564870564289,-0.6705103757975808,-0.768932104485818,-0.6693171123661736,-0.6499175818883575,-0.7939678952125097,-0.6704992755782745,-0.705068907937332,-0.5594789178785038,1
1257,-0.6888911348340729,-0.6985676353792262,-0.6761392358387995,-0.6905519195284371,-1.1900453039374919,-0.6747010914852198,-0.6511596145847365,0.05817739909131125,-0.6905857869974069,-0.7539740858755215,-1.1125940418240245,1
1258,-0.6900937499318476,-0.7022006118822872,-0.675937631295419,-0.6879896539514861,-1.1464943237833545,-0.6740507460263869,-0.6526079039008095,-0.09509463277483705,-0.6877465734463539,-0.7755546296221417,-1.0203947756831628,1
1259,-0.6895756264823293,-0.6931297183131101,-0.6742118203268946,-0.6889903655109632,-1.032899858236037,-0.6800793797470074,-0.6546030098336046,-0.029969842850794872,-0.688949206214042,-0.960572971291056,-0.9968262833777743,0
1260,-0.7149271343676217,-0.7036510138395925,-0.701030359806584,-0.6884375048002003,-1.0272678630153083,-0.6856571066881809,-0.6564502678634985,-1.0094510405361772,-0.6884310751517834,-0.8016607165535793,-1.093239426711226,2
1261,-0.7005052314425305,-0.7132898939796926,-0.7044381105662679,-0.7139338868341703,-0.9548580011238824,-0.6899126994188205,-0.6578238133415851,0.5136962236914254,-0.7137829555244597,-0.8514691989312946,-0.7194113445610757,2
1262,-0.6765260741261391,-0.690399242803514,-0.689890060445771,-0.6994515053370735,-0.9324088293850997,-0.6906110425311162,-0.6584219310041881,0.8704450385087107,-0.6993608406996695,-0.8876544981848669,-0.5625043240472872,2
1263,-0.6706766854894728,-0.6807689005820209,-0.6597307181302373,-0.6753978241156694,-1.1735668502694028,-0.687599428382012,-0.658967918790158,0.16843047692367802,-0.6753813310597153,-0.8055705723246224,-0.4153520908544856,0
1264,-0.6762467152317063,-0.6837084015377997,-0.6548163854935417,-0.6695942208728651,-1.2438074145464943,-0.685790708036177,-0.6616383935856386,-0.25578121724684205,-0.6695318564785174,-0.7778960572836594,-0.4989664997963893,2
1265,-0.6598103104218954,-0.6740005423862206,-0.6552402622158823,-0.6751819427959468,-1.0935531359539907,-0.6814588150030433,-0.6630043722563536,0.562846549264467,-0.6751019680606879,-0.6802464645447721,0.3149486541981584,2
1266,-0.6126718019018598,-0.629834872214569,-0.6436859761669323,-0.6590197776504706,-0.6611730537053206,-0.6704581114068748,-0.6620501107897357,1.6731775832377966,-0.6586653217522862,-0.2751599981324249,0.314109309615984,2
1267,-0.5584024705307397,-0.555981200602,-0.5912760856183142,-0.6120983906033314,-0.14816559921695563,-0.6480680489912177,-0.6577643074675378,1.8304123335780929,-0.6115261206304612,0.20439457398490796,1.3060849136661195,1
1268,-0.5620745434270246,-0.563570857428687,-0.5459706631012429,-0.5583133868662575,-0.7329854542000425,-0.6282662384079376,-0.6530439613000928,-0.16960689581737234,-0.5572559918850246,0.33223015547780804,1.2032205739234072,2
1269,-0.5370699269546182,-0.5354698646427857,-0.540580531062638,-0.5614918059152418,-0.573465239382397,-0.6083177410729019,-0.6477838972426209,0.7707235929496746,-0.5609281187347404,0.5064191317127609,1.3655570418993237,1
1270,-0.5417559229811434,-0.5538798284188223,-0.5261382282309331,-0.5355557418519927,-1.1248435828311063,-0.5898762772902758,-0.6424815687795925,-0.19940950916823916,-0.5359231348717939,0.4578467631299777,1.658018980768689,1
1271,-0.5439407839059504,-0.5464225400424801,-0.5249113568084484,-0.5407786106261149,-1.0992440493678841,-0.5709505822098352,-0.6373507725054237,-0.11978433260232764,-0.5406091997492296,0.11568886119066174,1.6013746844116998,0
1272,-0.5506176485535814,-0.5591670112960074,-0.53699279435998,-0.5428419546435335,-0.9246438491364882,-0.5553311235594649,-0.6304647720801668,-0.26456429689434363,-0.542794092775998,-0.4784098593608163,1.4940642899457415,2
1273,-0.5373031417459527,-0.5475070399771849,-0.5278746900055228,-0.5494253995340708,-0.9276090009133927,-0.5445500174787402,-0.625199362362483,0.3820297482512406,-0.54947105552619,-0.9436083840641423,1.5536979312259172,0
1274,-0.5565204146932912,-0.5570520644364836,-0.5380938848346449,-0.5359445402426544,-1.013179820974911,-0.5442807988991422,-0.6194899497996348,-0.6641176768838463,-0.5361563530897319,-0.9533375535558866,1.6694348221792357,2
1275,-0.5450553510664617,-0.5541282265687967,-0.5336994763678439,-0.5554319137573422,-1.0772494172521911,-0.5418462894111411,-0.6134799936655044,0.32435859813307244,-0.555373908394702,-1.0312626324360479,1.6572976772887489,1
1276,-0.5440368758828077,-0.5396423884627048,-0.5485311675974871,-0.5440925323058784,-0.4688017607393089,-0.5428428762590223,-0.6073788422973763,-0.016771246723483332,-0.5439086763127426,-1.0548706460310178,1.5517669382943928,1
1277,-0.5404347050670271,-0.5590015968009825,-0.5248814331152171,-0.5431189462155174,-1.265879986196884,-0.5426538827110624,-0.6001451026504455,0.0663860260971934,-0.542890186164726,-1.0503090820964223,1.5402232023341478,1
1278,-0.5394548288020458,-0.5550751370237925,-0.5269862986638899,-0.5394338732893675,-1.1992224621384293,-0.5420121894960243,-0.5930002595738073,-0.01816481186543262,-0.5392879624225794,-1.0388784248989282,1.666572605476846,2
1279,-0.5223526394128021,-0.5359078168706088,-0.5165182680382996,-0.5382447176662852,-0.9809117088129787,-0.5379690227303018,-0.5849802278694454,0.49848809159273627,-0.5383080717603658,-0.9360450360567387,1.669693080708682,0
1280,-0.5344483183296758,-0.5374933513526281,-0.5141538524894379,-0.5212483975774439,-1.0942975582585748,-0.5375606546628723,-0.5775632868122,-0.43057423295583,-0.5212056310902196,-0.9297031575790441,1.0818113295301515,0
1281,-0.5428583305469195,-0.5515783372513183,-0.5282329501547819,-0.5333212891282427,-1.109464751469838,-0.535606362545152,-0.5693363395975101,-0.3177482154384212,-0.533301487727796,-1.0056816105625297,0.15674342136743327,0
1282,-0.5621685152694152,-0.5332522784883541,-0.5390545495031501,-0.5419918362057001,-0.711052452122866,-0.5380543142304712,-0.5627221896961968,-0.6706098066956253,-0.5417116235125791,-0.8862120353501555,-0.18572118663151072,2
1283,-0.5483465480414976,-0.5655003656099783,-0.5427855015087946,-0.561120966455857,-1.067854901704588,-0.5386707910607594,-0.5565936749876204,0.4039006882860025,-0.5610220919578507,-0.8772922844517698,-0.42277133296770086,1
1284,-0.5499340922587663,-0.567393817976721,-0.5329543003291974,-0.547107450251364,-1.3385460726229639,-0.5400296304086285,-0.5508207346345922,-0.1009434455868855,-0.5471999216450343,-0.8657068422579719,-0.36123719314122604,1
1285,-0.5538070167173208,-0.5657222286460087,-0.5327779914502221,-0.5488733494695114,-1.3203960455148323,-0.5420826383841584,-0.544966652347195,-0.1750626903940505,-0.5487874891879448,-0.8502382101023693,-0.39511844432796445,2
1286,-0.5460412759503627,-0.5469001720934693,-0.5360303545571307,-0.5526786474633749,-1.0013527467443024,-0.5454711781683456,-0.5395271315248218,0.20298370215110662,-0.5526604705510237,-0.9825724973077973,-0.08670325657769032,2
1287,-0.5394490296107104,-0.5543777917723934,-0.5239325604105699,-0.5448498629321152,-1.124658527363065,-0.5461865046540278,-0.5360262070738082,0.16310071149015976,-0.5448946156827477,-1.0181577552845769,-0.23186750933405786,0
1288,-0.5467699786379389,-0.5489795545294435,-0.5281283440237825,-0.5383171769653949,-1.0023916449728687,-0.5467460461522117,-0.535470034806364,-0.28421798389376535,-0.5383022724838235,-1.029858406838651,0.056707688639270525,2
1289,-0.5121485569384769,-0.522104766557572,-0.5268456826647647,-0.5458122870478286,-0.5932527373269242,-0.5395909438085619,-0.5330829754070867,1.068305502819161,-0.5456233290770857,-0.8244266023468986,0.4919409281446781,0
1290,-0.5486082599343401,-0.5294091709093627,-0.5366473405370615,-0.5111002295432713,-0.7207882468727081,-0.539628380372692,-0.5336346457520993,-1.1863022264202385,-0.511001398688245,-0.823864127626981,-0.2585955405418823,1
1291,-0.5498298315285226,-0.5663451895849403,-0.527004366995608,-0.5475907824608297,-1.315404599582905,-0.5396134664019449,-0.5340206751656864,-0.08911785640618042,-0.5474616373831857,-0.8241392759070284,-0.3395671518558649,1
1292,-0.5513199742741163,-0.5654086597647974,-0.5326456171462666,-0.5486862149113115,-1.292142986509289,-0.5392577075447224,-0.5343734887396641,-0.09786719903703406,-0.5486832269258077,-0.8333172095158726,-0.3799125434708914,1
1293,-0.5546162221577347,-0.5685900479398143,-0.5457556182549702,-0.5502137841456403,-1.0745175649858913,-0.5404843102799568,-0.5345646683913208,-0.15653446946788083,-0.5501733915659324,-0.8102168775050027,-0.7635390220043297,0
1294,-0.5638534609583589,-0.5718212508773506,-0.5499544449556301,-0.5534881088762346,-1.0791827629895503,-0.5439752408956066,-0.5358340912607983,-0.3502955530541897,-0.553469687881019,-0.7580064321611698,-0.7219257840348734,1
1295,-0.5620221012774224,-0.5733771790516826,-0.5422341954996003,-0.5625880490119272,-1.1257290725564468,-0.5461569799870585,-0.5360971376940529,0.010594090245478508,-0.5627070624035471,-0.728457587097706,-0.5500752777126757,1
1296,-0.565914231659969,-0.5730202449148131,-0.5473035354031405,-0.5608894334286674,-1.0093233004521576,-0.55384788813741,-0.5370944417130842,-0.17728071931308706,-0.5608756758146104,-1.0266452670223734,-0.2637556868713067,1
1297,-0.5621874717658232,-0.5777229181987352,-0.5441953385640456,-0.5644058295870963,-1.1789797155223771,-0.5557903257891478,-0.5379622573247993,0.07315763927186938,-0.5647678633838725,-1.047918258582054,-0.5032606858628981,1
1298,-0.5665595631774879,-0.5794332045706155,-0.5464587616482515,-0.5610986425065615,-1.32177945448341,-0.5581834293846799,-0.5392113380639784,-0.19305070465264723,-0.5610410487327847,-1.0686315782358977,-0.5590153469593481,2
1299,-0.5565749146204639,-0.5687711869468058,-0.5439461857793016,-0.5648847344211431,-1.2597276057705065,-0.5589351220538168,-0.5400298829670153,0.27951133270408657,-0.5654132043831883,-1.1056947909803563,-0.2434420221099588,0
1300,-0.5855523512989429,-0.5762323450272648,-0.5701486268462322,-0.5555763958537597,-0.9752018867957941,-0.563360379041382,-0.5430515852287029,-0.9948144117429558,-0.5554284091226372,-0.9675127905238342,-0.9162126045647766,1
1301,-0.58394086203358,-0.5995119936029952,-0.5659892968847315,-0.5843966143941357,-1.2115073482114964,-0.566233780285746,-0.5454179208777671,0.004601174206103371,-0.58440627156394,-0.9057464666981404,-1.0362741319380318,1
1302,-0.5798675848679246,-0.5893730616975785,-0.564318324887913,-0.5829027805133511,-1.062658691614575,-0.5687864865598531,-0.5471874059616014,0.08716363149010938,-0.5827947586211129,-0.9002723929121712,-0.8322018913328886,1
1303,-0.5844740758519493,-0.5929766775884517,-0.5647909544070647,-0.5788148787814796,-1.1882867525993317,-0.5714413785091269,-0.5482538785901774,-0.2035927748391294,-0.578721421607169,-0.881924820245715,-1.971069747939486,1
1304,-0.5810082172109968,-0.5942174398608258,-0.5639309652149396,-0.5833368503766063,-1.167660504351897,-0.574133591064624,-0.5498154970953024,0.06683571033568186,-0.583327980273944,-0.9134290120696236,-1.3074745752885708,1
1305,-0.5798054773994301,-0.5981381872176528,-0.559441143277136,-0.5799116830947674,-1.3858898098041637,-0.5760283521771015,-0.5512437066447684,-0.009342961547109847,-0.5798620707094478,-0.9421272406272324,-1.2236418472421364,1
1306,-0.5824109979451843,-0.5966812743296112,-0.5660844567651134,-0.57870968184723,-1.2846843840625328,-0.5797240733755156,-0.5526113191257433,-0.13669516970957513,-0.5786593132261352,-1.1716629217359849,-1.247817801305878,1
1307,-0.5838539988773424,-0.5952125066337197,-0.563744893097071,-0.5812248675869798,-1.1474668127381589,-0.5794811326415041,-0.5544192196205251,-0.09796953253668693,-0.5812648720545641,-1.1810209791351962,-1.2072826536609662,2
1308,-0.5696267741818091,-0.5893674107010904,-0.5791487481644532,-0.5827395288394533,-0.8426722571135736,-0.577433574687581,-0.5558620768156243,0.42804427000394185,-0.5827078941886028,-1.0919803503264727,-0.3742423550815625,0
1309,-0.5863491477170371,-0.5795469615868747,-0.569752137910917,-0.5676293330364733,-0.7993524289148282,-0.5783607295089699,-0.5577544345677846,-0.6025806544771278,-0.5684804604537598,-1.0767425381607936,-0.8676338397186498,1
1310,-0.5854960430217838,-0.5988029163914959,-0.5693308604924376,-0.584944424155477,-1.0957014041776663,-0.5785069167497436,-0.5612613218299657,-0.020881545176237557,-0.585203079689291,-1.073259112999527,-0.7513513252026127,1
1311,-0.5888351924499042,-0.6011184736263452,-0.5717378158679057,-0.5845430919273616,-1.1299659859086795,-0.5796265260166101,-0.5631846504233307,-0.16190036310522532,-0.5843499624594485,-1.0528906158637348,-0.9591870077505105,1
1312,-0.589855725411129,-0.607396116485809,-0.5693857628617985,-0.5877036767598699,-1.3805182544778432,-0.5810641632218833,-0.5650983669650932,-0.08404487944728035,-0.5876891609493857,-1.0394175603101636,-0.8858074175944084,1
1313,-0.5898643930196839,-0.6055608325285683,-0.5691898007097264,-0.5887153632217937,-1.3495836257512983,-0.5821303337335191,-0.5669412512729956,-0.04989205854664402,-0.5887097089052078,-1.0296884437829485,-1.3058094476003494,1
1314,-0.5854354321187952,-0.6029361289314983,-0.5769701511428394,-0.5888809844769016,-1.0571019884458068,-0.5823565497694738,-0.5684147781873355,0.10005594312961123,-0.5887183766411151,-1.030028594407658,-0.17832071114002834,2
1315,-0.5667610383087184,-0.5736094227225661,-0.5643214947706705,-0.5843631284701926,-0.8750070327286189,-0.5819466207302256,-0.5685537951668977,0.5784110627543225,-0.5842893506659095,-0.9989883712027734,0.4516408827135377,0
1316,-0.5732740290334546,-0.5762310551258926,-0.555785063902225,-0.5656323372929383,-0.8377366155510574,-0.5800762910566695,-0.569091771916064,-0.2643236315148768,-0.5656146824746744,-0.969680933395669,0.05250622813376081,1
1317,-0.5774852396532363,-0.5889638558431946,-0.5565106500654298,-0.5721046612962006,-1.1378579022749762,-0.5789303861045383,-0.5696450045176026,-0.18939516364664727,-0.5721277688941869,-0.9665469637265057,0.06793592345095238,1
1318,-0.5785029665541374,-0.5943350665812018,-0.55978678729302,-0.5765447576247773,-1.2148063168129133,-0.5774524133874721,-0.5704250803443915,-0.08353521860410458,-0.5763390413889006,-0.9822943344834695,-0.09071785667748178,1
1319,-0.5779203037171776,-0.5959911770954468,-0.5564087066359468,-0.5773466114348044,-1.3991317362837516,-0.5757451116106527,-0.5709682596463015,-0.030149260226657135,-0.5773567832431699,-1.0154558865203178,-0.11320281925858826,1
1320,-0.5821681801918536,-0.5967358801543706,-0.559387889246809,-0.576810026005511,-1.3468151493134548,-0.5746442072460928,-0.5721919239028785,-0.19130996176325757,-0.5767741118451984,-1.0607187894026398,-0.17497336659228446,1
1321,-0.5781604401239768,-0.5898541949094352,-0.5639874525256792,-0.5810668539347045,-1.0388790477078353,-0.5736035563937317,-0.5718385021221618,0.08470803850937057,-0.5810220507335344,-1.0931131671389853,0.018339008993115215,0
1322,-0.5857620575404557,-0.5968086060222167,-0.565131716803502,-0.5770828396316771,-1.1021589495598905,-0.5763215562036725,-0.5719255770536427,-0.3032568979844422,-0.5770142517802999,-1.1231201680571712,-0.8088263941564002,0
1323,-0.6007219134080182,-0.6036375895825137,-0.5776959908966648,-0.5847125793412861,-0.9957751409750831,-0.5802478373996166,-0.5729226634300665,-0.5528678704513887,-0.5846159808866473,-0.99115245226692,-0.754290448292585,0
1324,-0.6657639597888053,-0.6186082463329544,-0.6845746742425893,-0.59969500483112,-0.2507177654804064,-0.592875662340161,-0.5768092923214584,-2.27341842129569,-0.5995760565580022,-0.29206276914390844,-1.8621136170839219,0
1325,-0.6853987121553909,-0.6795486538838534,-0.6761413279614196,-0.6655835176025237,-0.5775810170385816,-0.6081665587223086,-0.5818004067626199,-0.7722113390263242,-0.6646190585956211,0.10102490803686391,-1.9863040284522937,1
1326,-0.6839093800494463,-0.6971206731589136,-0.671808415220115,-0.6843644441295922,-1.1947062165979934,-0.6233277606459262,-0.5867778186637183,0.0065063034993182505,-0.6842540994538253,0.2386337956058194,-1.9340561557730356,1
1327,-0.6809280968479217,-0.6967674244545361,-0.6652546192212111,-0.682799086310702,-1.2681847996453341,-0.6374548677988209,-0.59148811451294,0.06250969040644222,-0.6827647454652603,0.22399405021225738,-1.8460024688330634,1
1328,-0.6830174893648321,-0.6980404956850917,-0.670390590060315,-0.6798672284223714,-1.0684636173447362,-0.6524541389658941,-0.5962293156124437,-0.1278890463903789,-0.6797834184600147,0.03338857863893032,-1.9922029764053986,1
1329,-0.6859702131079526,-0.7007040191710796,-0.6809516250460121,-0.681717185416078,-1.0162979788619912,-0.6667884093787174,-0.6017919237643448,-0.16051536342511966,-0.681872841676178,-0.31918415644614184,-2.6458781490880057,2
1330,-0.6732000196461951,-0.680218419815436,-0.6717243499293847,-0.6845993444563961,-0.901972783845717,-0.6771560363242864,-0.6059444344057016,0.431804916324814,-0.6848256088033982,-1.0171739737468388,-2.157695365730706,0
1331,-0.6817968531240908,-0.6875142248247449,-0.6681561397045132,-0.6721144575620365,-1.0915008207810377,-0.6794494607194009,-0.6105487651376634,-0.3687739125004555,-0.6720552277103575,-1.11251670318732,-2.1832565398125316,1
1332,-0.6854590112738991,-0.697162994208699,-0.6723146454964969,-0.6806657772901843,-1.1129467442237975,-0.6794580862036788,-0.6151685395505494,-0.18696354218945455,-0.6806521875007402,-1.1122815588714128,-2.197949962397263,1
1333,-0.6867107012488877,-0.7015884615453327,-0.6659179488870575,-0.6843835254940738,-1.406482098731943,-0.6798588010492775,-0.6197993660339345,-0.09675573275915761,-0.6843143994583029,-1.1027625724801553,-2.2234328575178766,1
1334,-0.6841172779409728,-0.6997647867004424,-0.6665275807389908,-0.6856284286329944,-1.3659870343595424,-0.6803149972932296,-0.6243057814437126,0.04825352216147555,-0.6855661078242576,-1.1032591069846172,-2.1163081775451724,1
1335,-0.6835918587346134,-0.6987205194037776,-0.6692703534937944,-0.6830304322656907,-1.1775968477157825,-0.6803971579299228,-0.6289988328430376,-0.02983626338880216,-0.6829726464114116,-1.103032811189955,-2.229931300958848,2
1336,-0.6318308958651567,-0.6392579702822507,-0.6682306953469709,-0.6826194969979344,-0.331457120010887,-0.6726528021045016,-0.6321099504395895,1.8960906897032188,-0.6824472194851159,-0.6574951970219147,-0.8704654195959244,0
1337,-0.6455634433040973,-0.6496102887289658,-0.6306886326914322,-0.630782912589588,-0.9315330799304522,-0.6686995294758539,-0.6355662492118246,-0.5356214675476175,-0.6306854960965714,-0.5678950492570861,-0.8565121482825814,0
1338,-0.6891687477354155,-0.6591733718074763,-0.6734144680180588,-0.6443248821332656,-0.7547387764006894,-0.6697540417579644,-0.6409060569244469,-1.6171956780895844,-0.6444182453065741,-0.5463008422682286,-0.5798500759496162,0
1339,-0.6933431054296146,-0.7010071459935631,-0.6860841090140828,-0.6879980722005221,-0.8919476758185141,-0.6708818215973216,-0.6463967893505334,-0.20756989761535466,-0.6880241904266374,-0.5193808491039089,-0.33194254018879443,1
1340,-0.6911697181736862,-0.7059001104418324,-0.6734091426150262,-0.6922479161008858,-1.2191730565190568,-0.6715196614419274,-0.6518114661201766,0.033065370940046086,-0.6921986094542919,-0.5057848830378437,-0.3185884135169499,1
1341,-0.6879525388342957,-0.7022248743128608,-0.6713337569759985,-0.6900589219219301,-1.2715967046430632,-0.672068276137381,-0.6568692239203531,0.07244388567206976,-0.6900251902649835,-0.49692801953553367,-0.31401091904157574,0
1342,-0.6929698370496873,-0.7024017136486116,-0.6765274830789452,-0.6869078154142625,-1.192439874164205,-0.673409748558788,-0.6623584865134866,-0.23919088299556976,-0.6868079636558716,-0.47336753284694566,-0.3647904889333354,1
1343,-0.6940053356659709,-0.7094195756241338,-0.6787034807966976,-0.691799441678169,-1.1733612220765957,-0.6823034880735361,-0.6675338100800499,-0.08896642229771703,-0.6918253355899664,-0.7216908517735767,-0.33175752058061586,1
1344,-0.6948592510008731,-0.706443220343433,-0.6847289207375721,-0.6927899889814025,-1.0969754070647744,-0.6893550043273021,-0.6720347009452812,-0.08210389228962084,-0.6928608494207363,-1.163258650847265,-0.6158902539468464,2
1345,-0.6793122425998332,-0.6920934361201783,-0.6781122976624133,-0.6939272008900629,-1.1736576006369162,-0.6879450810616887,-0.672682470936477,0.5428200206548921,-0.6937147773021385,-1.0785393797179423,-0.1366361546095125,0
1346,-0.6899930435446804,-0.6919455274294913,-0.6758635194365473,-0.6780627923308593,-1.1861408475479374,-0.6874658716332107,-0.6729021349370815,-0.4490385490213394,-0.6781675404703278,-1.0828284867066784,-0.2662288616356164,1
1347,-0.6903115625698506,-0.7074193685628671,-0.6715459489277894,-0.6889110468978241,-1.4319831102145062,-0.6873431168093942,-0.673208235848372,-0.061664948320149085,-0.6888484983472052,-1.083441640015708,-0.249674175892371,1
1348,-0.6923373510527606,-0.7056533707364797,-0.6770716251531074,-0.689237176101218,-1.3205699510464897,-0.6879703420456336,-0.6737537346838262,-0.12636730491133685,-0.6891670220523463,-1.0837831653378045,-0.3346216017213392,0
1349,-0.7137146045233705,-0.7086153528304608,-0.7001167995958562,-0.6912644151838823,-1.0118665062587189,-0.6909377762323512,-0.675221424006033,-0.8616892006452833,-0.691192840299981,-0.9346799866463588,-0.6706440335903351,2
1350,-0.6923016829082036,-0.6907525529317662,-0.6935346014474444,-0.7126892331248507,-0.8249397374431511,-0.6906940773120279,-0.6755241440033916,0.7854913954183232,-0.7125704078646187,-0.9344923828074574,-1.3653194208447104,2
1351,-0.6796912478141999,-0.6931372120258442,-0.6724993228659522,-0.6910779665570854,-1.0822613047418344,-0.6885243710833379,-0.6758345023618556,0.4294317477663248,-0.6911571716313551,-0.900702947638722,-0.8558427819738658,2
1352,-0.6697508726533917,-0.6806044688689938,-0.6598294282793077,-0.6786033686337697,-1.048201084868001,-0.687156665415539,-0.6752585603939851,0.322318082873911,-0.6785465512533833,-0.8404957969338686,0.3150456844030962,1
1353,-0.6675473046597612,-0.6785327644173785,-0.6575816010182689,-0.6688483640082774,-1.1556236890789788,-0.6839459158615735,-0.6744021665470616,0.031879685329976794,-0.6686060300395532,-0.7697722201710473,0.4909710551123461,1
1354,-0.6688375311965264,-0.6812288425570474,-0.6500123647768091,-0.6665374611118008,-1.343491779079648,-0.680874164158177,-0.673547615208789,-0.0971826976315289,-0.6664024296690999,-0.734860079589139,0.4051564091139743,1
1355,-0.669926033174477,-0.685530172242569,-0.6509477337809091,-0.6677593543700231,-1.372416751041938,-0.6776683383553193,-0.6728691039446184,-0.08980416351896892,-0.6676926751630454,-0.7301911990660312,0.301191027855698,2
1356,-0.6628991592691559,-0.6604735923907245,-0.6519071938939663,-0.6688746788311899,-0.9650880521607648,-0.6703994456260114,-0.671879745371468,0.21027939147479635,-0.6687811931342559,-0.9467769578248472,0.610148590393551,2
1357,-0.6483138812763384,-0.6581454432615268,-0.6432700241514857,-0.6615998774438978,-1.0483701034940955,-0.6641072128243402,-0.672667829253655,0.48537833435912314,-0.6617542159837199,-0.9569845228678988,0.8874738979817366,1
1358,-0.6508395849951117,-0.6615814948217547,-0.6373469080260252,-0.6472526244331785,-1.0726304305012921,-0.6599801282136485,-0.6729200919429128,-0.14068486870498598,-0.6471687236907485,-0.9663521140105654,0.8342035495744254,0
1359,-0.6688582336860246,-0.6687067871544244,-0.6527581172214049,-0.6498191926707478,-1.0684688780786946,-0.6598524407188852,-0.6719490064045855,-0.7013091916519737,-0.6496944645194552,-0.9696120953914957,0.05311980639391213,1
1360,-0.6684771706940874,-0.6821311592788878,-0.6493098553600793,-0.6678829467373513,-1.1971340787450353,-0.6599854533575097,-0.6707601172627381,-0.03552387008625673,-0.6677133779567234,-0.9668621468675108,0.3476661480737048,1
1361,-0.6684828451716306,-0.6850210911676464,-0.648498809157731,-0.6674200053977727,-1.3433688181943322,-0.6599347173134851,-0.6696754133390171,-0.04980868561962317,-0.6673323093658625,-0.9680237267643578,0.35686853154109377,0
1362,-0.6787812736297228,-0.6824462637569708,-0.6582194448267445,-0.6673939400044613,-1.3070563522211163,-0.6612014147248606,-0.669236917149966,-0.4298236345901263,-0.6673379839267803,-0.9191020355526517,0.1293048991699178,1
1363,-0.6774513881070515,-0.6917095983261157,-0.6650223936103925,-0.6777892927732905,-1.1317538905159847,-0.6632830375437855,-0.6684949496493496,0.0001042226426852577,-0.6776365636987388,-0.885468340211128,0.8174250988017246,1
1364,-0.6800448114149663,-0.6927041122841359,-0.6624501605479454,-0.6764808474434982,-1.224466239556168,-0.6678219867987804,-0.6678274695858392,-0.14637277370919255,-0.6763066586361813,-0.9420858647860778,0.23047260876767311,2
1365,-0.675719799459841,-0.6792452813658705,-0.6617765604619645,-0.6792029350373322,-1.1446288214957643,-0.6713809757857221,-0.6669123748443759,0.11228867893214788,-0.6789001200490273,-1.0859421630355404,-0.034913170544888746,2
1366,-0.654366241609741,-0.665355561965392,-0.654769915012316,-0.674531555111167,-1.0358702035278182,-0.669307969531236,-0.6657196575777589,0.7455689349855567,-0.6745750445468974,-0.9719654096728797,0.3175173612512013,1
1367,-0.6578726322331446,-0.6664110698311582,-0.6419665049639232,-0.6531714641516753,-1.2055335306454482,-0.6677910438774158,-0.6641839176731013,-0.1769389913964644,-0.6532211729509272,-0.9291782736199122,0.12677311677680211,1
1368,-0.6560784996191671,-0.6706297229811047,-0.6365390951040895,-0.6567840777787154,-1.438900425085523,-0.6660166649115906,-0.6625471677472641,0.015823325070602877,-0.6567276150934073,-0.889492587897083,0.2234889205293867,2
1369,-0.6236462414703416,-0.6405819619050735,-0.6340681080969187,-0.6550055200083139,-1.2466536379379776,-0.6581298770975993,-0.6592629109842433,1.1305690182219987,-0.6549334561184035,-0.65664168639455,0.9083585512397193,0
1370,-0.638107928095131,-0.6265173073089654,-0.62164603494426,-0.6227783425469768,-0.7726128844282336,-0.6525019939019335,-0.6556480073977604,-0.5567383350558953,-0.6225007214453787,-0.6551616688585555,0.3671217919047528,1
1371,-0.641326354572443,-0.6525340651727778,-0.6259237283279279,-0.637737633441312,-1.1589372627420806,-0.6469635142521996,-0.6532107769053186,-0.16431917220079909,-0.6369626205544054,-0.7424570617230605,-0.013394097200307785,2
1372,-0.6295321088912139,-0.6475189900612669,-0.6248816610702086,-0.6402655400907161,-1.171121418049557,-0.6403565984517331,-0.6508125700305635,0.37234869883424637,-0.640181094319763,-0.8377379591313665,0.2976096382584615,0
1373,-0.6417754489380021,-0.6391786106359186,-0.6207431889372527,-0.6284662104548865,-1.137309236034376,-0.6385555491674068,-0.6494750101178733,-0.48179313029017806,-0.6283866753467622,-0.86615899053997,0.4576352604448626,2
1374,-0.6248323943475514,-0.6341255141458632,-0.6259383097886125,-0.6408067399676292,-1.0628965640499053,-0.6338293100536941,-0.6474327264231199,0.5568621539115717,-0.6406301952838245,-0.9003637814832179,0.7243224846873267,1
1375,-0.6241222740150068,-0.6411841001504243,-0.604681456402367,-0.6237367134316729,-1.382606332413724,-0.6292581334205241,-0.645294802218643,-0.024663737357148142,-0.6236868917506242,-0.9950521670271041,0.7344711004671284,1
1376,-0.6251998011792473,-0.6388544154243548,-0.6088934698152983,-0.6229418436504757,-1.3197718802667437,-0.629480362288462,-0.6431563532867833,-0.08740580437967009,-0.6229767609843464,-1.0022143145221176,1.005406605772856,0
1377,-0.6364192409924225,-0.6423986958521036,-0.6231140076492846,-0.6241296897681524,-1.131300757840337,-0.62923880412949,-0.64189029642421,-0.44372529252844817,-0.624054303980595,-1.007748399774716,0.6614402441428942,0
1378,-0.6425701875785256,-0.6510038736020164,-0.6231434875589298,-0.6351531686298661,-1.2250258986736253,-0.6294167281572961,-0.6416156791558847,-0.26842768634491454,-0.6352739086399721,-1.0000499666709954,0.5687027130540244,0
1379,-0.6590986311669488,-0.6586061223230518,-0.6471815960766557,-0.6414467763239646,-1.05572302409137,-0.6336460698018658,-0.64201056036265,-0.6417575477500684,-0.6414249456013701,-0.858676531026328,0.12336315987583125,1
1380,-0.6628187812301104,-0.6759872361950159,-0.6472718109399358,-0.6580099619105547,-1.2517680074829538,-0.636656212177541,-0.6417218022876406,-0.18544717805643973,-0.6579536320407015,-0.7554132395927518,-0.3604200141216263,1
1381,-0.659448079212574,-0.6706013451509147,-0.6431169188142957,-0.6618544203517858,-0.9858216974730295,-0.641607811022668,-0.6412901037033207,0.07402411319179446,-0.6616738367636872,-0.7515243094628334,-0.21682093135030034,1
1382,-0.6594694052710329,-0.6744915034180565,-0.6389535314028654,-0.6582363192735222,-1.436276900677136,-0.6466640395788372,-0.6408591534518023,-0.05037825858381268,-0.6583030852207348,-0.807374546520549,-0.25571439293554127,2
1383,-0.6499569854880133,-0.6644224718822419,-0.6388461357750393,-0.6584978462102399,-1.3574898159214335,-0.6502054297235038,-0.6394810076648998,0.29791417896389516,-0.6583244115925355,-0.9409971941637782,-0.8563447354559777,2
1384,-0.6065425555155921,-0.596525011991942,-0.6286999750446512,-0.6487723366350737,-0.4021553385180462,-0.6459317207999293,-0.6360907172122905,1.5190434135098843,-0.6488118520444031,-0.6525924118884341,0.45594451355981175,1
1385,-0.6098539561249575,-0.6226084147599883,-0.5968988870513238,-0.6053685928943686,-0.999310910560861,-0.6412518291694714,-0.6327347546635732,-0.16354133694068673,-0.6053967841877377,-0.5073548820456616,0.45363632681307653,1
1386,-0.6126445519382733,-0.6141090703464765,-0.5948193171670562,-0.6088347913455829,-1.0982919953364243,-0.6346068078169524,-0.629719003287431,-0.14597142141959765,-0.6087082334512091,-0.46499438623526396,0.1817075633636167,2
1387,-0.6001463592572114,-0.6140001043924571,-0.594698037452752,-0.6114245565360514,-1.018867070557239,-0.6256418344682414,-0.627126644299652,0.3833532358544471,-0.6114988702664936,-0.4498830558602613,0.7155767338226318,2
1388,-0.5693963654507981,-0.5758961107362265,-0.5809455011090915,-0.5986411024092158,-0.6923054823429386,-0.6127603917464461,-0.6228964203403474,1.0010981468842457,-0.599000493950631,-0.3341886915374588,0.8999034238602717,2
1389,-0.5618788051302334,-0.5701284703098083,-0.5523783909026787,-0.5682923169161068,-1.1527943504850278,-0.5988005494137961,-0.6183925480695325,0.19893377097937867,-0.5682500483373745,-0.369830259496026,0.9784498530218428,1
1390,-0.5594688358105822,-0.5728975200128228,-0.5446348111095533,-0.5607807444800028,-1.2032260288944496,-0.585856676739095,-0.6153241003496961,0.029448125608995845,-0.5607323775619844,-0.5325649112415507,1.0329006963738157,2
1391,-0.4607405964577221,-0.44172351833869306,-0.5323808051407002,-0.5536919552177058,0.08296904839003047,-0.5650004430720941,-0.6068438201211436,3.1805502280447313,-0.5583223728328747,0.3094081586135561,1.8859977306713673,2
1392,-0.4347109573275734,-0.41719340251835924,-0.44204789542674017,-0.4599345484043922,0.385728000362316,-0.5399471218982156,-0.5969651324733409,0.7224321260212684,-0.4595926828750341,0.782365869248093,2.0783442228875546,2
1393,-0.41551363858698015,-0.4177178395619993,-0.41516006230997066,-0.43315616057834294,-0.5210008187618864,-0.511748540628042,-0.5867324893732219,0.5060944479072194,-0.4335626612937811,0.980348653092063,2.440289661268935,0
1394,-0.42656577484797614,-0.427179204703725,-0.4134327297977228,-0.4143752340512744,-0.7894681473056286,-0.4869187149392343,-0.5764428924822352,-0.36394359149440614,-0.41436506048874155,0.848182761047321,2.2923396616363205,0
1395,-0.43444681351578385,-0.4458819146673921,-0.42464549267837354,-0.4254790916019316,-0.928106351766081,-0.46761486328593377,-0.5673401842099494,-0.2760231073769298,-0.4254173591377636,0.6305100419612498,2.1357447069852795,2
1396,-0.4287072353731122,-0.44081297081762016,-0.4097816588375688,-0.4334218031034783,-1.2164113450206542,-0.4485653430010009,-0.557997007688895,0.11650051587022675,-0.4332985136009508,0.22973352961947735,2.146695084470966,2
1397,-0.41437512637837454,-0.42999856056025804,-0.4074198425925683,-0.42762231544909163,-1.1703396370010928,-0.42781042086494825,-0.5479170662199679,0.36297555618805294,-0.42755885112718306,-0.7789313514410017,2.155227288598823,1
1398,-0.4155282301006626,-0.42683252835395874,-0.40211574117200355,-0.4134987384331283,-0.8927770600477004,-0.4213430202657105,-0.5373558334662398,-0.08236184925129768,-0.4132265315520803,-0.9723435371426303,2.0420293949202852,1
1399,-0.41024697514416975,-0.4307535828301601,-0.40301370555956423,-0.414509676606249,-0.9585029246850193,-0.4178435712038505,-0.5262480047198026,0.10061204652957076,-0.4143796522168157,-0.9718408329157396,2.123486242996244,2
1400,-0.3856802287960283,-0.40532151883123524,-0.40017729446810235,-0.40949090360319906,-0.6503731790951712,-0.4135760526485167,-0.5131753342886514,0.6458024434118477,-0.4090983196633274,-0.7608475947038814,2.225856965518405,0
1401,-0.4016120416027701,-0.39299620409982083,-0.3926829308573761,-0.3844504165225775,-0.7170906959306574,-0.410006547171437,-0.500686527420007,-0.4907826614555057,-0.3845312123582314,-0.7560218252940494,1.8972582233534305,0
1402,-0.40818632915635167,-0.42373357101901743,-0.40138641454714485,-0.40038535130148245,-0.8939935279619936,-0.4062501175490368,-0.4886732100208976,-0.2342544709360646,-0.4004632592496399,-0.8458073631022486,1.6718134368929831,2
1403,-0.39701608893418255,-0.4138724592996378,-0.3857003131190298,-0.4069670501848123,-1.2440101713004612,-0.4017168591513008,-0.4761248018732271,0.2660050179243594,-0.4070376433986265,-0.9233136286724555,1.686137496159562,1
1404,-0.3980645577848505,-0.4112210363169993,-0.386429005767337,-0.39567487328535017,-1.1126381133617964,-0.39938371471328143,-0.464081330538043,-0.07892721076551878,-0.3958672390531407,-0.9445590826572615,1.6569319589138962,1
1405,-0.39844717969918964,-0.4129291114293843,-0.38087448360892523,-0.397118696531121,-1.0997060455175534,-0.3969403567450285,-0.45413188221011397,-0.06031200429467893,-0.39691572330886543,-0.9994105033109357,0.9913198590446005,2
1406,-0.385478816021694,-0.3938587181507454,-0.38800088722915427,-0.3970227908495111,-0.8167638669432932,-0.39339739670870444,-0.4434040664007956,0.3136191632706421,-0.39729835084503334,-0.9955007648708124,0.833280042942072,2
1407,-0.37871945320055067,-0.3906509177095345,-0.3684607155490913,-0.38515605286399335,-0.8876845072642577,-0.3924016929248806,-0.4322196483263156,0.13754765831562188,-0.38432979662455763,-0.9439631454984037,0.6520426350040164,2
1408,-0.34558437047602164,-0.3298964402278669,-0.35403889016000023,-0.37831868863957085,0.055284372976672116,-0.3843872176161261,-0.42004854003668285,0.862366188488348,-0.37757033448871535,-0.6242741593738629,1.3794039251010832,2
1409,-0.32576285920568027,-0.34349679175383274,-0.32902382377639533,-0.34420095951695373,-0.6381644085654058,-0.3725969566344205,-0.40839994394545276,0.48051103016486213,-0.34443476491345,-0.38618127818823256,1.75648831724076,1
1410,-0.3313793448354924,-0.3462236432548116,-0.3156857179044578,-0.3247950871244142,-1.0429989536937223,-0.36320795198106004,-0.39737931236812557,-0.1973083034007657,-0.3246129624074585,-0.31387252162166485,1.5550919876460934,1
1411,-0.33404622456698796,-0.35186567185712064,-0.31550883844658617,-0.33041673147324074,-1.1525838472732397,-0.35405045282815956,-0.38660141490781014,-0.12006823422483,-0.3302295305597797,-0.3597768099845301,1.3652036362670605,0
1412,-0.35167501794361655,-0.34628580421618,-0.3278276368190037,-0.33245008158113115,-0.8064909575451323,-0.34735993137708765,-0.38138677554581324,-0.5164686874585868,-0.332896449475495,-0.5454110693646926,0.9234375650612382,0
1413,-0.3824752090513732,-0.36678319695579875,-0.3749299390760237,-0.35092034354007196,-0.5853594937638578,-0.34693028057389097,-0.37888928190230575,-0.8776302426339881,-0.3505255018703704,-0.5671635820701909,0.23272209140716354,2
1414,-0.30767274951186113,-0.32868135313518854,-0.3608008840584206,-0.38104906976764036,-0.4237195728429014,-0.3367674085317303,-0.3737331973459748,2.01597784025808,-0.3813261455225147,-0.5416982703027833,0.7406614776351909,0
1415,-0.36277230059737353,-0.3296333003479238,-0.3555524457790785,-0.30659957187104764,-0.48630548204364005,-0.3392260551039669,-0.370683106140318,-1.4769986292845334,-0.30652258691731415,-0.4958052346238569,0.2116992542704967,2
1416,-0.34866342929059774,-0.3683200223050462,-0.34400456289329884,-0.36135934648908763,-0.6504304731113054,-0.3425018659633325,-0.3665816341811507,0.3333496788717678,-0.3616229475754853,-0.5265285036346906,0.40638669425794527,1
1417,-0.3490139997603524,-0.3640807921570182,-0.3332254399738818,-0.34665547150624415,-1.1369052282983734,-0.345024414261904,-0.3627713441797324,-0.05899961145258824,-0.34751386896835523,-0.5507901850078318,0.31085415760913787,2
1418,-0.32344567694739423,-0.3430076120143681,-0.3273409964180635,-0.34791995486884847,-1.0894527106477057,-0.34350805947777746,-0.358423828743355,0.6362126004165423,-0.3478644445890097,-0.5102215824990002,0.5222636226118758,1
1419,-0.32055917622790936,-0.3352250842205892,-0.31215205940164376,-0.32275163511768057,-0.7221562907294361,-0.33905709551431923,-0.3538831718904467,0.02616613144648346,-0.32229574610302575,-0.4607544814451609,0.5470937497160301,0
1420,-0.3736579439458393,-0.33917758772072404,-0.3468422419378637,-0.3197158274431057,-0.524785831358297,-0.3377958302848725,-0.3521337784988418,-1.4399814760617498,-0.3194092029724501,-0.5239789661561359,-0.08594975064121954,2
1421,-0.3219836571619321,-0.33207514506950586,-0.35147876604968703,-0.3743941632963977,-0.5604877744241145,-0.3398429333270084,-0.34908832039746224,1.3663186221541075,-0.37250875086571195,-0.6079910897130189,0.23164671967859699,1
1422,-0.3265402002721978,-0.3387757527313245,-0.3108104382233354,-0.32127151986495467,-1.029606918849924,-0.33466011441626836,-0.3454989883266719,-0.1690537094483199,-0.3208337048362408,-0.6458402417721514,-0.03329194480201566,2
1423,-0.3127906294006277,-0.31451528772167,-0.29984746210398006,-0.32523420793709096,-0.628411299073912,-0.3295286916176361,-0.34093793269675915,0.31223973998329435,-0.3253903148953772,-0.608088187668709,-0.07953947162096173,1
1424,-0.3103478603536391,-0.3309603017406153,-0.28829793087916644,-0.31166211976908464,-1.265282688586222,-0.32399769571279263,-0.33679415459235734,0.013951701831971417,-0.31164054200262126,-0.6069477637827336,-0.013176937673735761,0
1425,-0.3204900847870541,-0.33322868543956446,-0.3030562710217997,-0.3092543758299941,-1.0512677795220473,-0.32357491318559806,-0.33308516678986594,-0.3129243509441997,-0.30919773706425074,-0.6036285864248713,-0.07615690009221322,0
1426,-0.3276721026498191,-0.34143516081769604,-0.31644978644433935,-0.3201937345587483,-0.8090151087000894,-0.32459238137649293,-0.3297012714522339,-0.23764825182391974,-0.3193401105164406,-0.6085855754707045,0.012612293221738529,2
1427,-0.30925299797228856,-0.31598896932755105,-0.31187425087677145,-0.326777054734485,-0.684933415733238,-0.3153795792220183,-0.3260567654897094,0.4355862528736239,-0.3265222339039365,-1.0136086645750113,0.4377531967508582,1
1428,-0.30837800600651166,-0.3160634150638935,-0.2884532551342867,-0.3083196383999991,-0.7295122609721361,-0.31343335955856017,-0.32269360284650717,-0.026902134345997693,-0.3081028585961875,-0.9942930540123814,-0.191572793921125,1
1429,-0.3130312023056995,-0.3231192984179602,-0.2910984588978128,-0.30720181964282156,-0.8498783713746055,-0.3115009656454955,-0.32113717198709807,-0.17021441693655615,-0.3072278537742338,-1.0313681182940075,0.48885649380219354,2
1430,-0.2818705883386077,-0.2975715118387803,-0.2879103176155724,-0.31177087107514945,-0.6012368137264251,-0.3070780099763828,-0.31903859637351634,0.7612348270956149,-0.31188111844240873,-0.8161373969461546,0.6515480009996995,2
1431,-0.2567256688500242,-0.2747763747880245,-0.25469653967251205,-0.2807611594966158,-0.9688338939084824,-0.2994076263754865,-0.31546925760857103,0.588193685800172,-0.2807200466352693,-0.5068819141876709,0.8566648985090892,2
1432,-0.24069657928539961,-0.2604146129091702,-0.2337415859200963,-0.25576457202578184,-0.957976528232156,-0.2879935685219078,-0.31100602785867454,0.3488621384552052,-0.2555747576946862,-0.28296132393863127,0.7858851067092625,2
1433,-0.17678861777359645,-0.19009005002725698,-0.2116539696607503,-0.23959604642547852,0.15173419275440667,-0.26641044825792776,-0.3026443658326798,1.5191147911610023,-0.23954543261611638,0.22855966002526037,1.1617355263243754,2
1434,-0.1097248984650404,-0.1260310909253331,-0.1648303634957747,-0.17549825111752837,-0.011543918786162143,-0.23786896161847806,-0.2896036381809536,1.5180839956011696,-0.1756365321104867,0.9582097598789115,2.177571361713484,0
1435,-0.12039491166686585,-0.1305249844585721,-0.09806312297335429,-0.10865086860222663,-0.30651511466699766,-0.21097892964409706,-0.28064951720015396,-0.28713608448327677,-0.10857182744084375,1.11788383155301,1.887730563235805,0
1436,-0.13488266347421612,-0.13754376779221736,-0.11745557811691512,-0.11857667014704891,-0.41128293736623267,-0.18549568115201423,-0.269753666390726,-0.37459093063826193,-0.11924199741619615,0.8541958287539986,1.7172639717272833,2
1437,-0.10698069618240717,-0.11669539903159142,-0.10951438783268365,-0.13377379216600052,-0.5593880892750543,-0.16047856560448864,-0.2581983405917802,0.5828630860145264,-0.1337299620907571,0.6185167362198617,1.7613659248291218,0
1438,-0.12104816251018674,-0.12752197121617775,-0.0932099056762244,-0.10545829442338175,-0.8843297612455633,-0.1410705837511276,-0.24729884650472883,-0.3621610599935897,-0.10582758483789768,0.1987841316935429,1.5385901826875672,1
1439,-0.11933322315422921,-0.13779425435393722,-0.0943236756819196,-0.11987769494620941,-1.0855598612750765,-0.12371016877152857,-0.23753982949565502,-0.011111364748636983,-0.11989525785767186,-0.5365575996150858,1.6973417646509457,0
1440,-0.20029517217460713,-0.14490959601887812,-0.20334596054381435,-0.11784596613072593,0.18751106344248197,-0.1270726626259421,-0.23178977143048268,-1.8643720933697079,-0.11818029330426741,-0.28775100920314295,0.7742574368631758,2
1441,-0.19370579425217446,-0.20026208940122858,-0.189291461168669,-0.19936467306593203,-0.5428757174756986,-0.13908570550560145,-0.22318590597766974,0.10718401456168845,-0.19914343189114872,-0.10688361445924692,0.713425090182718,2
1442,-0.14771471497688365,-0.1568159999236791,-0.18898943473952898,-0.19203007093178437,-0.44988557966008624,-0.14299366535231434,-0.21485376582976584,1.0392327295723063,-0.19255395715158963,-0.14375176418371827,0.9266072933419086,1
1443,-0.14346110166776846,-0.15804005490208844,-0.15360124402009495,-0.14682793976739317,-0.5060637081743586,-0.1442207675985305,-0.2061003948125469,0.04772226399085332,-0.14656220213358237,-0.1526340728962578,0.989312845493713,0
1444,-0.1783958044131299,-0.16757021478366857,-0.15600718503308061,-0.14223082750494537,-0.7796894946552284,-0.15443633804928802,-0.19967471446521462,-0.8464199600881019,-0.1423085263265163,-0.2526094024463374,0.5254915025991475,2
1445,-0.16848704419863372,-0.18086934362727192,-0.15502870562347795,-0.17704745836974958,-1.0216926034638656,-0.1612222304185583,-0.19289207042733217,0.18230633071786476,-0.1772437423642663,-0.37507349379045074,0.4441689429593388,0
1446,-0.19643740044179978,-0.19047542341819135,-0.1695891182867294,-0.16752149247543618,-0.9160967572726467,-0.17225159345731667,-0.18696086812169824,-0.6989454369190355,-0.16733483656126358,-0.5510036329504413,0.12198738576743165,2
1447,-0.156245637215624,-0.1791285910134561,-0.19374831632579395,-0.19586966549579457,-0.5223680521195838,-0.16595053001507154,-0.17876463236592713,0.9039029420700193,-0.19528560347645454,-0.6088285104970121,-0.03320587292215223,0
1448,-0.16751614732668774,-0.15918990983965486,-0.15167813954874035,-0.15457821633171737,-0.6169834351456123,-0.16220423332973408,-0.17198791536234515,-0.3090817414144458,-0.155093249716382,-0.695435624110307,-0.6792422321373262,2
1449,-0.12340226005095135,-0.13021626806347547,-0.13877608274893236,-0.1667172067267987,-0.40054136022088077,-0.15872645947655545,-0.16314386191288888,0.974522994238218,-0.16636392542401876,-0.534916752223734,-0.20729522526974636,1
1450,-0.1164772773138229,-0.13131440409840137,-0.1028681580525693,-0.12244008523796092,-0.6500739798213083,-0.1548665597221781,-0.15374623300025173,0.10607843285745323,-0.12224938998697607,-0.3826944757360173,-0.03756627504843158,1
1451,-0.11236671072431231,-0.12731128732537367,-0.09923534561709882,-0.11538858570102323,-0.7156926555011256,-0.14542143144205888,-0.14564191994144082,0.04235183847346409,-0.11532430550171037,-0.2963720129110877,-0.22976047166671723,0
1452,-0.12061528093760812,-0.13838945170142752,-0.1021766164301807,-0.11081629168388152,-1.0621868264229082,-0.13857361755070371,-0.13913421516368646,-0.2335750288082499,-0.11121367851602129,-0.29093484948911724,-0.18013117216298868,0
1453,-0.14371190110379714,-0.14059641152550667,-0.12049803158761821,-0.11987819380541155,-0.8169566186506504,-0.13103150123410318,-0.1344971873566871,-0.5677883116478687,-0.11946236992480393,-0.6020385342150769,-0.3822629284835011,2
1454,-0.12465089453803205,-0.14627074908599733,-0.12118450139759472,-0.1427951619773573,-0.7116709293650539,-0.12651203290740465,-0.13200438048275745,0.3852400616653758,-0.14255932944751815,-0.665954220168816,0.5645907468150212,0
1455,-0.15953845546995798,-0.15136291116047015,-0.1565421344472459,-0.12398143545774856,-0.30112056930900316,-0.12537086438976325,-0.13438606440776701,-0.8345950182325269,-0.12349804282012895,-0.740565859078614,0.1238139221331905,2
1456,-0.13008754287955313,-0.14884748063679387,-0.1406014280360439,-0.1585066078337071,-0.520695682647126,-0.12632716032504593,-0.13484948812890432,0.630098045863229,-0.15838611635179306,-0.7453189683900334,-0.016341459090690697,0
1457,-0.15610782847528998,-0.1450226159486389,-0.1357010428834816,-0.12818457366531252,-0.6252261009567135,-0.13199611045929982,-0.13586430492433513,-0.6373697054461305,-0.1289347710418263,-0.7022958963163263,-0.2959162641478503,0
1458,-0.17297960913352267,-0.166422325410098,-0.16473577419428923,-0.15543600472978353,-0.48664477075019275,-0.1406664793667227,-0.13901984248268012,-0.4380012583202553,-0.15495543895123678,-0.6541546909146686,-0.1330352777431018,1
1459,-0.17114382211296456,-0.18341106356939257,-0.16044578166552204,-0.17213032792913407,-0.9467243753980992,-0.1478943319169593,-0.14141501428655112,-0.006807389973566719,-0.17182746750499775,-0.6758462452317399,-0.2095112488384397,1
1460,-0.167686631080567,-0.17470558063181707,-0.14609775114702692,-0.1702037336904999,-0.9290523974989356,-0.15132379592231118,-0.1437268856184102,0.030877265056420074,-0.16999165351138903,-0.6586061503860577,0.11864755087662393,2
1461,-0.10695737470327372,-0.13336583867130963,-0.1390630205361464,-0.16611271408861514,-0.8355501649539446,-0.14879282729575824,-0.13926422233557448,1.3604337971856868,-0.16653441168280023,-0.5102691776271481,0.2980349670142558,2
1462,-0.08171492902922307,-0.07913924491532628,-0.07537817400717428,-0.10523093934201005,0.12773733575250593,-0.13766056499471607,-0.13390971927482945,0.5112477796436536,-0.10580426301610388,-0.18053489788454963,0.6164916623150385,0
1463,-0.14907372117002374,-0.09160767727518775,-0.18455324721798327,-0.08050473355873172,0.4505662399281676,-0.1403764418829838,-0.13397469602812315,-1.5198848261654907,-0.08056144645711034,-0.1877211852887354,-0.4063464135992284,2
1464,-0.10655542215115017,-0.11466669129238502,-0.12412513823412509,-0.14773611294487463,-0.2817131797913568,-0.13328822049188255,-0.1322101630589636,0.9241736464051441,-0.147921228294476,-0.1287324712836789,-0.10633680968714188,1
1465,-0.10710553468835682,-0.12777270347339711,-0.1205694173473184,-0.10504449071521318,-0.19473205032055355,-0.12386526693142687,-0.12880163534839806,-0.06181832358624258,-0.10540230455812827,-0.20197472209995063,-0.14235623921784588,1
1466,-0.11264469776703134,-0.13172434703928373,-0.09815809266077069,-0.10549234156392727,-0.9431041499428209,-0.11549726272519058,-0.12613170316873382,-0.1726835003538723,-0.10595242517808806,-0.37179149389354055,-0.12049227878249662,1
1467,-0.11411644522828178,-0.12329797418911755,-0.09208573845508444,-0.11125478892255562,-0.7939196958851137,-0.10783431826998978,-0.12219577673601338,-0.08243148759622212,-0.11149166964317848,-0.6506666969162489,0.06668902254991223,2
1468,-0.01746126088555938,-0.0376802177898213,-0.10565866924170177,-0.11284340605174528,0.284885204658088,-0.09503235131335988,-0.11556022332401403,2.108883618733708,-0.1129634387286796,-0.030498724749369616,0.552971448010889,0
1469,-0.04398514077402815,-0.016430136887545552,-0.04071892952666803,-0.015819406825470478,0.15012909714329611,-0.08963529571039305,-0.1096539634574943,-0.603747398823816,-0.01630683424018422,0.11117825366186106,0.6269016597563241,2
1470,-0.02840339958187246,-0.024181584200640177,-0.06543894322319956,-0.043471421829253544,0.6243632802641453,-0.0723740158210351,-0.105111881492717,0.28180275370877916,-0.042831103841591445,0.052828079043835886,0.5549372817501158,0
1471,-0.036678533832897806,0.01739869365385819,-0.026633745686429514,-0.026405323809514058,0.4271345356256873,-0.06237847995783055,-0.1012965469530509,-0.22375758783467817,-0.02724913370833921,0.04604372840018743,0.7251966258141473,0
1472,-0.14891433694364647,-0.060319215350657505,-0.14916467611261833,-0.0360243269450251,0.31190676341571083,-0.06835901790675945,-0.10304396069134814,-2.4249167114086254,-0.03552438954515436,0.302502272792248,-0.03803098582493735,1
1473,-0.14925867172379328,-0.1629523678709419,-0.1309751280778952,-0.1495358722313667,-0.7353489499989713,-0.07359646191131232,-0.10441345742065204,-0.057484369982417634,-0.14776184172628087,0.4880202786638002,-0.050820018802839234,0
1474,-0.18265764883252752,-0.16826921847968918,-0.15498001622432186,-0.14816887330272424,-0.8772706357659854,-0.08340093482391728,-0.10627553005489186,-0.814620708330869,-0.1481061815657071,0.8387070571331104,-0.26941902006001633,2
1475,-0.15980771254722598,-0.16027723527260362,-0.15560308837914727,-0.1841568255741346,-0.6561806242739161,-0.10376287561475275,-0.10795644652304777,0.4868907541307306,-0.18150564940255368,0.753773651511917,-0.5107816292872762,2
1476,-0.13927957293052026,-0.15252345385226393,-0.1432496748870172,-0.15911746092671783,-0.5758931126788687,-0.11739426271724797,-0.10698782958854391,0.42426347176616613,-0.15865537738523064,0.5912802855785515,-0.5436399020270237,0
1477,-0.15244273955136595,-0.16436032593071206,-0.13989619252014265,-0.13891515981797442,-0.7238598716478751,-0.135137463666129,-0.10805667541596459,-0.34892481857840185,-0.13812693615044927,0.14981683972435061,-0.20779425699446644,0
1478,-0.19971325762040032,-0.17422094625909276,-0.19047268627944497,-0.1513599509039627,-0.5226576040039524,-0.1584587572695812,-0.11014153656386066,-1.1348821833017033,-0.15129029617649678,-0.6001831721107149,-0.8372670242422846,2
1479,-0.18833624193083412,-0.1975620187096931,-0.20130493643387865,-0.19809632354451118,-0.49805284411846307,-0.16409786162266302,-0.11087576731698714,0.22097825149655845,-0.19856150878692466,-0.5643334460711071,-0.7387575256705696,1
1480,-0.18682994874915604,-0.20562132248363615,-0.16399693792115785,-0.1870454697840805,-1.1506960505033084,-0.16947224299498456,-0.11162575181721854,-0.014082026613966793,-0.1871843259359087,-0.5807860856890255,-0.6956013466384563,1
1481,-0.19065479604083385,-0.20632978545638675,-0.16236799856970452,-0.18554814388888102,-1.2540193469770657,-0.17061619450238255,-0.11272390486152824,-0.13968381481308748,-0.18567801062240286,-0.5574628822952882,-0.708828497204309,0
1482,-0.255734817771333,-0.21275042309654793,-0.2288092483493378,-0.1893102905617602,-0.2406806558754724,-0.1843380822910018,-0.11983724640676777,-1.586814931461038,-0.18950291411221165,-0.1328254104904797,-1.9531973727516434,2
1483,-0.24493772121529908,-0.26067419020437077,-0.2589389839599159,-0.25427971761063567,-0.337162617938343,-0.19945194662923976,-0.12764124844393201,0.21859107958768798,-0.2545838920575108,-0.17569312277975857,-1.7401458062575514,2
1484,-0.23754593475412517,-0.24946470158384484,-0.22690452919797705,-0.2428217947412652,-0.6543697348410754,-0.2116255287705651,-0.13187127861187342,0.13244788465428448,-0.24378663686072588,-0.35112092127916855,-1.8406213868382675,1
1485,-0.24211993779529295,-0.25667611018908243,-0.22570783505934416,-0.23650162279465314,-0.8325645333795451,-0.21769159013547648,-0.138352884165147,-0.1615982854753302,-0.23639474179271036,-0.32995680842194564,-1.8283011371199105,2
1486,-0.18199990829268897,-0.19519621674520013,-0.216618259649705,-0.240930993650384,-0.5051611703722362,-0.2167852096190339,-0.14193373115564584,1.4277819906950135,-0.24096881203928597,-0.29469327975525955,-0.49437788989646836,2
1487,-0.17232024731438605,-0.1956287636720347,-0.1645014564608506,-0.18094629246401298,-1.158240296832753,-0.21470967013028217,-0.14478693629935852,0.1775560374883576,-0.18084789919859362,-0.21001877924153822,-0.39382227499751793,1
1488,-0.17501680892841512,-0.17671082445082312,-0.1558792485649856,-0.17103296239924398,-0.9077914084469406,-0.2124727350753238,-0.14769870221154843,-0.1124246202668813,-0.1711680959979183,-0.1371276582350341,-0.106722667991738,2
1489,-0.13502371477314623,-0.16071297624093142,-0.1519379431395497,-0.1740727609474359,-0.732279811085883,-0.1952056216112834,-0.15331959386120744,0.884046142343883,-0.17386469723228024,0.036209713253713624,0.05200006204697613,0
1490,-0.14573949793669347,-0.14394818952941285,-0.1229502528888642,-0.13354743480303308,-0.5860316401675459,-0.181015816910314,-0.15818466938131318,-0.29252184518858576,-0.13387101546214103,-0.010163414111056186,-0.24746023004751197,0
1491,-0.15755251304364226,-0.14777047441482327,-0.1363374285458887,-0.14484884059773462,-0.5477543456928454,-0.1695731620530181,-0.16435954196531233,-0.3194882624540976,-0.14458695607170907,-0.20695804503577936,-0.23440922048570118,2
1492,-0.1418072720699681,-0.16268480547200817,-0.14996247220504025,-0.15686897778790795,-0.6974734480252585,-0.15522394199009204,-0.16938595326718078,0.3132542108853784,-0.15640014474620711,-0.6973909023306688,0.4593881082398753,1
1493,-0.13829258797938596,-0.15704535667244365,-0.1270737631752045,-0.1406539335670058,-0.8274016552003767,-0.1489718306240787,-0.16887810660284444,0.030470355502726917,-0.1406546724291491,-0.7569800614369284,0.3897098707696761,1
1494,-0.14447390237387936,-0.15901239484128057,-0.1171257835148189,-0.137227394422361,-1.1699286169649572,-0.14498855165715768,-0.16864933738958712,-0.1900594113818311,-0.13713993669763547,-0.8314099162417319,0.29259360952966407,0
1495,-0.15752133459560289,-0.1672613755408222,-0.1338741760526464,-0.14329427060909047,-1.0025498667585644,-0.1424859124391529,-0.16744752087312822,-0.34741583715628654,-0.14332134191361523,-0.978670073573072,0.17569263698709264,1
1496,-0.15512408608275177,-0.1547885206619701,-0.13744523917199966,-0.1566180516092355,-0.8222579774446938,-0.14536116901002116,-0.16722358749972768,0.00564480018133555,-0.15636896584006565,-1.0039522727758425,1.252482631354504,2
1497,-0.14152317405143336,-0.15950906829347938,-0.12886931156439502,-0.15407125066755065,-0.9105785336879368,-0.14475804517866137,-0.16733085847263357,0.2632786897275269,-0.15397168210466167,-0.9919260735919522,1.2719646299581528,2
1498,-0.10213993033981456,-0.1281292076431426,-0.12085381922832639,-0.14025871236411666,-0.7111737014325232,-0.1368315551614433,-0.16492578243941314,0.8474222104823966,-0.1403705702363882,-0.6990174265795968,1.4611236743191685,2
1499,-0.07074497915725887,-0.08932455184626982,-0.0703412303054164,-0.10060202480542635,-0.4795265038124261,-0.12666645315954167,-0.15875955593160718,0.6455717181644124,-0.10098674787037579,-0.2958084104522842,1.6835613143932453,2
1500,-0.011819957211107877,-0.00829122777177096,-0.040196025666981446,-0.069784249304913,0.12688483322713326,-0.1085751822546248,-0.15031996592646252,1.2268415110991937,-0.06959133540467717,0.3695968233503974,1.6790927762504202,2
1501,0.00810481707913994,-0.008490118278600023,0.013183658812483581,-0.01052314339123456,-0.9289979053528867,-0.08674956724858168,-0.14099975219121483,0.36511760878999094,-0.010665447678574394,0.7742641932459785,1.7161154396230798,2
1502,0.024791023614642284,0.0037676301904573436,0.03629768310872649,0.009126047577144913,-0.7945972645512731,-0.060670705429546216,-0.13069886471728215,0.29317244687927324,0.009259619364557587,0.9116603801168865,1.8163343853670004,2
1503,0.07792683132884301,0.05863168091984157,0.04046405020994894,0.025964915230313232,-0.09448133410965028,-0.027333949042644953,-0.11474584642598327,1.0301153676844568,0.02594607106896463,1.047249119998659,1.8533973813232782,1
1504,0.07103764145006375,0.061082002136155646,0.061911223356958145,0.07848393902717642,-0.044674451904673264,0.003071801779865542,-0.09963844420042234,-0.18492332389796423,0.07908265950272254,0.762072989257526,1.9171246072961374,2
1505,0.1375810548177388,0.11338111469871838,0.09081117125291446,0.0718458690540057,0.11715613610281084,0.03736267766134232,-0.08170288660086407,1.2631812195152587,0.07219336840170723,0.7795962667692441,2.2258750173711905,1
1506,0.14115235896996042,0.13849930269705754,0.1581582467293472,0.13899917697501496,0.09221976799345272,0.0676735213972808,-0.06337788587832534,0.018022727500375067,0.1387377594856616,0.5556392256144115,2.2103848287291243,1
1507,0.14822886896456022,0.12962760675408386,0.16691384329165018,0.1422219321355888,-0.3861825938587173,0.09056769743180215,-0.04758899992722666,0.08410450149653916,0.14230911611072813,0.457180982526299,2.2150321346251243,0
1508,0.13235467392979525,0.11874452460461711,0.1353728758774078,0.1493719563649476,-0.7626590383949141,0.10834101175702424,-0.03302189398437619,-0.3482519502227085,0.1493857300798413,0.15581736115128794,2.069404522709369,2
1509,0.1470266280081621,0.1239352105743814,0.15368135791319446,0.13341781550676055,-0.8738637115225304,0.12582619744404536,-0.017624365218642985,0.22909151895552865,0.13351130180698223,-0.25904037205543184,2.283527293456805,0
1510,0.1360629138258058,0.12790908958297098,0.169200723508262,0.14851429268168198,-0.7003192907696869,0.1341422703478357,-0.004663181467893078,-0.2560165248323697,0.14818347145902688,-0.4444263478262492,2.118927669506453,2
1511,0.1522092343550584,0.14242993929773864,0.13935386823496831,0.13711361390575616,-0.14784322050933166,0.14575345664250894,0.009582332180253565,0.25640883610135135,0.137219596187822,-1.024430221594082,2.1226870930771606,0
1512,0.13797964009747413,0.12430793064709256,0.13544071136841948,0.15294328939301124,-0.36571096391976304,0.14581047225316393,0.023712304436404704,-0.3166725291843485,0.15336615395348366,-1.0256083422645108,1.8428292298038895,0
1513,0.12092415602339347,0.11301134297200097,0.14370282058302603,0.13956937304305192,-0.5136485253891344,0.1429169300124203,0.03627400965297915,-0.37246348931823586,0.13913635062177393,-0.9187009234730105,1.5059985955918418,0
1514,0.10262939099664393,0.09691951623355816,0.13187078940685895,0.12134741825197239,-0.6973294964037116,0.136394155052897,0.04779296230380222,-0.3995294280777305,0.12208061595302754,-0.7456196918512827,0.9710466801010417,2
1515,0.1294207819692905,0.10277726548441064,0.13263904219198042,0.10386626937605899,-0.9854178749004876,0.1359744766296617,0.060888404710802535,0.46863710656591673,0.10378558212297068,-0.7441931870158036,1.0111434942019881,1
1516,0.13459727734037108,0.11113742339746699,0.15603353771461195,0.13032875461235807,-0.9743992269200427,0.1341965208084121,0.07485516886248467,0.048902473607224425,0.13057736673907155,-0.7799112757189537,0.9428049307571986,2
1517,0.2236461674994087,0.2051117751250771,0.1438566232944227,0.13560705911531723,-0.11464124935573679,0.14672486278499589,0.09296491806468299,1.6395692401739008,0.1357539381679246,-0.0928501781437837,1.139377363820497,2
1518,0.3054733808097752,0.2868686724455446,0.2591910322937853,0.2246458190930636,0.6078795734639818,0.16864852466092653,0.11433670063268045,1.4231774510058335,0.22480413671415128,0.9220436285224936,1.5330562845110476,2
1519,0.478497679349092,0.4873654136024578,0.3323623235536427,0.30611501425245813,2.150478012025333,0.2173579099143986,0.142098124317313,2.9247802943660357,0.30663255230427017,2.826361694960641,1.774445729815113,0
1520,0.43678839869994396,0.47706622680750527,0.4544203074724041,0.47941745392514246,1.3330430726938765,0.2625406941162053,0.16636429120294693,-0.70443663819025,0.4796593930737618,3.285915480568763,1.3925728491225449,2
1521,0.4764493800266975,0.46352607067891205,0.4642814323452326,0.43691876549190556,0.16694895297985377,0.31601375504751983,0.1897094064987609,0.5863722640072391,0.4379494995939725,3.3354145132140287,1.4652955956692488,0
1522,0.46333435292962466,0.4416248967030143,0.4920266553502661,0.4772613844535275,-0.5839280299705154,0.3637784044770059,0.21147482404598986,-0.25571722147204184,0.47761106365589295,2.8907450471061047,1.4873282669592003,2
1523,0.4996517574886361,0.4658881872109128,0.48481200219406667,0.46448821929773576,-0.4749521338076395,0.4159976036452134,0.2341788476991158,0.524951304360553,0.46449584386092785,1.8763699482611644,1.5305571939728133,2
1524,0.6644908404210731,0.6327825062291931,0.5156971842634257,0.4997811359857756,1.5714132361145199,0.4790582070055393,0.26222362417043416,2.511235211882041,0.500813782028239,1.8888183796140494,1.8490613823046052,0
1525,0.5198878174041089,0.6527084112370214,0.4162861107177537,0.6659308077034894,3.051821125907046,0.5097291089610805,0.2836840320008163,-2.126316702260705,0.6656552869262274,0.9777437267574218,1.0207388391942813,2
1526,0.5934982625181798,0.604506639671537,0.5306984642205982,0.5201839784937762,1.4829438008468587,0.5261793614125164,0.3054823284888233,1.0826048813258167,0.5210501392702872,1.1403039483711257,1.2127299978935586,2
1527,0.6196360285061291,0.616834411357946,0.6218079952101596,0.5943724483128533,0.48038497661186835,0.5523347911292149,0.3283595718063691,0.33840500039065574,0.5946616659358878,1.0618314378234106,1.3302938701188194,2
1528,0.6635228119663467,0.6814034343167904,0.6404697289804484,0.6211384893736497,1.0430781677497492,0.5790947004927955,0.3529967865425313,0.5939123528416282,0.6207998159636392,1.1607030215612097,1.4736777464872488,1
1529,0.6698694968492409,0.6370603105706394,0.6996329279487311,0.664596359337786,-0.6889180299793292,0.6086385094365797,0.3786964251584865,0.04158924923115666,0.6646872442483476,0.8508872993951181,1.4480223336560838,2
1530,0.6865003304610253,0.6789550786644722,0.7056980548217301,0.6710136841140133,-0.04048530418311604,0.6353662538608581,0.4044897216494518,0.18865725217780863,0.6710340223825016,0.4989576346969101,1.462531936809457,2
1531,0.7856046442541363,0.7684435219625764,0.6717747303222183,0.6876249472562089,1.3431809873785743,0.6526909716449251,0.43554558657857934,1.3594723418672758,0.6876651003496015,1.2197421828620534,1.4749843308070023,0
1532,0.7650879783063091,0.767655576495744,0.7215667414966804,0.7867447787054411,1.1974910110402242,0.6877656159364518,0.46484852216907974,-0.328751766983551,0.7867708702733202,0.8507654432677215,1.2653483529351042,2
1533,0.8162413355803745,0.7931865329332096,0.8061318593403003,0.7662154753897001,0.5367307738419583,0.7196278872633212,0.4972775449935682,0.6526574897146193,0.7662539028759989,0.9359245631711224,1.0479718852945703,0
1534,0.7623839338647506,0.7967274964717155,0.7161840269837283,0.8172111078980524,1.061125709162858,0.7400472539774041,0.5279469959077886,-0.772768791047686,0.8174080117416587,0.5757659483880273,0.9853974695830054,0
1535,0.6987596962301057,0.7529209716964288,0.6210018306272578,0.7632066061120404,1.923863423708711,0.7450877122582859,0.5564491557725316,-0.9240979579010564,0.763549818704163,0.4059423030235781,0.5909684031231477,0
1536,0.5682222688340388,0.6802466999052386,0.5940830594547745,0.6994997917037613,0.4735965041345649,0.7305475898018615,0.5774291160558928,-1.8953202651869998,0.6999246462444205,1.2322251150773593,0.13559721638902647,2
1537,0.6664131788133885,0.642490426804647,0.5857708660925985,0.5693608950659553,0.37567806453650937,0.7276742242368534,0.6028562780527318,1.4256713975266535,0.5693853008738861,1.2889367121864777,0.29241096476791817,0
1538,0.6395298737759219,0.6441073488867249,0.652277669047658,0.6668965991188172,0.5850622870438055,0.7067789662743871,0.6227404942674952,-0.4353440830328028,0.6675776535632848,1.2909953851844194,-0.2666780643440813,0
1539,0.45959655586487275,0.6192562318963205,0.48809549354965437,0.6408706156843836,1.7347557746339843,0.6630799616048116,0.630109425750624,-2.663622053606724,0.6406939535318789,2.296585605058604,-0.375931681025596,2
1540,0.65118562479096,0.6195181432987662,0.46445209883289945,0.46125012421669637,1.3927534530106742,0.6394695760205507,0.638365975341356,2.9871195956172816,0.460757991877066,1.6434293066206003,-0.021629000845082784,0
1541,0.5738501034189373,0.6221829566861262,0.5869264785506935,0.6522191636736867,0.36478139744337645,0.6125007640284437,0.6449191644426969,-1.1670692848827973,0.6523498758037994,1.158171589727695,-0.30644167429197955,0
1542,0.5191714613819564,0.5726116784065403,0.5146861184590753,0.5749029713720418,0.2229148758289404,0.5868115742943704,0.6469617909990921,-0.8689079732737555,0.5750132181480427,1.004463961857744,-0.5663815738041218,1
1543,0.5282208188546954,0.5522531036241277,0.5368599555294269,0.5210355311518157,-0.5447441831158151,0.581089568957961,0.6500641402818225,0.08963817442499344,0.5203337727227813,1.0851722907501933,-0.5582747945901123,2
1544,0.6294914112175819,0.6040294990115468,0.5624173254551946,0.5295929619051896,-0.4310538245496211,0.5758080966282839,0.6562720289512565,1.5017000851107227,0.5293832631569009,0.9069202299244223,-0.32354786689953197,2
1545,0.7164802789577622,0.7153538841304368,0.6464547212173364,0.6305888780988401,0.2827634731825692,0.5868154633441584,0.6587577460427082,1.2200616588131925,0.6306553434793277,1.3836157405298708,-0.35501994918774965,1
1546,0.7174069024334923,0.7270890382721001,0.7412618570459328,0.7167034501484887,-0.02544463907570146,0.6236939309899288,0.6682015211509713,-0.03660122830754715,0.7176454893389764,1.1974095790500656,-0.30398503841776814,0
1547,0.7004061677141687,0.7331255309988244,0.7103057963981149,0.7186372778455538,0.19646936617277877,0.6307346809980656,0.6733129979169573,-0.2879733730166421,0.7185721264295003,1.3490250057308197,-0.48478079652350775,2
1548,0.7415791790570396,0.7274123735494159,0.7269763366154167,0.701424639935188,-0.10079712605869409,0.6547274779183724,0.6791433392716905,0.5321302996694177,0.7015711419199383,1.526038142535765,-0.23856217197128238,0
1549,0.714373613580638,0.7075073526590434,0.7328563423353744,0.7426750579298897,-0.5220819561437404,0.6826501596495642,0.6815746158971814,-0.4269770276759896,0.7427447582140947,0.9809043860755228,-0.14141483156585516,1
1550,0.706470999426787,0.6899713277746571,0.7498783591528342,0.7154939660129194,-0.8952934417088249,0.7081479474791577,0.6833246055699032,-0.16055555964658905,0.7155387930088107,-0.19718442246248388,0.24226309312023947,2
1551,0.7603742958179249,0.722121320968114,0.7506510497738162,0.7076506522073975,-0.7607309073194901,0.7268700829146113,0.6868566648394286,0.7099179759537873,0.7076360627425736,-0.6143830105288721,0.12039351450648375,0
1552,0.7082858345302627,0.7209989839264893,0.701501637231966,0.7614700772294186,-0.0778243836024412,0.7256979090367321,0.683159900799831,-0.7661734327869395,0.7615401511299096,-0.596468815824625,0.03254244208148314,0
1553,0.5724319828883146,0.6696203695527284,0.5871107121365626,0.7094782228944084,0.6515746799908496,0.7049599791939052,0.6739486395502383,-1.9622685306977699,0.7094509245112554,0.553283016132944,0.1895625733722896,2
1554,0.5894757438659325,0.5817498311187,0.5862441929859569,0.5735218796709391,-0.09558556246698095,0.6890919424712987,0.6631065315578639,0.20595911187591262,0.5735950767811049,0.9429071312094455,-0.4403612479651809,2
1555,0.6701875170192425,0.6565021954444921,0.6042235143961989,0.5904120051071265,-0.09781963748401844,0.6788797258799913,0.6586984399228349,1.1508211326534172,0.5906390881811422,0.8132767637289494,0.21454046508933797,0
1556,0.6487581955404068,0.6387177724101315,0.6333618374755235,0.6715085524425284,-0.12966910662501596,0.6694937718115564,0.6563077700413954,-0.3565550138788567,0.6713520472251444,0.7576032598710611,0.37935777696631623,2
1557,0.6825516423737351,0.6671427761359721,0.6814099059520882,0.6499518485999963,-0.7645620523855012,0.6660722286232043,0.6617740817743447,0.43925109235017185,0.6499224108872506,0.7023560053898319,0.462400047087336,2
1558,0.6974437162952599,0.687736481511387,0.7255521716901016,0.6836839595593653,-0.7075642996315613,0.6570703271411839,0.6632577126722085,0.16251738678345298,0.6837163542445988,0.3258549477652108,0.14227327257420697,2
1559,0.7698792327734152,0.7641868474340854,0.7324533868392338,0.6985442269020772,0.03219124533762742,0.6658809515964695,0.6694899713508846,0.9752042897814496,0.6986086469740022,0.7423935013877482,0.07889195200660955,0
1560,0.690306844825256,0.733591615361338,0.7048198705025766,0.7710167457806205,-0.006257344227901352,0.6827423551050916,0.6805206830604912,-1.1397166662798157,0.7710452277405682,0.3718915836899398,-0.3012308248511501,2
1561,0.7365644374743873,0.7131787418735404,0.6817943493329247,0.6914464581741417,0.0808971647702715,0.7037826496491054,0.6846028116602305,0.6069600957462754,0.6914716706425991,-0.02161289681197411,-0.03400815745620461,0
1562,0.7197303203813862,0.7182987903872041,0.7489289158692908,0.7372774013628205,-0.2952909859702916,0.7108694973850063,0.6915776311392351,-0.2836306701775062,0.7377299429503035,-0.06999019510343837,-0.27778737120193964,0
1563,0.6282684677716855,0.7172454937809333,0.6088015858699728,0.7208557047174352,0.34860776033449564,0.7079385453396492,0.6967937731296463,-1.3306908026834101,0.7208955785151614,0.08959833306818145,-0.5211161960064283,0
1564,0.5205350819854063,0.6137369281960017,0.46806551158589366,0.6291292160734016,0.7512974577182762,0.6847628948667941,0.6964263029658185,-1.6229365325368679,0.6294323820648354,1.2211597483521022,-0.8238794839747744,2
1565,0.5817467313107647,0.5474738347682427,0.5098327743666352,0.5221053347107879,0.5768955857979862,0.6682130256538134,0.6941435361152687,0.8915996241042204,0.5216974133617838,1.4356889529384178,-0.7933187443764094,0
1566,0.5079156674983673,0.5806279854680744,0.5139297844331223,0.5828757391405169,0.3240337839319649,0.6307404610537142,0.6841716527103212,-1.151726953863771,0.5829099620643007,1.5238543401307791,-0.8500755402742945,2
1567,0.5202282860566989,0.5012827123227529,0.49394544878107044,0.5087939004758956,0.28955396209410794,0.6064115824409388,0.6747441560765458,0.14090116253487384,0.5090778134588432,1.6039732026915898,-0.38684385337295024,0
1568,0.439288536091325,0.5053929523335539,0.4307201084566337,0.5219654047045899,0.24660188898461566,0.5638877665548119,0.6622596096364805,-1.2943274123104491,0.5213906129253518,1.4944506137343678,-0.7207652283804089,2
1569,0.5106787015636163,0.49405005105681027,0.46528615838406784,0.44034305977014077,-0.02563491805150653,0.5339839885898142,0.6512198046398437,1.0936928794843754,0.4404496737196433,0.5387841599163222,-0.7608664105168226,2
1570,0.5212405879076412,0.5366921020123114,0.42691599555694487,0.5117137233859748,0.615416650986631,0.5186741910689028,0.6419857356375345,0.11359123546514753,0.5118408881210987,-0.008782864903881669,-0.6516292461062695,2
1571,0.5579841394944547,0.5354611675599167,0.5412066255618991,0.5225801239564171,-0.6203704561368694,0.5240310895568557,0.6348862874423159,0.5151792114040538,0.5224029296499526,0.08584646808678541,-0.6390713309066915,1
1572,0.5558196069177694,0.5442915866589777,0.5770848801556515,0.5590316411414087,-0.7397357260593874,0.5203223453935549,0.6251061263048415,-0.08228068449486892,0.559147021106405,-0.06848705630008677,-0.7100261345229987,2
1573,0.6168327118860132,0.5918022167844249,0.5858638070550501,0.5572059411764058,-0.381477747654134,0.5359023783557062,0.6207335730243712,0.8725777948180763,0.5569824567264409,0.3718569545643246,-0.7610971066574781,0
1574,0.6030912474109333,0.5907103459847357,0.6286029558892585,0.6180031592882494,-0.5644625127634767,0.5477555063624268,0.6221994526333885,-0.251354857864656,0.617996458154649,0.5434800013854456,-0.5443729942486674,0
1575,0.5350753382992549,0.5868145981449808,0.5547574939645239,0.6042371396054144,-0.2896115872910609,0.5614573245133782,0.6195984624764446,-1.0546984692035584,0.6042547917774899,-0.053606354450949883,-0.9911049497941219,1
1576,0.5416142071358637,0.5302013183070488,0.5285873223040652,0.5361145482546624,-0.20303618837349244,0.5658824923025539,0.6134511201916065,0.05023099051291057,0.5362378833142869,-0.18843835619522642,-0.9079965216748624,0
1577,0.5184230539152194,0.5149312201666167,0.5460754386821962,0.5428304402633658,-0.572368593236125,0.5654794582988245,0.607219541273403,-0.4025384055415245,0.5427768482258969,-0.1722304048791726,-0.678888600086509,0
1578,0.5076899355345622,0.48690092626069087,0.5169371156028716,0.5193838083335562,-0.784695654102383,0.558285126503413,0.5988590598840193,-0.21480433663838838,0.5195853542597618,-0.012859653392016236,-0.25231551886825676,1
1579,0.4979232243293334,0.5002076716647781,0.5289107771406464,0.5089285924604713,-0.8858677457217121,0.5500033414605988,0.5893195935821376,-0.20072619537014227,0.5088520781783791,0.13732034830933912,-0.6782150983526742,2
1580,0.5211623923599584,0.4955970727692861,0.49651153227096784,0.49880287309039456,-0.45734798507591784,0.5363181855688313,0.5774279533077151,0.31173934787906854,0.4990852234717569,-0.21243825377851616,-0.09658048861515096,0
1581,0.41886066636351393,0.5122164077451125,0.40966942424493974,0.5222071019880229,0.05888571590542438,0.509964931663599,0.5644495787723687,-1.6221205775530743,0.5223247329533498,-0.02027671028908789,-0.7364162637874339,0
1582,0.34278425543711316,0.3888471693074645,0.32641790581605146,0.4190854220192869,0.5472003343452959,0.48245866369458174,0.5456221754320899,-1.2807959059134448,0.4200215038470128,0.8767727635500586,-0.714870117177108,2
1583,0.37054205358518805,0.3517938310308852,0.3388145565089946,0.3438720459694294,-0.17741891142237165,0.457987656367761,0.528926799076043,0.4179995036744842,0.3439439751368725,0.9925582283330202,-1.0262455838152211,2
1584,0.4907909672696392,0.4687278129461529,0.4008484013025208,0.3716037537307531,-0.15621612921150452,0.4540350259675186,0.522353729962269,1.9462863088412417,0.37170218112773384,0.8949907504663956,-0.3323935211689655,2
1585,0.5227699531408684,0.5056632173829818,0.5226056267452451,0.4919279697110116,-0.7344912030491364,0.45619214630343097,0.5224605835383932,0.4493982753362834,0.4919528616184628,0.9603654254622601,-0.35705014512073113,1
1586,0.5272288453518748,0.5093092157475153,0.5341597226012297,0.5239003548348597,-0.8415770139064772,0.4603841673417773,0.5198539764133292,0.018886247561717997,0.523932317354003,1.0713665034335365,-0.323922298410795,0
1587,0.4994786547451215,0.5371105214479259,0.5273735107985416,0.5285572054867628,-0.3623467075297709,0.4572824182199464,0.5194505862750277,-0.47489282581726083,0.5283912750791044,0.9937494264600809,-0.7937180441366394,0
1588,0.4730710081109435,0.5023767943819373,0.5124337265668657,0.5006035053804904,-0.489837104594474,0.46503693374194727,0.5171959042650774,-0.45988667905020525,0.5006406767413416,0.9539051548431219,-0.8442142025183716,0
1589,0.43645503873350705,0.45821069424316163,0.46670296918138543,0.47410023840441695,-0.48258346814733666,0.47843606607750927,0.5170604291953488,-0.6260389814422872,0.47423264210202976,0.39499878072562894,-0.7145829331314021,2
1590,0.4959032350377587,0.4713824299702846,0.45926794577588065,0.4376574512554627,-0.5118315576742853,0.49636834977273986,0.5163539851422633,0.9038267224039226,0.4376161347295081,-0.3260200412038587,-0.4074252668487635,0
1591,0.4238387420912719,0.47269788367450055,0.4450086719745971,0.49716910920341195,-0.40348782642915804,0.48679117219660406,0.5116970117319082,-1.1712317739874651,0.49706520450066444,-0.045682454918898524,-0.6104829535154076,1
1592,0.42386854868759755,0.40993853091707616,0.4542221264024016,0.4249554982507753,-1.0467768215329336,0.47264382592910115,0.5052846821187803,-0.04911803836960258,0.42499965271718165,-0.0181817066756901,-0.5684855673160382,2
1593,0.44477045553939926,0.42148044554839853,0.4587657095517733,0.4249602374131955,-1.0487032569736192,0.460848569837576,0.499975204245162,0.28779793029679795,0.4250294597514529,-0.2760263836638669,-0.4234517407508253,2
1594,0.49116174137372337,0.4719405272973535,0.4632204091886232,0.44595909195294337,-0.3996073418660901,0.45965887739597266,0.49396662850181683,0.6912673507863096,0.445931673713058,-0.32681609366071057,-0.3143032185494742,0
1595,0.4481034316348079,0.46154551925760373,0.47470869827856077,0.492239008423541,-0.3859197884884267,0.4560873917146431,0.48655635684886267,-0.7213534477281668,0.4923236411702969,-0.3544138580360673,-0.04406301530138337,2
1596,0.59862848907237,0.5672874569328086,0.4814162969888614,0.4492402136401667,0.14984695585170008,0.4792854845023307,0.48959495771739936,2.350201499809243,0.44926469877957925,0.5891920940584287,0.9029959472935638,0
1597,0.5655552643887511,0.5754005680211378,0.5879696235685503,0.5993647817781902,-0.22988276268482075,0.48924885542623253,0.4907396266516277,-0.5393668508696376,0.5997919678680269,0.8522104262786726,0.6380293277324651,2
1598,0.6236712679651765,0.5988939716814157,0.604402676169656,0.5666456044287503,-0.3930605934913206,0.5178338887195021,0.49577175032659454,0.8246836243546767,0.5667182572425462,1.1687422563111904,0.43312860456421387,1
1599,0.6201251559989707,0.5966254651347168,0.6545262570805587,0.6252288854015318,-0.9145499107507093,0.5459074049275677,0.5011474988835298,-0.10149777956697952,0.6248351147120905,1.0997465606552594,0.29024236010664123,0
1600,0.5989756922697365,0.6062793327002851,0.6309501906735743,0.6211332513520273,-0.7976736132291853,0.5679656850131363,0.5059790157023841,-0.3596426155794609,0.6212889506431863,0.7801748490732743,0.15579320211709596,2
1601,0.764031403059151,0.7254480380310733,0.6357864173991236,0.6000873793324785,0.335770081856511,0.6069983116082837,0.5175910597611565,2.3942413391657698,0.6001391761668181,1.5214001011808533,0.835071106867507,0
1602,0.7221542576457589,0.7400057420707629,0.7365719521084723,0.7649685768139709,0.4777341228322392,0.6461998977930782,0.5320921216075143,-0.6247740656904834,0.7651973121046773,0.914632520136709,0.7557493170622684,0
1603,0.6897743169327435,0.6984060542718056,0.7296441099441766,0.7232163064619243,-0.17323796019015714,0.6592378480093277,0.5486823974539203,-0.5026489088940779,0.7233195513942224,0.8885477121995442,0.777143713936493,0
1604,0.6516929604974566,0.6800894547855714,0.6445758683092773,0.6908418408211577,0.24570044055547957,0.6715594102790584,0.5621247741030871,-0.590239101541348,0.6909391349257031,0.5512051382131347,0.4245303339432257,2
1605,0.6707385025529942,0.6542705432227153,0.6532009924972793,0.6527474555687446,-0.3393392856942135,0.6782921404081064,0.570728418931887,0.2255375836118753,0.6528572189645332,0.458959190141471,0.8562835127040341,2
1606,0.6943592947876212,0.6655614799013188,0.7146518324540356,0.6718649873424517,-0.9716426227818333,0.688910958938728,0.5789324421190429,0.28866229546866984,0.6719030408544762,0.31194013341982857,0.9170905615873529,0
1607,0.6704828392790714,0.6632627528081839,0.7038775277564101,0.6954069013798685,-0.9644847813123073,0.6991396950717955,0.5857816967204792,-0.38786973760259924,0.6955241801472405,-0.11806418407701443,0.7309247796993243,2
1608,0.6984653716806141,0.6975942763415237,0.7054553685978115,0.6713943136852402,-0.4925894594639202,0.6897608055158198,0.5952956421905632,0.35117141431641474,0.6716473738241163,-0.5559180167243492,0.6790136673800079,0
1609,0.6633990958845265,0.6635273668611238,0.6728223131759357,0.6994905628085218,-0.17693734793162502,0.6813561764507992,0.6043956016069011,-0.5454811976775044,0.6996303173704452,-0.721850158844613,0.7229162732697122,0
1610,0.6404717123342951,0.6427024620206983,0.6687433080435115,0.6645035715261894,-0.45406946153369054,0.6743036879345862,0.6141500391769983,-0.37903585521165645,0.6645635263487784,-0.6163389352266131,0.03355628608673695,2
1611,0.6655948069092511,0.6630838864845624,0.669281680931055,0.6415076588855063,-0.32494618383432605,0.676292276833121,0.6222633262666164,0.3152230563725832,0.6416358059285999,-0.6578498922988916,0.34366033510464067,0
1612,0.6377043132863206,0.6473286625804072,0.6535499331912311,0.6666159908176178,-0.4227307709365156,0.6715669029437878,0.6324886589602438,-0.4499461456500669,0.666759269634884,-0.5418572446633291,-0.10547637332705148,1
1613,0.6445852720548175,0.6108541829006028,0.6779846574395825,0.6387467226313063,-1.148171087098584,0.6644469804450105,0.6430415586853651,0.05045022900023519,0.6388683662194846,-0.605482384542122,-0.048108656873845496,1
1614,0.6460112495543461,0.6287612079892039,0.6756906766855938,0.6457918617134167,-0.8961989167406363,0.660946443162797,0.6526632760044931,-0.02893141223336315,0.6457494260892785,-0.6048869780791816,0.08768795169705774,2
1615,0.6796358339130932,0.6860505189939552,0.6845947505562607,0.6471846766057696,-0.19172557544039662,0.658252972910006,0.6616745922700129,0.43742605470626594,0.647175424540564,-0.7741597068305238,-0.8491601810565695,2
1616,0.7359221614447763,0.7117313496861036,0.7162365202421934,0.680729465934738,-0.15724475637359955,0.6686270310594675,0.6754357706182573,0.7531842526758247,0.6808005029422501,-0.20144333687714902,-0.07953281189567904,2
1617,0.7523661737959088,0.7333685238478101,0.7755100311304391,0.7370416903898132,-0.17285972307063893,0.6846329684924508,0.682786271052067,0.1790741580566675,0.7370876574837896,0.12746020295815225,0.3116198716986147,1
1618,0.7419690343713239,0.7299192047306103,0.7666944603863631,0.7534678767680176,-0.522436699480084,0.6955579158963017,0.6912209596264316,-0.19313600300593384,0.7535319114452897,0.26797524838383047,0.590626904639537,0
1619,0.6968061793897509,0.7387915149123327,0.714373897133853,0.7431345072550535,-0.017246411527695002,0.7040121392659596,0.6947176832769777,-0.6759607129472076,0.7431346192564874,0.09680367202676189,0.023385396572377773,1
1620,0.6956308766124588,0.6641148248003805,0.7372087181568103,0.6973190287016408,-1.0274305850240768,0.7113139551208821,0.6983277599678206,-0.06623192317140054,0.6979711007012217,-0.10355612180661952,-0.17309439556814402,1
1621,0.7065568025157914,0.6730527356804641,0.7355890348630091,0.6964669771843992,-1.0609782677849657,0.7199746906022241,0.703471423988489,0.10510531717716512,0.6967957806553134,-0.4203112802488133,0.13454488945501641,1
1622,0.7022239959486563,0.6833852142155962,0.7379124321289879,0.7075399054645243,-0.7355406523699303,0.7232058130683826,0.7005162905506771,-0.11064765494694992,0.7077218670922749,-0.5340865582701942,-0.1480701103421549,0
1623,0.6326157411387111,0.6646209575293093,0.63700137006244,0.7031903520811345,0.025497149741064037,0.708428351536816,0.6962352783472523,-1.0322818833405187,0.7033889968636096,-0.09143412527213238,-0.44670259506786186,2
1624,0.6616421279806118,0.6780961271982902,0.6622825798023694,0.63337550560195,-0.0951284207881704,0.6954507351113159,0.6948902231809245,0.37344465248252956,0.6337797193059505,-0.20662268912604237,-0.006396036389045453,0
1625,0.6142376672988004,0.6273968608805914,0.6428752896075032,0.6628034593653234,-0.35049350709880356,0.6771794083370803,0.6930994121029491,-0.7312888964949581,0.6628065326298952,-0.13937667591241282,-0.5878446794109966,0
1626,0.5904425251827372,0.5937107794243855,0.6023764871110256,0.615055649692452,-0.4219659288202106,0.6619646249408091,0.6892603038351572,-0.3993908912432448,0.6154013754386836,0.13257389281333024,-0.5599024326173172,1
1627,0.5961863435943422,0.5656437540412874,0.6288271299978729,0.591403238341763,-1.033923067650719,0.6477395868759332,0.684566462363353,0.03578902241385139,0.5916058837027763,0.18062968161653142,-0.570181832985903,2
1628,0.6104910155548053,0.5811373122384964,0.6335817005435876,0.5972336552666818,-1.072629327675275,0.633997861365459,0.681698135530519,0.16247757226754764,0.5973497865077793,-0.05672474529987936,-0.45747456960750243,1
1629,0.6057419143494484,0.5903668636764627,0.6036122342052317,0.6115100079132981,-0.30206488480703003,0.6201965870100643,0.6772648450554954,-0.11953453210365532,0.6116546686454776,-0.5195269882845075,-0.8014728529124715,0
1630,0.562655169865921,0.5705031196300029,0.570243512392982,0.6068633838750388,0.13446437699207228,0.6101890807229707,0.6724480802314696,-0.6855148362410305,0.6069054976620115,-0.3505745237082186,-1.6906166851294537,1
1631,0.5568940162372062,0.5434144537258341,0.5905743796280899,0.5639434088456013,-0.7122409262612719,0.5952053925145667,0.6684520665506131,-0.13638941089059364,0.5638181201088929,-0.5627566724011651,-1.9412743552365777,1
1632,0.5526911614414991,0.5668002427573398,0.5858530294536745,0.5579933904269713,-0.5031805695282896,0.5864014757781819,0.663053921674932,-0.11308993680053644,0.5580568818320752,-0.5228234585350423,-1.9196665595688984,0
1633,0.5293062029878419,0.521783667647114,0.547909279255098,0.5540884453074818,-0.47797628808951104,0.5776562337424987,0.6578711952783045,-0.4035832286346303,0.5538539652842075,-0.32615240936272466,-1.8363064562119384,1
1634,0.5342988702292824,0.5050503299595289,0.5657900807092351,0.530969314443872,-1.2303311789800593,0.568803543326661,0.6525981859577873,0.02683972221343874,0.5304686632374972,-0.2895938590678834,-1.754602576201266,0
1635,0.5000803987922814,0.5055608852074484,0.5414791086837387,0.5352827005351072,-1.169872106587864,0.5530098623816546,0.6456209455774488,-0.5722169296561795,0.5354614038357401,-0.2658974372061231,-2.045295636537672,0
1636,0.40738487735055895,0.46784797736251504,0.39284343297720725,0.5009416072047354,0.30358775709161917,0.5246358903179406,0.6326040930216381,-1.4893514112522175,0.5012424296298716,0.3661625780251003,-2.259057614627835,2
1637,0.45614422867036936,0.4353213329683553,0.44601390519467354,0.40812760550005384,-0.33915926949191544,0.5094000382620371,0.6192273609606157,0.7442123685643757,0.40854554622134076,0.39946187388336146,-1.4937153556471008,0
1638,0.42442938661092977,0.4408524300526491,0.46079722401343637,0.4567650058451272,-0.6476212483647698,0.4904516421914342,0.6035480595531558,-0.5531642251681794,0.45730561395783526,0.4591047117314372,-1.9322566314478422,2
1639,0.4497639957773848,0.4364409673594857,0.4572313595018055,0.42552606846321384,-0.706328893259306,0.4757284311204441,0.5895771631733345,0.3592321674166159,0.42559030591512537,0.24878886757897503,-1.46988951644258,0
1640,0.40874887209538535,0.4311649022036521,0.43775788215496153,0.4511180443917924,-0.5348892822346867,0.458483313979288,0.5758045779673266,-0.7029456910708889,0.450925287320673,0.1757550326731134,-1.5401472854331695,2
1641,0.42685906070974183,0.39882031817460706,0.44800091450242047,0.4098386925633669,-1.1015734839358426,0.44311459200218317,0.5629540699546594,0.24502932409019187,0.409909561007217,-0.2707164357411188,-1.407997546609261,2
1642,0.4840370918553508,0.45527782706586883,0.45877699433439023,0.42799143064015066,-0.8859415339367666,0.4408196779939617,0.5523149658684874,0.8719447106025717,0.4280200157129164,-0.4122814120937553,-1.0079962448870479,1
1643,0.48958236590984106,0.48309129469350365,0.5192350270114797,0.484986219198543,-0.5111385763960201,0.45257761347926323,0.5421481522036592,0.03722085423121868,0.4851988869701014,-0.33124747368296237,-0.9395244270641129,0
1644,0.4633077888918951,0.4650437317792,0.49512515234812277,0.49043949856665,-0.7560925778746984,0.45360232457939653,0.5340532067211926,-0.4598324466692091,0.4907442425007955,-0.31897418894110685,-0.856077820445673,0
1645,0.40408071014113867,0.43310233406480164,0.41938524169216185,0.46457614323211155,-0.31356689396249127,0.45069154920977533,0.5217386898415726,-0.9865990513629534,0.46446927943289534,-0.21538020121340215,-1.1008744406245536,0
1646,0.30203589455653856,0.376870619337562,0.33364054707679996,0.4043236793689961,0.21132740569672262,0.42955979063702926,0.5068117103563218,-1.7137655249027672,0.40524133046409416,0.6712366751528551,-1.4300364467936897,0
1647,0.29196849839841804,0.2855890902842527,0.2343002253142766,0.30457328988826887,0.8686800276172588,0.4128549481418955,0.4925410813475371,-0.22299009247282536,0.3031950155443628,1.1967422476433693,-1.3920299103362128,2
1648,0.3443655016078779,0.31626429624208086,0.3096579749049865,0.29296034652183583,-0.734959175707715,0.4010546612611951,0.48050103266596345,0.8578572471869645,0.29312747146691237,1.2811909991831065,-1.074914177361438,0
1649,0.2660035857263991,0.31307455442008175,0.3016847054072485,0.34341633808828176,-0.7375834875330487,0.369866069691887,0.464030412551258,-1.3685367390275949,0.3455252445407424,1.3616918553951338,-1.2072802892931425,2
1650,0.29333249314324444,0.3055335453022917,0.2538942850012181,0.2671154489777763,0.14758909615273405,0.3417935168264292,0.4490935049854134,0.43059857248422734,0.2671621772948091,0.8801585433660543,-0.7384010633059552,2
1651,0.3349690656515646,0.30892561736811264,0.3186789540517521,0.2944137728072477,-0.4014349532318612,0.3234353108206891,0.43820738548381105,0.670955552375114,0.29449148625278865,0.1194802440803001,-0.7803140427683348,1
1652,0.32645323378167534,0.34415601788630007,0.3466441669201601,0.33685384528423407,-0.4785711337931752,0.3123310924933485,0.427189559409138,-0.19365941395884084,0.3361286705234561,-0.4138087064079746,-0.6863566938901884,0
1653,0.3137597393020947,0.34226907645029364,0.3447603689949992,0.32714829007715307,-0.3618917396211545,0.31400812925656457,0.4157657791873614,-0.26532382124707843,0.3276127135312289,-0.41669467475797484,-0.8977007821710996,2
1654,0.3314647328057315,0.3181514833735868,0.32755018793705076,0.31473841913531403,-0.5048531637861482,0.3196578660576908,0.40630659021222953,0.2533815238005779,0.31491903254729625,-0.4253542709085568,-0.6077943700202857,2
1655,0.37400672744511504,0.35760502098458624,0.3667050869396345,0.3328583572195576,-0.8976053393758361,0.323897893669339,0.3986427082746935,0.6714375773285695,0.33262428618878137,-0.22896631471224457,-0.4607042302942878,2
1656,0.423679607292479,0.40611354338117145,0.41308364156544913,0.37489061229880094,-0.6606406032964771,0.3464526519916192,0.3949898364881008,0.7733582911095447,0.37516690589379664,0.04422672224594493,-0.5044563071629209,2
1657,0.554015996055588,0.5174627437455089,0.46111345151733024,0.4256611345921911,0.0705735450941504,0.3837421101374745,0.40200055805314533,2.0544864719071576,0.4248405155802357,1.2942085504980225,0.09351392317183808,1
1658,0.5612632392316513,0.5326899680212817,0.518990185267286,0.5523781065329719,0.2328770203550618,0.4161123484536405,0.4070265042557427,0.06003400125680658,0.5551788193639701,1.9032649540085451,0.25037316881439103,0
1659,0.5300275475616808,0.555094080684615,0.5646971051344295,0.5621929119053198,-0.18602250458711783,0.44523262560375726,0.412075359578846,-0.5204716189083136,0.5624261690231138,1.9184693885741493,0.4000113469053635,1
1660,0.5254069015622461,0.5248377855534002,0.543600901406337,0.5306779806698269,-0.42954843667482817,0.475507682945774,0.415691995361973,-0.12031742541068749,0.5311900184099858,1.5350915025556908,1.047817399682577,2
1661,0.61276130542724,0.5983649892710353,0.5463008807439137,0.5264503983613584,0.02032413990936644,0.5157457365784559,0.42544623019649064,1.2903704459154863,0.5265693045198225,1.2306678008463754,1.3539443739938473,2
1662,0.6272398284139706,0.603651373637847,0.6427147667446605,0.6138536484449147,-0.8077870345060233,0.5519694523649457,0.43502682796980635,0.1633845387349713,0.6139249918750735,0.7473401111346339,1.2650296655156839,2
1663,0.6588752277878059,0.6276209351761172,0.627870332586332,0.6283801789814003,-0.4565980278627659,0.5856129976931594,0.4433861823878794,0.4126255178636309,0.6284037275934167,0.29146375695675725,2.01390904983806,0
1664,0.6407001880015276,0.6309908946469849,0.652831764553679,0.6599260394874253,0.2804124146184219,0.5980127334315668,0.45061142204749083,-0.311293800266281,0.6600395917832781,0.37060182406551667,1.7950819286430595,0
1665,0.587779137437422,0.6089436546966462,0.6162551213907818,0.641786022320296,-0.04409315206688268,0.6018056987143612,0.45656264151021436,-0.818004990933663,0.6418642849528045,0.31884819591364,1.2244616480704131,0
1666,0.5700425913443694,0.5880290709989104,0.6053011477384579,0.5888847476597991,-0.41887645274861074,0.6075296485756644,0.4644976047690532,-0.3136061678902352,0.5889424568245488,0.11641986538546856,1.148956672006531,2
1667,0.5829759104462688,0.556530907965574,0.5509792473081367,0.5712615486260786,0.08076631543315971,0.6157646044639205,0.4779298983045355,0.14454815871564677,0.5712056501300485,-0.268718234487206,1.2884969200454686,2
1668,0.6511342427085911,0.6224222641026198,0.6246720476792674,0.5839026408081059,-0.2798454546668678,0.621253659285957,0.4951023174424267,0.9672522501039101,0.5841391592600212,-0.17109187371340095,1.4094225847394872,1
1669,0.647982226325603,0.6598751032613536,0.6558804309945869,0.6522263971321176,-0.08619207013293904,0.624220754518794,0.5096188289325196,-0.09514574923079608,0.6522984929664783,-0.1179579659176854,1.2832279079337578,2
1670,0.6621108024115396,0.6253863346083466,0.6682348588491994,0.6489329286796415,-0.853233137158198,0.6246835871229353,0.5285574923663757,0.15485565673278226,0.6491464302712021,-0.10105531872513458,1.1847372157398315,0
1671,0.6162655135592809,0.6783995611401479,0.6502770926417087,0.6633127946107001,0.19433021076491355,0.621188330385388,0.5439975538641676,-0.708725771386472,0.6632752139470135,-0.1323923299681567,0.24713788428795957,0
1672,0.596506109757434,0.5840566661633178,0.6110203770049524,0.6173379305422063,-0.23875558402845476,0.6224366796880154,0.5565021532381894,-0.3397889066952583,0.6174292514941236,-0.16206864291160786,0.052908233653973444,0
1673,0.5460055044715209,0.5784756928926296,0.5853401424235017,0.5976140354083076,-0.24279638218528343,0.6189982958436999,0.5669993781954387,-0.798192658456207,0.5976695573691659,0.014206575613655062,-0.08121561908811017,2
1674,0.5695754134789475,0.5402032135476305,0.5112314534345795,0.5473151844905333,0.20330835187799973,0.6170814224504318,0.5792304276443343,0.3083407079355648,0.5471682100824836,0.07152625457054551,0.08824376396845394,0
1675,0.44370639746471163,0.5380011676335409,0.47669291808948105,0.5705471822486254,0.29938331990847394,0.5874099170920453,0.5845969219183373,-1.93949347055648,0.570738465400425,0.9488396416250869,-1.1450381136847345,0
1676,0.42024112332890506,0.43186538007266956,0.4329254592887212,0.44479662529717506,-0.22159198256997314,0.5548327028325688,0.5868074791256472,-0.4245418050102385,0.4448676000042625,1.4014515246080712,-1.3399401570975624,0
1677,0.33840917089443656,0.3977311500254122,0.34769555363318655,0.42121168465357445,-0.22132077361659594,0.5085288197507888,0.5827305322088122,-1.3729981055855351,0.4214019810953318,1.8519023785930548,-1.8126487365445407,0
1678,0.20669481944177953,0.3098575403976403,0.0851114684642066,0.33929351621226106,3.33692147183201,0.4499418010655328,0.566124425098756,-2.2736473662446866,0.3395688263114794,2.9064366087182036,-2.0167903653629975,2
1679,0.27191664075396177,0.27183849596035486,0.24260658609217864,0.20778787007541374,0.5868547013189485,0.40351091731658933,0.5522901963508969,1.1358473808997598,0.20785253959191732,2.7722525884501614,-1.4938519217168555,0
1680,0.23977103725641022,0.2928138892942119,0.26361555464678316,0.273215374586647,0.2338083855141858,0.3597056238459243,0.538412462932759,-0.6125644634234211,0.27307531920234784,2.5980141662961165,-1.5253464431819823,2
1681,0.45312702789670345,0.44838852526044953,0.26836175670201795,0.2409497849667458,0.4024739332231517,0.34304827057343273,0.5349566203155783,3.7552677652515216,0.2409292433923876,1.7835403163029202,-0.5936738698482834,0
1682,0.4266270930563289,0.41939559638756096,0.4248537966301887,0.45480249374393955,-0.14453548610658248,0.34060516236067073,0.5260571783131859,-0.47100682133246496,0.4542883688527146,1.7020073683164312,-0.9268443376360139,1
1683,0.42872465432662554,0.410358670221187,0.4475660065880837,0.42776108240356614,-0.9590764537389607,0.34181868861198456,0.5165657782321266,-0.015788548035167008,0.42778804465122405,1.7385886848983831,-0.9103657386246148,0
1684,0.35764527562439075,0.42023833195077737,0.3846352117694792,0.42979355950785286,-0.6359303919676935,0.34457031621481793,0.5021633830221597,-1.1940940741880477,0.4298856367407964,1.746857002750066,-1.1297612873604588,2
1685,0.37791974738784817,0.38569698446088163,0.3632142852517026,0.3587401703445749,0.02376951683081834,0.3690631771470994,0.4895993344207965,0.2892304794905213,0.35880521367575896,1.185866498034367,-0.9456854168180415,2
1686,0.41798941581150173,0.41375160222125607,0.3897453163652815,0.3790716759866705,-0.2872599308502698,0.3899581496747191,0.4814813545987893,0.6128858810200916,0.37907998333017345,0.8993173890808186,-0.7416925519798425,0
1687,0.3582130975200838,0.4173795419665778,0.3886618504387485,0.41913505850989907,-0.3041223828522223,0.4069006880385535,0.4713533707602845,-1.017435895775064,0.41915024049379607,-0.11454072529419887,-0.7647404881401141,0
1688,0.3206298479706739,0.35922685697665374,0.3136385868766161,0.3591829078864671,-0.040571232744835095,0.38794763581201147,0.4588100906302184,-0.6775052507824464,0.35937304391440705,-0.0067982143426986935,-0.9423016868950322,2
1689,0.36322035627520666,0.35950080745857393,0.34442410783207755,0.32173292400840814,-0.33226121682696713,0.3788776224396657,0.445044362657053,0.6765158179456915,0.321789242157753,-0.1295037984248182,-0.45317493180577884,2
1690,0.38189325351977765,0.354698811768987,0.39976163869792,0.3642998314375365,-1.05841410533547,0.37217862714157834,0.4323221266382237,0.2615394837596776,0.36438037624072434,-0.3622898903565982,-0.3129180834687304,0
1691,0.35012590695383977,0.3725634543839278,0.38777009902139264,0.38264512916634325,-0.8671718180765274,0.37110301944031904,0.41740551648159346,-0.5737202161262441,0.3830535478444647,-0.3451546116709608,-0.14196956744353229,2
1692,0.38235556754730543,0.35211974611094543,0.3689210885777873,0.35111972188760554,-0.49073658114102114,0.3717375411048304,0.4062218228886706,0.4911962716763062,0.3512857345238126,-0.33599844030937853,0.5346706982076829,0
1693,0.3670096601361196,0.40821436274947526,0.3931415287517279,0.3834535305033983,-0.22802504592412715,0.3644451445998536,0.3952491472201588,-0.3027256173320893,0.3835158686647302,-0.6125296771474548,0.23525158836442478,2
1694,0.436047972915905,0.42198977231882057,0.4000412223571365,0.3681775887305099,-0.17652785486055128,0.3755790303115869,0.389991861832691,1.0984436909940347,0.36816973577753187,-0.190176738954747,0.6343237816065602,0
1695,0.41072122071835593,0.4085848715626911,0.432234932028815,0.4369268719539402,-0.4117448690150695,0.3884661460509631,0.3823967311079177,-0.4558724720599855,0.43720906293092526,-0.35923964502428274,-0.42816860877164337,2
1696,0.5292473380779437,0.5198814930901399,0.4503083355593013,0.4117887331845013,0.2749482625421901,0.41221546704692036,0.3864866113621752,1.8766891302886428,0.4118819386097253,0.5492359179152224,0.3141806882566913,1
1697,0.5319495118126197,0.5062554663844784,0.555732803491369,0.5306502939841086,-0.6971679267483849,0.4336802567272099,0.39182760865562566,-0.008227079361491923,0.5304097974627021,0.967062395835898,0.316597347998789,1
1698,0.5368838129993305,0.5214337972558546,0.562666224649318,0.5329648759672009,-0.8170888697751372,0.4603950317056349,0.4013170708230555,0.025848668375508834,0.5331120109001695,0.9735970913611383,0.7959364876211911,0
1699,0.49049801457186126,0.5054981100073312,0.5307272467560368,0.5382602663978331,-0.40915072597976204,0.4758642624281809,0.41488625857732436,-0.7571565762258999,0.5380463845861158,0.7663943622324495,0.4020454856374301,0
1700,0.382696535055064,0.465277633894705,0.37710217558911074,0.4915664215042664,0.11707662260958908,0.47810819063688675,0.4201828627416315,-1.7319700358933026,0.49165990461635767,0.6508541148571669,-0.3472641142750692,0
1701,0.36748319840494154,0.3717373032669263,0.36976389700536655,0.38391559883937315,0.17170341414612006,0.4683003460251535,0.42628903181535727,-0.3004938616584144,0.3838568411822931,0.9797585932348543,-0.13760399132171547,2
1702,0.37899453084866136,0.4015394302673522,0.3988331166405764,0.36857605251821285,-0.1998478308673094,0.46376200331920825,0.4227446116382815,0.14177546141513636,0.3686432810040083,1.1159600977053177,0.12151018836027284,1
1703,0.3704157185137325,0.36105839407752743,0.36579913444752477,0.3801059358274909,-0.19672572230424765,0.4410419425412555,0.4200570355003722,-0.1913551199693862,0.3801547825826816,1.1011317121802429,-0.14371350251625728,1
1704,0.36564017798443826,0.34645683339118055,0.3982669755800768,0.3714498556668953,-1.113065350105057,0.41725223251447113,0.4170408428762034,-0.1288686713813661,0.3715758442000487,0.8402679305324897,-0.27717387174792674,0
1705,0.31313953761369556,0.33480423293734246,0.3479234048057997,0.36673488791794384,-0.551494417057885,0.38524674425320277,0.41491293619448827,-0.9232710018727353,0.36680023350417473,0.3438626752623295,-0.38763061105038255,2
1706,0.3701923561119785,0.34552835009864563,0.3452683110080701,0.31428420783177274,-0.4388941840184609,0.3680376275821035,0.41454347445173045,0.9270609249125978,0.3142988217463305,-0.5494368073090408,-0.24780554043240588,0
1707,0.31650893013641423,0.35848497941597385,0.35465369987664447,0.3710894298933549,-0.45591749575193613,0.358569825071339,0.409691493264949,-0.9407991194158232,0.37135247851645137,-0.4239922573960488,-0.4316793174369961,2
1708,0.3337658269848292,0.3174915452619835,0.29778435486704025,0.31758478502787924,-0.04307903100376678,0.3537467254263212,0.4085226212801913,0.24527059069895693,0.31766826377522495,-0.41441605886427524,-0.7351417766369971,0
1709,0.2759448962406484,0.3108561697552768,0.2990596620980605,0.3348686350893494,-0.2548905341831012,0.33900599579160645,0.40638614603882817,-1.0283775327302693,0.33492541417764515,-0.17530201656761124,-0.8680281053873118,0
1710,0.20533144826591396,0.2692027974896831,0.19798845755460082,0.27703252048656124,0.589674744974382,0.3153915249211003,0.39883716747249254,-1.2834727192051065,0.2771036338758235,0.4469712843577927,-1.9823475614956023,1
1711,0.21142733371277947,0.20196588994973513,0.23503690606713282,0.20643858064844695,-0.8063170938929439,0.29333215661517814,0.3906868572883344,0.06128497200839466,0.2064891483841639,0.600020560163039,-1.95175990213121,2
1712,0.23383603260142785,0.21651782014518703,0.23223523689069375,0.2127871875695805,-0.842861376318341,0.28198819085617494,0.38512681016382994,0.35657751500869406,0.2125851233973161,0.6640295276575966,-1.8004439122835538,2
1713,0.303371454556753,0.30269649936979615,0.262899034348265,0.23526229120323777,-0.08959261478335458,0.2724297984608965,0.3813504247067107,1.194658557391386,0.2349941515349253,0.30422367895180524,-1.140433496921753,2
1714,0.32345898034576637,0.30234589189203814,0.3220073309471868,0.30448673781669894,-0.3549889220493605,0.27342396803241864,0.3792681812329172,0.2961147505200099,0.30453059516783804,0.3374003190383674,-0.5435517331907532,0
1715,0.3137041169507925,0.30113019056061113,0.2943493431156413,0.32460685187189114,0.0224069299287952,0.2705542417617078,0.3734186813659024,-0.2156517887845197,0.3246184161010284,0.23027471177797698,-0.5142705379509062,2
1716,0.3387295606264891,0.31820823903396667,0.351567882409818,0.3148015248243837,-0.12563882311744462,0.27953527082055313,0.36997661880533006,0.378667394088493,0.3148634093787399,0.4410396241378145,-0.4242130190699962,2
1717,0.4167677195035271,0.3846809107227821,0.3619553346157113,0.3399329289945939,-0.18761396840803174,0.309780161267195,0.364598747487619,1.267878069801112,0.33988922075098893,0.779842508157462,0.057494160189449736,0
1718,0.3986914530406374,0.38495449266145304,0.4225823854414337,0.417796245126177,-0.9276284639474098,0.3365673474983263,0.3582274181640798,-0.34245640576788006,0.4179285262355494,0.5766636629382271,-0.01587233867753363,0
1719,0.37243857622252685,0.37631215346724395,0.39591441539272837,0.39964924393021783,-0.8496490137862978,0.35639374115778993,0.3503649686518506,-0.4789405058762857,0.39985199417973183,0.06408318598477884,0.13243518681101188,0
1720,0.3408206367795936,0.339315325155545,0.35712620842753884,0.37361278445253954,-0.20870142101134653,0.3617506574854207,0.34320859946122534,-0.5738654291465516,0.3735987316305061,-0.08310205690313739,-0.34843307840768023,2
1721,0.40837859684646977,0.4056909471220659,0.3612398286796755,0.34191826390427904,0.06970020469951908,0.3738979796208374,0.34443650923935376,1.0896626849933602,0.34198032762808384,-0.06125980820308499,0.3170685913991043,2
1722,0.4511968325354821,0.4166344703644047,0.4128565511646977,0.409491486558683,0.20400626917460452,0.39356561798642775,0.34843902238438307,0.6471301066909848,0.4095392803178811,-0.016072057997568046,0.42645704625776426,2
1723,0.492407133302208,0.4860857085934162,0.49048736028319645,0.45234249430342566,0.2832294018558426,0.41554841839468665,0.353861501492439,0.6063785046730303,0.4523581451313096,0.2343657268118187,0.976486657208015,1
1724,0.5004692563962284,0.49385644300322,0.5149858625726299,0.4935369153526882,-0.06383521871192899,0.4275215003957893,0.36007961638302594,0.07610034416709983,0.49356905139721113,0.5436339947202107,1.6103579262009309,1
1725,0.5069140910335506,0.47573639991656974,0.5285702049371744,0.5012924299386348,-1.0206842421407902,0.44300220203124235,0.3668341994315537,0.05048307125663322,0.5016312929472678,0.7260615379298884,1.6111367224135187,1
1726,0.5150193650996574,0.4898904262506138,0.5174567227844904,0.5080757926544265,-0.7546306291911792,0.46339766357690293,0.3764864701951046,0.07586735272551069,0.5080762222779552,0.6678464329856824,1.5782296042725912,0
1727,0.5048376063941284,0.5131670036326006,0.5235380794572081,0.5159393102576346,-0.23784366591635586,0.4868594624837089,0.38292412386726155,-0.20658025547242917,0.5161816154341117,-0.08895797216686314,1.2692248245958437,2
1728,0.5358757514173216,0.5119611301211527,0.527087206987879,0.5058420258620795,-0.3051986684814671,0.5050972863427972,0.3934124821243045,0.4313528273131868,0.5059997071289345,-0.4729306556047124,1.306698836644788,0
1729,0.49887828254967537,0.5153981644633785,0.5338374089224412,0.5369947853168245,-0.5291067446973615,0.5119178768856358,0.40130683267628053,-0.6142264528668703,0.5370383081927503,-0.817132441343064,1.033478504819857,2
1730,0.5639409690630647,0.5464161156429813,0.5248751360043455,0.4998303983319861,0.01430134875026892,0.5221504307097797,0.41507649014200537,0.9615608455247879,0.5000402957246818,-0.5334378624863899,1.1709573749570432,2
1731,0.5834049258912906,0.5681127481155619,0.5957578987085572,0.5650290511842413,-0.20750394757859542,0.5340139592487317,0.43315292511821,0.24343891874439852,0.5651039381981664,-0.2720336299112542,0.9607968733861989,1
1732,0.5865013199229765,0.5610315581250488,0.6153973511165869,0.5845529037780851,-0.982213100135663,0.5453985102750191,0.4510859485230222,-0.0034136382313323787,0.5845681810085277,-0.14564136166154196,1.154806645720224,1
1733,0.5784448089496033,0.5551761429814414,0.6151370403445363,0.5876408422392828,-1.0031953779581824,0.554471199599054,0.4675623704529936,-0.16959251079222817,0.5876646205352476,-0.1372438559201648,1.3548758468509368,0
1734,0.5048280034321323,0.5415181758608474,0.5315081790721885,0.5795236547317903,0.02535069276897266,0.5544698259438535,0.4771944034354415,-1.150260159379245,0.5796079911882963,-0.13718592586083667,0.919161841715427,0
1735,0.4252508763598711,0.49358752927903915,0.44437558299025787,0.5061218858744756,0.6292612063471064,0.5386454964321684,0.48206127376170876,-1.282693520560056,0.5059901040258429,0.5539304073023564,-0.07355247756942464,1
1736,0.41873071459208583,0.4384481767424876,0.43813268909221503,0.42632736105663854,0.19350274663336217,0.5271807917329547,0.4870828015212307,-0.1547722713832648,0.42641180773414034,0.9644057725301507,-0.41557666181232134,1
1737,0.4227731874510784,0.41050105076313564,0.43429776493212274,0.41981936862042374,-0.02102126823769222,0.5069874537382084,0.4911010922646096,0.015827320310341748,0.41989155016621527,1.1408581076878983,-0.7320910271341601,2
1738,0.46453572088947764,0.44185425345177887,0.4531612300411025,0.42371895100349033,-0.32145576833131834,0.48998381447747347,0.4933849741608477,0.6249093543480974,0.4239340824208914,0.9135516648540929,-0.4425786934719771,1
1739,0.46525319933575965,0.4388675789600999,0.493074872180535,0.4656385886178524,-1.0715111500915084,0.47263988336027907,0.4965674218859925,-0.03825537348309491,0.4656972294723703,0.4658208597580789,-0.4882359810661013,2
1740,0.4885279107971496,0.4573768037179265,0.4977349802200745,0.4661934447654238,-1.0037473626283908,0.45977772533032313,0.5021178808101395,0.31825619488039336,0.4664147184604974,-0.2247012512735693,-0.3701387974764185,0
1741,0.4699371999416103,0.504051454906393,0.5081026523575606,0.4896317208035976,-0.10638741352084956,0.454786772155689,0.5082911971004238,-0.3400144256246403,0.4896897718950916,-0.4143828243841685,-0.42424969657934586,1
1742,0.4665947455979977,0.46412999021663387,0.4980730165173404,0.4705564673472711,-0.3883061520438802,0.46070080378530576,0.5110746254278528,-0.10230193598345229,0.4710987878879401,-0.4732814247703749,-0.6954387557806707,0
1743,0.4171125531388425,0.44320164757092717,0.44844393731661664,0.4676856573538014,-0.4096602027585718,0.4604693339642013,0.5094449891357385,-0.831133271124359,0.46775628443395184,-0.46144845609782814,-0.7686180133573393,0
1744,0.40729184086160947,0.4031949265428485,0.4023705790026996,0.4182053096719254,-0.2814956111123213,0.4582548055447195,0.5053754599559962,-0.2086781478846211,0.41827336493747386,-0.3519469877969609,-1.4854211010780296,2
1745,0.4765916784635492,0.4712552825493037,0.43972891525361035,0.4084206852813065,-0.28728557329438603,0.4599793493702555,0.5042338260926523,1.0786699527894326,0.40845250836541463,-0.32160731162499506,-0.9582971358317539,2
1746,0.5004707529617343,0.47276213304761455,0.5175392665314972,0.4776753128764966,-0.9130832779246009,0.4650170425010586,0.5039257574536766,0.325661706968731,0.47775336418352254,-0.1933134089921816,-0.7761547093947783,0
1747,0.48956303527205663,0.4672229280118379,0.5043076687202135,0.501567176644209,-0.8470427736659553,0.46516511182785336,0.5027086403637616,-0.2189857080258267,0.5016327895347626,-0.18926113339524123,-0.7915779574269074,2
1748,0.5915609584708056,0.5681692580804424,0.5175030030727507,0.4905668323779942,0.32914963989862256,0.4825627760549644,0.5068550540306994,1.542941931605904,0.49072491157898784,0.569929473187806,0.3711457399117523,2
1749,0.6233275567539905,0.612172339255313,0.5943362696894481,0.5927960532341158,0.5667390466361636,0.5049826128930818,0.5110362964776672,0.42239590293532087,0.5927243334238825,1.1712625426918541,1.2369334447484257,2
1750,0.641577175387979,0.6276958723034586,0.6576172731551074,0.624470619414291,0.07521131319741256,0.5370911431340573,0.5178590106065963,0.21753330571193222,0.6244913984507872,1.3355598236082007,1.3685564664041345,1
1751,0.6347805231429806,0.6131325172672809,0.654003353220872,0.6428164160022999,-0.17377530768648067,0.5696322498854093,0.5212459887176022,-0.14824547188234255,0.6427412852247513,0.9417730372472715,1.2831226466513668,2
1752,0.6673123652548439,0.6463910885543915,0.6712208884068179,0.6364958699112863,0.013565816595407454,0.5969138806299684,0.525257768071186,0.4240577785361553,0.6359445331171637,0.8491852017136972,1.2515765284660862,1
1753,0.6655227223373841,0.6369015912779753,0.698708336546007,0.6684186185445222,-1.0190771722052736,0.6205237310238915,0.5290359364088442,-0.07526795476593058,0.6684768532164043,0.5843100349678277,1.2300448688852168,2
1754,0.6859229056033361,0.6586328668159827,0.7013401000066409,0.6666691193226449,-0.8102626562483058,0.6486120184852809,0.5341746751474884,0.24323970738574002,0.6666871840038849,-0.300106268307217,1.2197941761365139,0
1755,0.6337593666127952,0.6618949659625787,0.6599259621650913,0.687032801383278,0.043118566819910185,0.654648287588054,0.540339136663189,-0.7914581391724562,0.6870876670078617,-0.5652329676554745,0.890613735854996,1
1756,0.6335535888557353,0.6096532232991445,0.651860258886143,0.6346311342137164,-0.21903765852457976,0.6561110698193653,0.5502984981646842,-0.05259668620840358,0.6349233615832189,-0.6174163496924766,0.9191882564486779,0
1757,0.6038869214048981,0.5971102223551908,0.6066332592684937,0.6346845121483446,-0.19805149323689478,0.6507196693943013,0.5591511798019001,-0.4817862077467699,0.6347175808026854,-0.4162993129209241,1.109822257627719,2
1758,0.6590837492482933,0.6410199392402591,0.6477292676764949,0.6120587530356435,-0.23719205906557678,0.6541961231113134,0.5704496515469888,0.7657612319406962,0.6050504774622197,-0.42147844864837214,1.3861836946527262,0
1759,0.610598518843645,0.6386045067848712,0.6174669041713406,0.6603193899683065,0.22608773360082196,0.646083493894604,0.5774332005815425,-0.7476503672162379,0.6602481163075522,-0.35464207337877646,0.6917982798942283,2
1760,0.6224842420914216,0.5944427063173365,0.644694041538479,0.6112615760306364,-0.7820550307076285,0.6399270567213136,0.5849507253189689,0.12542135049921432,0.6117621735138533,-0.3933304272128995,0.6360838395389627,2
1761,0.6516844799595899,0.6228534597042072,0.6604899477053158,0.6238645054837005,-0.9141338586360661,0.6350294229019161,0.5927515611034033,0.37799368247356246,0.6236480713974732,-0.6404082552844117,0.8603611095114425,2
1762,0.7148502696942639,0.6854669921826902,0.6828191090307877,0.6525731042775994,0.10306955085978417,0.6466290669249705,0.604461335637213,0.8629135194580837,0.6528487383020627,-0.11885762619422141,0.6870431614020645,2
1763,0.8046516828751797,0.7912912378502209,0.7540608292584651,0.7160240039151847,1.0126242485690025,0.6711037849048002,0.6206245012824927,1.210985151035721,0.7160154561259012,0.8794808074484017,0.9352438769021294,0
1764,0.7924890950088136,0.7701601964174432,0.8086520429278683,0.8055894344955821,0.18815449578027338,0.6980823730404114,0.6385719904671973,-0.21372741259184405,0.8058181887507581,1.1018897621485062,0.7600437440629471,0
1765,0.724665494564642,0.7625185749926161,0.7495355046337768,0.7934469520860858,0.1872917623632337,0.707463510395806,0.65374624773157,-0.9696656658958193,0.793655422180602,1.075081488371906,0.3116415519243983,0
1766,0.7012721802869103,0.7278209651650511,0.7232173628461954,0.7258208503562559,0.6186126655709102,0.7204339195914239,0.6644886634840323,-0.3765442589240287,0.7258308252104796,0.7440582005704967,0.006718228674580445,1
1767,0.6951040855543856,0.6746197815761475,0.7314626082845318,0.702486212317325,-0.8467164731234365,0.7308218213309571,0.6737944651046879,-0.1367135720618051,0.7024371672169233,0.37538598077866914,-0.0192823449750425,0
1768,0.6776032485285106,0.6587161575903064,0.6811114297916366,0.6964315581810478,-0.07806486560323218,0.7345293702358369,0.6827850367501552,-0.29745945275510627,0.6962689818571475,0.21836002464662324,-0.23044237292652972,0
1769,0.6479238602708732,0.6609654998880459,0.6590754192235836,0.6787360245630182,0.21294960706678812,0.7249558854730319,0.6854798577036333,-0.4732933302781394,0.6787678876930766,0.48846348648700777,-0.10093678536481618,2
1770,0.6973481855304673,0.6952326512005219,0.680343557392446,0.6490132450111847,0.4369550018160259,0.7096066622639016,0.6890189292390919,0.6656402590375707,0.6490880633589052,0.09767873549915004,0.15523505606209023,2
1771,0.8978325903959791,0.8819570539818333,0.7408211165473221,0.6984147729391239,3.779285152044361,0.7246755170947295,0.7012710035601644,2.7869371963994998,0.6985131148055846,1.183723526511492,0.9997345208458988,1
1772,0.9063181168143741,0.8971457040641876,0.9082604099763707,0.8988711167022625,1.2395649255889807,0.7506600070175306,0.7142537488360962,0.06049051360199706,0.899000465370099,1.9615611851895705,0.8823529657082024,2
1773,0.9267709293006167,0.9068833537950786,0.9461836193346781,0.9073557140121251,0.8575911352817768,0.7829164638678778,0.7266589719991983,0.21482280487286015,0.9074861164655568,2.4565388039320037,1.2403669733933245,1
1774,0.9342223289544419,0.8968201575273766,0.9502425908080745,0.9282152621196775,-0.3479928920672104,0.8171211205859328,0.7395060275441998,0.04592920270210007,0.9279392294631004,2.6338158148781243,1.2303519632931783,2
1775,1.0522018257630033,1.0396508136310858,0.9759389283939336,0.9352187464584101,2.119675995904368,0.8707055546265462,0.7570185415798482,1.4583230579154853,0.9353907385996584,2.980317865302315,1.4071745799813444,2
1776,1.3148725182395842,1.2953338351649515,1.0966178865178473,1.053216657264326,3.750452868745668,0.9661091907941995,0.7895838981188733,3.153490699846066,1.0533719688701633,4.3300483193935895,1.6791292016872326,0
1777,1.2910656530270583,1.3064159306689969,1.2547564903456034,1.316108223329509,4.474080350913017,1.051037475121121,0.8210208403469134,-0.31298078234105464,1.3160465207431764,4.178689136143131,1.4439926367095206,2
1778,1.3749803257905568,1.415778928615538,1.290521136341325,1.2913458502540762,4.008096045395261,1.1192910481689273,0.8578883293665193,0.8866414123542232,1.2922393057385597,4.85960707404182,1.6133691652755269,0
1779,1.2685450858668448,1.3632863308471348,1.3043451218423407,1.3757899922653853,2.352160527112662,1.1711057861591712,0.887027872005404,-1.2026468706865825,1.3761552114526612,4.3819808094054835,1.426588119116748,2
1780,1.3903640214807664,1.3665420419107444,1.3186950542904905,1.2707277500003555,1.9203000080526043,1.2374204359717917,0.9243099910623624,1.3205294224945734,1.269718407685715,3.867875575343613,1.666439550057618,0
1781,1.3741602078933293,1.3632462824807197,1.415078255826144,1.3914177544905775,0.3580015421390587,1.3003513270339095,0.9602490942344127,-0.22421156788470775,1.391539133174103,2.2210340975702176,1.6223310442064867,0
1782,1.3514084213624555,1.3528396039047446,1.3711746188621197,1.3752656912439445,0.45092726891669555,1.3431513189740263,0.9937042691583613,-0.29614662516656065,1.3753350815055165,0.14812056205826796,1.5995815618065607,2
1783,1.3736546181799227,1.389438405507286,1.3923359953797074,1.352446125331215,1.7955676334533417,1.351559801409479,1.0252029980357205,0.19338155972095006,1.3525829606847268,0.16139393038164312,1.7504391339279326,2
1784,1.4311593994609844,1.433658190112698,1.4258794411295537,1.3745745218193905,1.7488171173841272,1.371599504097917,1.0551575615562419,0.5736545775653057,1.3748294843635267,0.22989540951491355,1.757236416525462,2
1785,1.4948756758742414,1.4619357765388505,1.4645880206398734,1.4322052311457008,1.620271940327341,1.3887499282286362,1.08874004249862,0.6275070395229796,1.432335110557074,0.8260073951223762,1.6263597441992261,2
1786,1.6278579924517635,1.5912603053406444,1.5461622907040833,1.4958277383488197,3.2002451294336907,1.4401478243044352,1.1319234484375842,1.3336947350180348,1.496052323147746,1.6548727795797666,1.7468729474258304,2
1787,1.6435958753117004,1.6114279747199611,1.6464644816905596,1.6287011317031126,1.9309182748102733,1.4763713616941456,1.1769777937109946,0.10718539782618121,1.6290365936222686,2.384037552080185,1.7428269670833936,0
1788,1.6046330417934445,1.591274801375114,1.646796431812931,1.6449938732447467,0.36175419425323185,1.5093393362589376,1.220464158159764,-0.4358235689144553,1.6447747077174772,2.4023823552762185,1.5658224596177361,1
1789,1.6121849607637486,1.5797172850795744,1.5998983968008078,1.6057668281738926,0.6979590674514425,1.5466421028045267,1.2651483440415099,0.026194581580023277,1.6058113017218762,1.9472090334805916,1.442924404385823,0
1790,1.4553760741945396,1.5887699357579153,1.4978076311672077,1.6139194346847365,2.04314428378768,1.5583319442391803,1.3037542191033054,-1.6195912598042386,1.6133633316518343,1.4036419791044341,0.2739351511721446,0
1791,1.4197146641822767,1.4647575893503784,1.43703996434236,1.4560033093834124,2.538282959030837,1.5566948326751653,1.338291978171605,-0.42548178191134406,1.4565521411040139,1.4826710231589617,0.22967584463664614,2
1792,1.5466940070880906,1.53927384030117,1.46975442235345,1.4205917889200657,1.5927437227862016,1.5641071831745241,1.3693153159658131,1.3050556720544109,1.420890207121919,1.3859589973301927,0.34242413873258803,1
1793,1.5367947251217984,1.5169143213709924,1.5638446574975973,1.5475591881803168,0.7232059665712508,1.5510810428250619,1.3994596399889339,-0.15083078305319036,1.5478714157235909,1.227601621988045,0.7340735478305327,2
1794,1.5945519271181867,1.5811636944850134,1.5875574092490874,1.5379494139400451,0.8480000675917024,1.54406555380087,1.4313875600885169,0.5429495454983357,1.5379719883080551,0.9923145995020994,0.5733834110716184,0
1795,1.5622271099013048,1.543618965209474,1.6114585788316869,1.59589240912689,-0.22706546436910002,1.5379995994740259,1.4614137011942947,-0.3750736973004629,1.5957300389257236,0.8548827031809055,0.4991966473843853,2
1796,1.588749742651852,1.555845756045597,1.5993176742796236,1.5637267160622157,0.0012890175906281843,1.5346473099153866,1.4870671101352673,0.2202572437899404,1.5634047467632624,0.73754842807152,0.6740242042023219,0
1797,1.543589880801291,1.5641632857894934,1.5575317725882676,1.589736736002181,1.664032432315473,1.5472658493035698,1.4980025361224147,-0.5051576159277364,1.589927769208424,0.48668242160275205,0.4129455128879841,1
1798,1.5479593532233205,1.505812815922488,1.5298338442339767,1.5443552649546233,1.4054313947166275,1.5656106041921534,1.510285128111043,-0.0048709578878907405,1.5447672438281477,-0.5601616281785584,0.25522063827274744,2
1799,1.636280413691327,1.5973334066967912,1.5632984233008151,1.5486314860352997,1.872233416216925,1.5784254870756027,1.5227783981438467,0.8532128933491558,1.5491367804504355,-0.18252274796974166,0.33093133847951806,0
1800,1.566841021355963,1.7449280985354179,1.476899338088983,1.6365267360069586,5.190300367077783,1.582723457961158,1.5370405122582838,-0.7395234524389488,1.6374591386116961,-0.28393418076140087,-0.4257583888481083,2
1801,1.6730657443985133,1.6864144868567577,1.623489932235649,1.5832944682658472,2.6708898886759296,1.5939544628795266,1.5505570364643202,1.0295748732155325,1.568018726009699,0.204745310046372,-0.08017907774070782,1
1802,1.6731495520668431,1.6399800030190328,1.705158538010724,1.6740464354585156,0.3508289612618285,1.6098213578627454,1.564852303808849,-0.04877610117227117,1.674245009802378,0.4278239247921009,0.06944671070546939,2
1803,1.715059123066196,1.6662905512763484,1.6967395829972733,1.6742125555728258,0.3484443207078951,1.627889276629256,1.582239157561951,0.3619866324281203,1.6743288187020864,0.8120830530043384,0.1801738242831433,0
1804,1.5936322876148175,1.6622812921158339,1.5534109250034436,1.716201285186683,3.4145707216381354,1.6350475901149326,1.5927567216680927,-1.226646005611127,1.7162390054749284,0.5963816606660619,0.3279834816600748,0
1805,1.5694545235844153,1.567860265970169,1.552285997010442,1.595011922635127,3.144925301885331,1.6381223656437378,1.5993688829718815,-0.2931140149490982,1.5948103859101754,0.4680749668299872,0.37893626129643904,2
1806,1.7130482378814487,1.6824354482426789,1.5985723714456668,1.569943748868787,2.249636670080241,1.649103615071127,1.6098001413491834,1.4079842580874113,1.5706322666381,0.694452425175254,0.42791361851997145,0
1807,1.6769700343757954,1.701668246246474,1.7151908365524604,1.7139900917732325,1.636075893127073,1.6648570140233738,1.6121482844613748,-0.39953971471086797,1.7142280907444292,0.4312963380258698,0.3147110074618995,2
1808,1.7221865162879961,1.6816632272878134,1.711728310218726,1.6781949485834462,0.9367379679934047,1.6718834922891692,1.6159058572492602,0.3939320120878153,1.6781493571450354,0.5753507695431528,0.2773585052648403,1
1809,1.7194315886192373,1.7046234717142197,1.7571968549025012,1.7230456334399353,0.17784961069341207,1.6785039038059875,1.6213946010778224,-0.07624521875704886,1.7233665034188643,0.672664800262977,0.40645909158255744,2
1810,1.8128404729521004,1.7810023402465693,1.776444636597007,1.7205583214581046,0.671877396347922,1.6924910319260271,1.6309883349241403,0.8546333482685825,1.7206115352722056,1.223182440853138,0.5891733503653751,2
1811,1.868106392236351,1.8669537511341594,1.844478435474037,1.813786625730157,2.5089764511921744,1.7317531659777063,1.65072178145853,0.47038799011826454,1.8140217920532529,1.5943885682131902,0.9220234833259106,1
1812,1.8716465179405333,1.8822966979901872,1.9083832718663836,1.8692472975271925,1.47553246147715,1.774980204128042,1.6723295303528642,-0.016834558299448885,1.8692885233545948,1.13512327613127,0.920297486440771,0
1813,1.6769233914175286,1.8257565125633504,1.7379640350546108,1.8729702837527045,2.64006233695187,1.769812727340319,1.6785560528071977,-1.8499207997167884,1.87282870107352,1.2895559883888137,-0.06096980011047707,0
1814,1.5954915208283011,1.7086887494486158,1.5933935437916806,1.6789624434659265,2.794680334584394,1.7581576375982673,1.6813624618088667,-0.8483809685363849,1.6781027135014477,1.8109548763634442,-0.09833190975149268,1
1815,1.6039513562055117,1.562474866317067,1.4826251607116132,1.5963994995058572,3.182257590012018,1.741244695260114,1.6818118669609488,0.03555612208416276,1.5966696464412025,2.2396001382404127,-0.41394292634637564,0
1816,1.5869917770376,1.6067609887073384,1.6206220759072323,1.6050676770021046,0.700415336133627,1.7222998492854187,1.682995914300128,-0.21984876922678928,1.6051296061179996,2.624078669017244,-0.46510499219504065,0
1817,1.5193138423026684,1.539245093927731,1.548421022361808,1.5878949478279094,0.3033964505254107,1.6803123476368145,1.6796760476288144,-0.7326994784164728,1.5881697777645443,2.9394982242189487,-0.80440005729433,1
1818,1.5059462697764767,1.5095554954660668,1.4900244278396129,1.5202439031379729,1.3211745083489317,1.6285071717139394,1.6778762327059757,-0.18753072381372252,1.5204908486439148,2.4220928520392406,-0.5000331399188715,2
1819,1.6333291865137123,1.6035205107646966,1.5239409053923683,1.506992706151738,0.4861628927566997,1.5944170814075325,1.6819579319833113,1.2705968253658606,1.507123079709204,0.5433220609843482,0.01970447296251897,2
1820,1.6532227823559207,1.6058693597397256,1.6585006533163134,1.634431527358004,-0.13187298152305144,1.5910268290142644,1.6827679798804345,0.14824143114081886,1.6345078680719707,0.38465656345622273,-0.405352732904825,0
1821,1.5413617441906053,1.6186320124602143,1.5787933174009943,1.6542831304476484,0.4833998244832885,1.583283837924204,1.6815497656332645,-1.1550698493959144,1.6544017562089612,0.4476805500385343,-0.6407087780807468,0
1822,1.4893002210820492,1.5371876398150854,1.5194850645977258,1.5395784386646074,0.7305740949444164,1.56688357225032,1.672763575303379,-0.5829166359646826,1.542539074479655,0.6619929667893348,-0.9620832700509573,2
1823,1.5211972699918308,1.4815560363453257,1.542321914345648,1.4902579753570147,-0.5738399846111399,1.557472000404382,1.6654984384742448,0.28281209564530335,1.490476786435907,0.6749047564175485,-0.8243041896765517,0
1824,1.4690384701253918,1.4705166918581896,1.5055614179828123,1.5226277018353611,-0.3191331507641868,1.5502803624003374,1.653735708214455,-0.5874592835163528,1.5223743040061075,0.872943292115015,-1.3493379630246314,0
1825,1.4407189610574396,1.4619765619917642,1.4547733028506156,1.4700484407898404,0.9041766627829738,1.5409499254096117,1.6464246219624634,-0.346730097264057,1.4702147377751982,1.1558153446173776,-1.6808974106208743,2
1826,1.465813122032615,1.4993153984387393,1.474148387036665,1.4418267285772224,0.325378588922022,1.5169875986592045,1.6414693231465802,0.21621196420213293,1.4418948126112925,0.8719970890426311,-1.568542184588498,2
1827,1.4974382948754934,1.4628114352989972,1.5025211200323845,1.4667888947631094,-0.5548374527201065,1.4947034147320448,1.6311605886131508,0.28257384988142203,1.4669893422926772,-0.21911051885867197,-0.9457430140007667,2
1828,1.5762052811538996,1.551181718378968,1.54840098870278,1.498434527109561,0.4352353730904985,1.4996876066687443,1.6263428279996608,0.7690455175129092,1.4986149798013244,0.0738188957600359,-0.26607587655612464,2
1829,1.6151736020790104,1.5894581288519587,1.6079009560152258,1.5771485228955797,-0.04382950505287394,1.5176931579212216,1.6212263305466719,0.34509511590078723,1.5773831233958473,0.6394157936613124,-0.13815448083859774,1
1830,1.619285665234027,1.5824612124177673,1.6575108891240937,1.6162675649491722,-0.6551491859351871,1.531724207328318,1.616438157402195,-0.00846792442355636,1.6163520168789294,0.9954467657114746,-0.04981516158705726,1
1831,1.6217993964287531,1.5849417541805173,1.648707490729807,1.6203195488184903,-0.738878326999399,1.5535758861038127,1.6073041085944118,-0.0244883400748394,1.6204641404521132,1.0766912175503616,0.2864486071709735,2
1832,1.7419436752415842,1.7003461587637723,1.6692993027135168,1.6229071314999493,0.7030920474676483,1.5966645597121458,1.601272021486633,1.1496173060580968,1.6229779085808618,1.4591974526042377,0.7396145031446817,0
1833,1.5773491560555681,1.7075671494934896,1.611090365250569,1.7485046633911456,1.0192523607815858,1.6126192259107661,1.5872010870238524,-1.6319288048177518,1.74312395266258,0.9406731450648702,-0.39224597051568977,0
1834,1.5173530920623686,1.5360390133550164,1.4940075757174485,1.5785034244885705,1.2583717180941025,1.6154679370408789,1.5795717178373547,-0.6570503181617314,1.578527015104365,0.8010949307935049,-0.6643176702179028,0
1835,1.4356371234546066,1.476015357136552,1.4516477984516645,1.5184589849127441,1.207757109703353,1.5953603722176062,1.571928765367017,-0.8933195080978027,1.518530069594491,1.5939572663671613,-0.5723233870710102,2
1836,1.506431905283138,1.4892519564755378,1.4850568411725902,1.4370773395433238,1.174651227789381,1.5798054218426203,1.5672661690257308,0.7015886880706229,1.436812900341485,1.7107618765539752,-0.12243217975115159,1
1837,1.5021262863226932,1.4643153374513143,1.5366660827343046,1.5075192520395884,-0.8155587927785302,1.5630463645662664,1.563208583356757,-0.09421543092145576,1.507608722351263,1.7407348628883996,-0.2547653600082641,1
1838,1.4996310127692063,1.476575788570866,1.5325262158529354,1.5032056165187522,-0.7222981051619751,1.5455707944656476,1.5622675086470363,-0.07549290633841792,1.503303040128753,1.6683233684007213,-0.06226509257420249,1
1839,1.5005277049348185,1.491339876830119,1.3880028924454375,1.5007524763922675,1.6777717521722264,1.5110374595214637,1.5620084364274252,-0.04028641307491728,1.5008077299124405,-0.014535185741740505,0.06338652699885494,2
1840,1.5649406325910673,1.539006032206737,1.5523151599318115,1.5017140275043772,0.7927594051399258,1.5092624829264276,1.558738645444297,0.6191748591339484,1.5017044352530686,-0.11736716006499463,0.20372855075835422,2
1841,1.6917039712088644,1.6441895040116237,1.623060349724345,1.5660481573593374,0.9787175074582302,1.534202495385952,1.560578506606937,1.2390279260105288,1.5661183093225652,1.1613688683267542,0.4876599356707228,0
1842,1.6678359962381815,1.6468422783195094,1.6510666442732909,1.6928382121732306,0.8081523438928853,1.567417371093255,1.566625488817013,-0.28264655231845215,1.6928835104624893,1.250823375339074,0.15558203226078327,2
1843,1.8180555048849576,1.8073153454588797,1.7349572110661027,1.6775282232597966,1.627552068049548,1.6119935527265068,1.582343924154166,1.4281389234077995,1.6690151848018355,2.4110497496243255,0.47237188028095073,1
1844,1.8163324591325098,1.7767776061330107,1.8088907957314975,1.8084029372207473,0.6396150746560698,1.6569391584102724,1.5964549167823707,-0.0657856618455207,1.8192369006100968,2.77563329831833,0.45523858695282615,0
1845,1.7103848501361336,1.8203846261627195,1.7226753101289831,1.817544781529419,1.853349019765723,1.6870864301392972,1.6079941608795976,-1.045397063318326,1.8175138295410957,2.272901980385709,0.07305182288941377,2
1846,1.7399826755737,1.9089163311858486,1.719456230791029,1.711306478695363,4.133441917265662,1.7213392539877557,1.6223025464086953,0.2377218340577394,1.7115646638662019,1.3781174569033265,-0.19015205057683518,2
1847,1.8718273529391616,1.8480951473760723,1.7399899705226205,1.7422382435235635,2.4036309471057717,1.7652378489739793,1.6417148836360858,1.218652920444383,1.741162924181907,1.0259502196571046,0.7934576225699931,0
1848,1.792227777384312,1.8202131307040825,1.8456885699155618,1.872621830600015,0.7977584607879096,1.779617271611636,1.655809347351734,-0.7855014463250989,1.8730095387291403,0.8596848448353805,0.7079378880744891,1
1849,1.8020325262961487,1.8367548259020732,1.7774435300515683,1.793484053921785,3.1117872986950657,1.798813407289613,1.6666065911528822,0.04322655665453945,1.793408793625016,0.34258181223740336,1.1114272703965318,2
1850,1.8294675651501202,1.845504534029555,1.8265977608152102,1.8033175665142127,0.7291133676302296,1.800445844858011,1.676852406102871,0.20937275090021099,1.8032136865971309,0.3739113959316135,1.0233865755422014,1
1851,1.8261204963961977,1.787174211193507,1.8703614157566608,1.8307223967833395,-0.5839039427336111,1.8018459741404422,1.6867415853169228,-0.08093468843517901,1.8306491285516158,0.3967643155204888,1.0285002418316147,0
1852,1.7612406403021112,1.7933023483415371,1.818014986260849,1.8271842378922176,-0.6458984857280866,1.8091206380055598,1.6934085448553424,-0.6576173350837461,1.8273020106195186,0.07473487254316331,0.7206117585915965,0
1853,1.7422502217427074,1.7233427661241016,1.6650727078399008,1.7622796625396193,2.416196178536902,1.8094449990296306,1.6934232014451922,-0.23108897677436466,1.7624212012516476,0.05890326584937888,0.6338180215242162,0
1854,1.7181388054497329,1.7395928207642095,1.744347164565848,1.7436058660262086,0.48919129068654754,1.7874606287297137,1.700154630897956,-0.2813725126382924,1.7434305036677626,0.017254001298601173,0.3605252232901571,2
1855,1.7938286036204454,1.77167033378532,1.7782879868181816,1.7187701606480623,0.5007721536299317,1.7876896188355862,1.7133734677192596,0.6833988312099017,1.7193187331079565,0.019354022128181343,0.20383988370375195,2
1856,1.8267799829291265,1.824126077228801,1.8444350714779136,1.7951335318736348,0.2466248085260943,1.7912296174853743,1.7320747754917765,0.2622147403162158,1.7950096433819427,0.10497382057391821,0.41230975383184465,0
1857,1.7523817207899968,1.81178503798542,1.7867295113968658,1.8279617099587404,0.42248263474504927,1.7802028768792715,1.743834118874823,-0.7466810679195645,1.8279615068422226,0.009017455810938461,-0.4576785555060937,0
1858,1.6965381272204727,1.7089270740831113,1.7462792715042341,1.7534196736801522,-0.4056536651402855,1.761666773605242,1.7531293305428448,-0.5847376896661624,1.7535621515762398,0.06555560023461093,-0.6465053998542398,0
1859,1.6018137618079324,1.6672551518073069,1.6137911053600076,1.6978265547649505,1.2222493023030248,1.738861564044543,1.758014888319311,-0.9730984341879491,1.697717737501909,0.9149520887350644,-0.6096700840965522,2
1860,1.7204677108044817,1.701330414934689,1.4523634311830105,1.6026701596766577,3.632234485957755,1.7357456858977938,1.7685306516564803,1.1423308000673829,1.6029919803129415,0.9152326518384243,-0.25202542284624263,0
1861,1.6076513649912398,1.6771601201733437,1.6135324429269908,1.7213624824919416,1.6788374883217645,1.7199410157111845,1.77057273559706,-1.1413536033075773,1.7216476726810983,1.3213256291707582,-1.1284495696192969,0
1862,1.5675394185920448,1.5943735130145555,1.6124521468832156,1.6089567833419265,0.5788117762489656,1.687571490982135,1.7646361846498089,-0.45178817175582386,1.608829669267618,1.5368141457372526,-1.029347933978864,1
1863,1.566832291390512,1.5961157398013683,1.597278044918101,1.568493565168189,0.4026581927509219,1.65038728693605,1.759806999290121,-0.0567815073701647,1.5687171335072676,1.0318973747608722,-1.0797147262477036,1
1864,1.5647822460750274,1.627109735669772,1.5955424707106836,1.5675574558753882,0.8835956802982409,1.6235521298109727,1.7476975077096892,-0.07042636693386824,1.5680099959159794,0.6745386890385567,-1.227597034763978,1
1865,1.5632934128242513,1.5240721683573433,1.5971203115520851,1.5660229649696298,-0.6503153868101071,1.604492146554936,1.7355992142886296,-0.06473486298302647,1.5659599204793666,0.4414092819162652,-1.2229540175382132,1
1866,1.5638566203096345,1.5381448694810596,1.566048867171892,1.5643645075521417,-0.4068074490263894,1.5990625692191076,1.7285934120427984,-0.043870770503097505,1.5644710653533,0.4850162739440946,-1.0410765851004034,2
1867,1.5937866832895085,1.5698435200419716,1.5847321561449321,1.564943932515418,0.1620005397918123,1.5809414882123745,1.7216034947259173,0.25476532249053296,1.5650342811138391,-0.7115553353324506,-0.8180046424261115,0
1868,1.5398265174091468,1.5748652903558433,1.5702615145613747,1.5949128990835038,0.04266574757223543,1.571239486409783,1.705729883190938,-0.5930509508712634,1.5949647838533878,-0.7754114926869069,-0.9127333456238973,2
1869,1.6080995863602539,1.5641136552985984,1.5451431099998736,1.5408784657453638,0.5886958049688302,1.5770414135033055,1.696926353006177,0.6501403468830127,1.54100382514125,-0.5735382313817992,-0.9512512528853345,0
1870,1.5678083015279365,1.5628576599052566,1.5830724055330754,1.6092997490433922,0.026932040555773168,1.577181026822763,1.6857276331291118,-0.45352839691967745,1.6092778972223074,-0.5744494615170411,-1.2425448995155646,2
1871,1.5960667008377314,1.585135607929607,1.617904598816834,1.5688998859883256,-0.17805591620614747,1.5816561100307787,1.6745682797313748,0.23739774716796463,1.5689860203938315,-0.530771826352032,-0.8684130278256259,1
1872,1.5983457206756173,1.558579118477312,1.6470335390431963,1.5971557700562895,-0.8991162952389096,1.5866701655883286,1.6636779206710322,-0.026663183363673057,1.5972448349016999,-0.5149508918542632,-0.6526532931232227,0
1873,1.5534784373814576,1.5507343068744148,1.6087565707691454,1.5994580052741292,-0.9226365648510633,1.5851856189499463,1.6537444019931375,-0.5008120765907887,1.5995238882250156,-0.4708033219163398,-0.43577465951717725,1
1874,1.540655115844241,1.5289288312955644,1.5822231305446708,1.554712829138891,-0.42506814652444863,1.5775854166420147,1.6441057443274825,-0.18044272702303144,1.554655945699971,-0.38811896611344526,-1.3471424294937704,1
1875,1.5331894988181098,1.5183349327489857,1.5220199564412888,1.5417761628796005,0.03515311494360582,1.5766360246620896,1.6352629549939937,-0.12609452314360026,1.5418324357508653,-0.34902181606344673,-0.8179664680235279,2
1876,1.5681831911871618,1.5233736560523217,1.5747061973687106,1.5340727790802766,-0.3488501771910857,1.5709261859860268,1.6244744049715274,0.30983609570045667,1.5343667090331066,-0.4908618208174435,-0.17831629010386402,2
1877,1.6224052560310542,1.5834916593425863,1.621146247720022,1.5691972060727963,-0.22550846472507063,1.578736004509602,1.6147028481705676,0.5010220701469414,1.5693609155612762,-0.2530864925783827,0.2293103209484057,0
1878,1.5518985630624065,1.6064737706684464,1.5695448674675463,1.6237282537466589,0.6010551291949817,1.5724179755336476,1.6051173549292836,-0.7532237944023102,1.6235837770850023,-0.2793082097148943,-0.2651012455619301,1
1879,1.5663361799253095,1.5263475543780276,1.5991604480948487,1.5532823503767772,-0.8389205161658014,1.567839172438164,1.5988921442934068,0.09779176078421928,1.553076048167971,-0.37019497896875575,-0.16523923745386873,1
1880,1.5566356917437163,1.51759588068655,1.583096496642033,1.5674452125549083,-0.9013179533815532,1.5682908017245667,1.596732092096687,-0.14816596409760754,1.5675138771614567,-0.3741771110159191,-0.2272739071063659,0
1881,1.401607468698932,1.51229917710876,1.4565459012886413,1.5578721044659936,0.3447921271197281,1.548400738254581,1.5814867581231964,-1.6298142994961922,1.557813246451479,0.7788909274377005,-1.0967370181408085,0
1882,1.3159799767139426,1.3867428801824908,1.2824485861156203,1.4033185396166408,2.560516592807147,1.5173300134373373,1.5675413766123618,-0.9687669747903894,1.402782745591209,2.0178363671570176,-1.1936068689974348,0
1883,1.1758488161423695,1.285325183298134,1.1566242742996402,1.3139795911140113,1.2916188086395817,1.4612085631193537,1.5488138801731963,-1.5993009795179876,1.3171539954893208,3.6034393003395877,-1.9336991198663391,1
1884,1.1872531441524181,1.2134494218802538,1.1895078772546734,1.1683276698675038,0.7416155957079785,1.3989622518580107,1.5306654561777646,0.0830834404537937,1.1770207759834368,3.858517213925219,-1.790675361541971,1
1885,1.176678412287801,1.1516690428405074,1.0305841568655256,1.1884022630205013,2.1675897979380196,1.3452889048626087,1.5121094501877805,-0.17211111409450586,1.1884252715562327,3.88603948235874,-2.0025131092984347,2
1886,1.22964186554124,1.198401801014601,1.2105830329612557,1.1778102350112316,-0.3396470356130608,1.2971264841343817,1.4961569148841862,0.5664095513996302,1.1778503843180486,3.0254059780372113,-1.6677392314161303,2
1887,1.491965853675623,1.466383110774938,1.2510269330883723,1.2308853621036715,1.0060113785941835,1.28787579050399,1.4927196762378485,2.9426139742968,1.2308146157586566,2.4622576178295423,-0.3730677823306425,0
1888,1.230719642133065,1.4470832378997849,1.2523608197527523,1.4930750332714546,1.5438509906524829,1.2634311502211457,1.4753607284410117,-2.769733472719688,1.4931424581953767,2.1396705946091523,-0.9348145282168505,2
1889,1.2676436545771304,1.2735325364095922,1.1370622938262052,1.2317733314834667,1.4527671970515037,1.2565168835295122,1.4623471315800982,0.37141142007460587,1.2318924081861542,2.0613643307600533,-0.8114715917551745,2
1890,1.3762381890982571,1.3391656665766845,1.2945085952597108,1.268772970216801,0.6420722016600448,1.2851815709847263,1.4512613831234147,1.172186586047406,1.2688169631513535,2.151976206812508,-0.6113103464585564,0
1891,1.355107931293015,1.3959844706999316,1.3423010443907062,1.3773057759510638,0.5154120304682461,1.309192350300383,1.4410917609745266,-0.2784106416954843,1.377413093242032,1.997562643187036,-0.7949832610883251,0
1892,1.2523340388794624,1.3452291858083516,1.240557697907334,1.3562633959459298,1.3537324432065843,1.320014505480018,1.4246572277930076,-1.1706857008968419,1.3562825249718469,1.6547683600177099,-0.8513915060003442,0
1893,1.2335586268977379,1.2086215053154716,1.2577549458436317,1.2534385372024626,-0.8457256486552363,1.320574778404997,1.4072160409045467,-0.2620071413525997,1.2535071225109038,1.6381834108863793,-0.9228803293804752,0
1894,1.0562517814495254,1.196792495493007,1.08912732676643,1.2346542433757797,-0.2609229597393826,1.2582480815549146,1.3834426586222397,-2.0691796936832354,1.2347314346637703,1.854671859334526,-1.1661764379333646,0
1895,0.9901941283023037,1.1176918122174178,1.0036972113159282,1.057230977263883,0.8061858801570847,1.2238421219111302,1.3571240384674057,-0.8538594360632422,1.0574219840623134,3.051168255367476,-1.0445178339005046,2
1896,1.128443607177805,1.1057986758695888,0.9778482121764652,0.9910375991625765,0.8357520377088875,1.2039302583547176,1.3377723430295902,1.677952115846665,0.9913633603360428,3.1020343187255435,-0.5615333441485459,2
1897,1.155905334783298,1.1303547125651177,1.108043665519806,1.1293932057187002,0.17464832662149007,1.1724127566434672,1.3180605295741172,0.2756269585879167,1.1296148704984779,2.4346497462549146,-0.22753691647453214,0
1898,1.0711189126126186,1.1285658036334039,1.0852116339936753,1.1570913651986805,-0.23726063699553812,1.131789562204017,1.291702447534976,-1.0433991021940054,1.1570770015966199,1.5911135875402653,-0.42445859299204075,2
1899,1.1637830061787173,1.1588069884914005,1.113312264253486,1.0722316734719952,-0.32133414275144845,1.1191227843267189,1.2731458810407421,1.07211723954073,1.0722893336668036,1.156899303023825,-0.20908603060419045,1
1900,1.1757238529226275,1.1402326544262118,1.2055634602170093,1.164865088145505,-1.0556125920320178,1.1108498120848005,1.2544699390669323,0.08995078105158118,1.164954788737944,0.7955007696314335,-0.29232375563516505,0
1901,1.119423557446223,1.1521496232374904,1.1529241335543992,1.1765156953816989,-0.7017896412394838,1.1198862155039315,1.2335659688490912,-0.7046502717281994,1.1768958109276217,0.6901237762138772,-1.0613277980213545,2
1902,1.1671859467115264,1.141888642092707,1.1683180985875778,1.1204204746795512,-0.5284429455306757,1.1452040009832405,1.2223578158047586,0.5179805988744013,1.120594688236131,-0.14849990765310978,-0.36576868703421406,0
1903,1.1238553867643313,1.1214590613109447,1.1257257787226993,1.168291253145748,-0.5743772577011462,1.1445476792323024,1.213171962093551,-0.5553516152311821,1.1683577792698465,-0.140070160126951,-0.5928773612656245,2
1904,1.2558956153558958,1.2140911785248956,1.1708359998595603,1.1249690728845916,-0.07513226145312306,1.1588507837277866,1.2169991566646297,1.5168551000933903,1.1250265826707018,0.47546368099212294,-0.5183243643664138,0
1905,1.1701074920066077,1.2273651235798022,1.2058102038908574,1.2575985240890422,-0.34709409139724223,1.1730105999301605,1.2161793893853037,-1.0188815603193413,1.2570687513172543,0.09203919443488606,-0.6673815788475488,1
1906,1.1661500739538664,1.1436795165884168,1.1903553771087338,1.171127018280268,-0.8077469035163688,1.1733491970172172,1.215676008866532,-0.09573977584460323,1.1712793674909252,0.09120663777870715,-0.4316891878046023,1
1907,1.1594212660118017,1.1352386477037812,1.206705632372212,1.167350654120128,-1.2301001140547192,1.1710171943185852,1.2123186241873511,-0.12816785898275723,1.167321891292203,0.09048480067001455,-0.39968699485490855,2
1908,1.2303589698461455,1.1849566061965568,1.2106050953452483,1.1605068047260778,-1.1042589235224973,1.186885944628309,1.1998106856390756,0.7807846742674465,1.1605929844843792,0.1021735325113617,0.3850223302167642,2
1909,1.2764783796135664,1.2687350860867457,1.2672886852252596,1.2319923306732028,-0.0912277680126997,1.2025196750210212,1.2019985006845917,0.47632712287809703,1.2315317305999098,0.4425654413408051,0.7735606434949163,1
1910,1.2756096233373975,1.2619317777061445,1.2934148589130434,1.2780275567051544,-0.30208858549966044,1.2242273519162878,1.2023793692851132,-0.059342556321124236,1.2776518179955954,0.32526038937746554,0.4034375798073817,0
1911,1.2573851968894247,1.2540619051623003,1.277684125535702,1.276348646060379,-0.45420891546612574,1.2244404290294495,1.1966967744654915,-0.2540554330482407,1.27678304895487,0.3304610243912555,0.22644306175165949,1
1912,1.2662039585604645,1.2381666348234417,1.2769208177676823,1.258342572589022,-0.5597402981894067,1.2381865431006938,1.1924461010452878,0.049986643026172624,1.2585583547370682,0.2564463634883721,0.7007343227927155,0
1913,1.1760443673684724,1.228830451538701,1.2029032946068674,1.2675687241028541,-0.10891875333964385,1.2396018717887192,1.1887985421234453,-1.0645000295100024,1.2673772459813657,0.19447030314947372,-0.12806093041510944,0
1914,1.1199949960418885,1.1369199420067229,1.1404672550890624,1.1771143264242574,-0.9027039307272032,1.2339621430469099,1.183368842051065,-0.7016531702538257,1.1772163300827558,0.5262205589163713,-0.42082753027736286,1
1915,1.111596270422835,1.1035105136829315,1.1384907697920705,1.1210797171151687,-1.004322006256715,1.2169737388711248,1.186014970688548,-0.1493830063534078,1.1211661352278917,0.9594671473811752,-0.21973794194961957,1
1916,1.1184410621916063,1.1149933385466289,1.1294228763804932,1.1127492672987649,-0.34823486758477445,1.1943672990018899,1.1921467082965604,0.03198244700853563,1.1127672862071318,0.9923958713347403,-0.4229662453172342,2
1917,1.2020973279777545,1.165854026807486,1.1662797371791584,1.11964100717622,-0.38640912902881763,1.1838517365271102,1.1956682372415641,0.9448926432332441,1.1196121785458015,0.7105063999582659,0.17485761030037533,0
1918,1.1164231930344983,1.259559096267666,1.1634940442118173,1.203567083906115,0.507791164245063,1.1636878340009436,1.1937805185564923,-1.0367452284641203,1.2032696734858026,0.5079553643078383,-0.8751848408334995,2
1919,1.1361257273471215,1.1162252557810217,1.129040208134001,1.117583462397026,0.013333017703405716,1.145080800167476,1.1968886219519992,0.18480074828235601,1.1175942797403269,-0.19912147643180736,-0.3743077324541904,2
1920,1.159782686581474,1.1409709694021493,1.1416555807372155,1.1371474731566413,0.39598550147914124,1.142754648883204,1.196697358820986,0.22975631732444132,1.1372971035404824,-0.2676513868384616,-0.21822816622742006,1
1921,1.1489592754152949,1.1255882198752056,1.1646040103582036,1.160915619842225,-1.0219656243838395,1.1468978427230638,1.1954176918419224,-0.17627895765236232,1.160954410364371,-0.29137096530876755,-0.23987752252318703,0
1922,0.980056892420575,1.1097914734316383,0.9932175789194452,1.150054207863804,-0.01234100159744461,1.1280817992230023,1.1887542980645815,-2.034498397246463,1.1501308401708026,0.8189251445908113,-1.3145149478975258,2
1923,1.0126493454354268,1.0284751081417385,0.9068405560916059,0.9813784378612939,2.520126211166335,1.1129488285897042,1.1813655998624315,0.3593261066331701,0.9812259755088355,1.1659831106947198,-1.4018561084945842,0
1924,0.9180382201461655,1.019192240780385,0.9640130686881427,1.0132141355637576,0.5414325997950669,1.0723156082512588,1.1715250771875074,-1.2213557900190903,1.013818907401615,1.604108321180506,-1.6160903636961423,2
1925,1.1192404775993356,1.1046426785445354,0.9118066212149047,0.9191918968715123,2.1953738291895832,1.0727186065756322,1.1649913268505732,2.539102992807516,0.9192063919997533,1.6113784969016245,-0.6235854385711843,0
1926,1.0251264614856141,1.07822328718095,1.0373103944864406,1.1200897310285376,0.37573041686744524,1.0568407223508096,1.1580594992400874,-1.1680717501421225,1.1204116056992683,1.4907507547340977,-0.8841786026235667,2
1927,1.145767849473985,1.1268606768670126,1.0528970883912787,1.0261947014328359,0.23469373287697487,1.0548359707040729,1.1570849850853386,1.4372083953121755,1.026296206776926,1.413162560039717,-0.26917020105186734,2
1928,1.205862686790573,1.1774530656424373,1.1773165081691097,1.1468617583997598,-0.5669004820066597,1.0629757162312314,1.1593054405591865,0.6574669554244774,1.1469393673381636,1.7757510024757814,0.05702985389842288,0
1929,1.1547118237923508,1.1824534604478545,1.1856791660647858,1.2067233660780046,-0.35778299168032757,1.0879592218255425,1.15568860204048,-0.6381496062329639,1.2070350876226936,1.7485223232335223,-0.06782539886447966,2
1930,1.1820862517433337,1.1752142882511756,1.2072204213320394,1.1561208346209324,-0.1138876086843375,1.1121963152953829,1.1511755291520331,0.2714057174284773,1.155883473069525,1.766797112280235,-0.01583789659789274,0
1931,1.1542014949548425,1.195478515961788,1.204239970768074,1.1831046277234596,-0.3926439376949586,1.145978278684633,1.145370768257209,-0.3732721597875835,1.183258303230471,0.47899561518013467,-0.31727138817958744,1
1932,1.1658507608526885,1.1639958317449186,1.188068496892122,1.1554817959830013,-0.3199661861551323,1.1526456442337556,1.1409943272238574,0.08703146608256102,1.1553731367338018,0.47190178826458956,-0.03544097370306067,2
1933,1.1933678613818994,1.164649627469035,1.2091390879675334,1.1668530420660013,-0.7042500782418868,1.1767117265509865,1.1375118904688688,0.27173907075311027,1.167022573793245,-0.572021156286883,-0.013382775109135256,0
1934,1.1791622121724092,1.1535159359100986,1.2269637190992067,1.1946140578054503,-1.098096475898351,1.1814886214301732,1.13766096074806,-0.21380526561818397,1.1945400786286944,-0.6632733073103955,-0.12558146802839487,2
1935,1.1987208267688827,1.169323984346642,1.2287353031747499,1.1802686131593387,-0.9814914996998686,1.1804670144339995,1.1414249972232509,0.17767411094888572,1.1803342206969012,-0.7132003241410861,-0.03555285069334913,1
1936,1.2022612019006493,1.1601622448665323,1.2165104601272665,1.1999101965248855,-1.008915853716062,1.187268712757913,1.145759865537142,-0.008755904792832893,1.1998931226663079,-0.7178861504538172,0.6177955675656553,2
1937,1.2771166648018284,1.2593433756191226,1.254390559080071,1.2032774961392771,0.22268788938337372,1.2008623332622363,1.153346457516323,0.8128410557624985,1.203433549816482,-0.05598951735388212,0.7215952254496752,2
1938,1.4662181924295425,1.4278248875640438,1.3173847515538266,1.2783166456127901,0.8908634497991863,1.245494745560314,1.1659745944121158,2.0707493937805053,1.278290112562123,1.893238574439818,1.5008044225003812,1
1939,1.4744303462155284,1.4504163430457304,1.4757366250935113,1.4668682133762483,0.2375865971428336,1.2896354963347203,1.1830916190342593,0.036644951868453034,1.467394418641267,2.637063450982598,1.1963209220848734,1
1940,1.482242418156273,1.434077346634811,1.467094256743308,1.475322879133983,-0.2340247609890115,1.3309575423172872,1.199640137314059,0.03221806827805475,1.4756066930876763,2.978724511424631,1.830572903013017,2
1941,1.5070400097336978,1.4891821789536854,1.5061068914077327,1.4836830110729138,0.2005291893108289,1.377858804854135,1.216243191464797,0.20943406020436195,1.4834188798104788,2.909263577497881,1.6867766238468356,1
1942,1.5046911501722038,1.472922050798099,1.5394966612414926,1.5079602435742732,-0.8730598555249149,1.4216263138869503,1.2332514305599989,-0.07393394784115334,1.508216835736646,2.419081747461778,1.5457920588774081,0
1943,1.4762097626020312,1.4744895880847813,1.5309970644106898,1.5062444173485399,-0.8510584999346018,1.4608132715358448,1.2569734730381525,-0.3449027675640188,1.5058679416635736,1.1346671616145958,1.7672745416465492,2
1944,1.5152850879608133,1.4838390389264937,1.5048802735758686,1.477331286281767,-0.1934687452189944,1.4948820612668068,1.2810054743664219,0.3594005239997383,1.4773861356189815,-0.6720520565485373,1.7888938679683983,0
1945,1.493129183928868,1.4802828422670202,1.5352568796556052,1.5164914842195352,-0.495577727555914,1.4987315426492747,1.308501702024374,-0.27851570052659674,1.5164620351079408,-0.7600098030180289,1.8471014174489113,1
1946,1.4906556105752167,1.4728579242727347,1.5087376405058843,1.4942897554286463,-0.3786215974463362,1.5010524847475921,1.3262597884751501,-0.07534444085657714,1.4943058055413265,-0.823100190120128,1.800950251969718,2
1947,1.5636089387184098,1.5416885356700596,1.5468449566547506,1.4919396297274021,-0.1698595952106012,1.512691554458865,1.3520056925429549,0.710332589216154,1.4918321958436882,-0.41155814289497883,1.8768683900817027,1
1948,1.5769458316517309,1.5564047133069139,1.6189803302294385,1.564800510494805,-0.4672068173288499,1.5226912291273489,1.372621158105261,0.08603712370195221,1.5647865958834515,-0.10170561832669286,2.0339506012591597,0
1949,1.544435689739703,1.5261502608919453,1.6009764105289979,1.5778798504859055,-0.9577250410072057,1.528376484727228,1.3888089978631524,-0.3788023935545598,1.5781236847745193,-0.07889534740588917,1.6957861001814356,0
1950,1.4941248988454534,1.5064958494110423,1.5474875552873626,1.5450766153609063,-0.8460679483527871,1.5309391544614577,1.405037003117069,-0.5644646855305773,1.545613065193953,-0.17064453659776724,1.272424973653759,1
1951,1.5079197408235767,1.4710926021089707,1.5277792530258387,1.495346339218762,-0.49511099925660756,1.5298855787624381,1.420615741714187,0.09393177215761961,1.49530153508786,-0.15728842863575174,1.106349276108799,2
1952,1.5735107149605452,1.5244299010045863,1.5223777728069618,1.5090372805916763,-0.4612473481572457,1.5413837506974433,1.4406637384632917,0.62974191180905,1.5090965797523332,-0.12330278199907968,0.6088914933775487,1
1953,1.5808488744910913,1.5475960382595568,1.6012376088682205,1.5745454755788546,1.862282105711325,1.5542854414536855,1.4605056127559533,0.02479085749988708,1.5746885176114784,-0.20398520876408932,0.6042280704203593,2
1954,1.779086435677094,1.7471002924463206,1.6364413124111648,1.5820181369971922,1.5357043448347538,1.5851084088238774,1.4885099673303663,1.9552589045803186,1.5820267849609309,1.5593001261508297,1.2844105914156843,1
1955,1.770446763011592,1.757414098123492,1.8126715782940905,1.7801211124742726,0.9968086240211529,1.6127877395084658,1.5167804421671909,-0.13172075372707512,1.7802672588332675,2.279487930660094,1.1567970536185141,2
1956,1.825535588710979,1.7783048493577784,1.8284920827511262,1.7716472406372556,0.263255402426757,1.6529976599690568,1.5467496861288073,0.4754056708345645,1.7716274592258465,2.899639370103462,1.3079492799733754,0
1957,1.8066998152538505,1.7775571979528606,1.8458338773411682,1.826796624292161,0.44794908585234355,1.6977099226655359,1.575649082510727,-0.22614852850243813,1.826717094340305,2.6808739754141273,1.3774882567747126,0
1958,1.7654055821050025,1.8030139543494834,1.7630509943791572,1.8078285008494923,1.2295590227306814,1.7345419714693402,1.5989951339678943,-0.43884705933382084,1.8078810441308817,1.892776725010698,0.9934376387301435,2
1959,1.8087256660936566,1.7794262036174051,1.785795029959938,1.7665000113896567,0.7392790279929707,1.7681882819476324,1.6153710884925023,0.36388182341093867,1.7665862042496474,1.2222511162685263,1.251227783384652,0
1960,1.788599104887698,1.757605003526588,1.8216045614955065,1.8097558433769296,0.43277083056404453,1.7979059028734605,1.630392113435489,-0.23920069662375026,1.8099069247363286,-0.5803356341355516,1.133664418274583,1
1961,1.7951513181000676,1.7528893698050683,1.78338389033923,1.7896897308303683,0.6378913412357878,1.8002039031459633,1.6453529020600601,0.01250150820577067,1.7897800678126492,-0.6024604067485356,0.9582757698244176,1
1962,1.786998777506733,1.7648358220762845,1.838456926187782,1.7959738601996262,0.36045748274236666,1.8025715852004496,1.6587382801972752,-0.1267146333729365,1.7963323772960877,-0.6700107043159536,0.8616996419860823,1
1963,1.777478126613431,1.739156465557133,1.82293160121313,1.7881080977300083,0.06154465606226103,1.795697208028661,1.6717807609154849,-0.13987789161476147,1.7881797169182208,-0.7824635123580719,1.0249059719614995,2
1964,1.8813971410665737,1.8297367796549264,1.8386232816348984,1.7784554215983535,0.6138804557174995,1.8063822831231038,1.6911535647048337,0.9386510926611326,1.7786589261388668,-0.1095500984849208,1.645539583877939,0
1965,1.854584174607884,1.8445664686125405,1.8051926837112213,1.8820131045097528,1.1609417123850954,1.8191388302597316,1.7073761199493431,-0.2967884397238525,1.8825794674645733,-0.07442288801601282,1.4189606939170092,2
1966,1.8924143574657657,1.8520638667791727,1.8731575059394467,1.8556693477635613,-0.002164963926147106,1.8311100747740074,1.7264667277373724,0.30193148294486155,1.8557661070454226,0.21808212181225453,1.3604964050920332,2
1967,1.9845865798355953,1.9595359921617157,1.9355032671963164,1.8935317634869828,1.9130784272751995,1.8591450929571065,1.7500825367717636,0.7973925351797005,1.893596845738717,0.9609024495692493,1.5239495047445242,2
1968,2.048286892883456,1.9987123852493018,2.0380053568165373,1.985551082482668,1.547783104492156,1.8953548581154571,1.773255940994383,0.5203496160818152,1.9857704223865695,1.6891830522000657,1.2406925251469574,0
1969,1.9082727138489266,1.9933262485097012,1.9586817035101929,2.0495923819859767,1.4275608211785549,1.9127024820459826,1.7890973294978127,-1.2799723409148345,2.0494716713772974,1.3657237746252582,0.40189076654499234,1
1970,1.9243433331063395,1.9195976973302422,1.9604340146985704,1.9090864428390628,0.43035462975284294,1.933710807887151,1.8072614595378602,0.09739372965674756,1.9094554351272561,0.7446564727503378,0.26213741423614234,2
1971,1.9640676690395091,1.9151565054816417,1.9535553691146719,1.9258087021537327,0.5047339801005303,1.94553640927083,1.829730345695402,0.31205011295147633,1.9255262905088062,0.6772174326074063,0.5036234319634413,1
1972,1.9769972467276438,1.9486049993898504,2.020171089241281,1.9648077685692122,0.43251238568038075,1.9630469808195414,1.8521578618690622,0.06676811973199376,1.9652512101080062,0.3449879323893197,0.7827491468096014,1
1973,1.9627666547597222,1.9601571103844013,1.9836187907779619,1.9781093503348626,0.9623275070987264,1.9731105215350042,1.870768952308613,-0.17720178420633054,1.9781809777692418,0.10272304794215786,0.5544286345110156,0
1974,1.92470001455191,1.9146842787316412,1.9577606623761572,1.963798576403299,0.5801693460919606,1.964544050911829,1.8872091501607409,-0.3923302784280816,1.9639501767125356,0.15477093904454128,0.4492480617061799,0
1975,1.8557200678268542,1.9024744408849825,1.9110665142230003,1.925594691556018,0.8965631849919202,1.9369983394149148,1.8908731545157835,-0.6775256960641736,1.9258829771950645,-0.0008159789672534875,0.07170731465835645,0
1976,1.8032584628730568,1.8206723355926107,1.8562549303042917,1.8569721185699293,0.9717773817296372,1.9219765813338145,1.8924419462827435,-0.5369257183936961,1.8569020169539678,0.6620500312492433,-0.11951395333522906,2
1977,1.8236763554974953,1.7772146984265855,1.8384128014197967,1.8042449457709764,0.11219122175897368,1.9075766787458976,1.8923530526938563,0.14306352331145053,1.8044396411866126,0.9147464777607668,-0.003731381750821235,2
1978,1.8560503099484873,1.8073254189743584,1.8608370592279952,1.8247605304586587,0.038439726798065565,1.892125341220312,1.8947125967010003,0.2540135917918546,1.8248578338092778,0.7925602919057457,-0.29350870485807856,1
1979,1.8633752498170648,1.8096452758804487,1.857610372171423,1.8570871056160205,0.42648822535290054,1.8758722885686827,1.899396718790602,0.018437015379898843,1.857232263927818,0.4121134129260843,-0.1446981146526634,1
1980,1.8490381522706407,1.8365425449905224,1.8963443107438032,1.8647069304989874,0.4438482593508814,1.8596040008321033,1.9013241378724277,-0.18247780927891016,1.8645573114210663,-0.11698510884622246,-0.3846436542523778,0
1981,1.8266739762057926,1.8108838268933274,1.874007541699713,1.8502085855074222,0.3677533442447528,1.845581871263971,1.9031445721962839,-0.25775695521437647,1.850220003220981,-0.5852881306534032,-1.0087185114136084,0
1982,1.7259122161149085,1.8089651907378879,1.7507967348196836,1.828383744843744,0.963669222452842,1.8270135138522492,1.8998341148409927,-0.9937264039194451,1.8278554985613418,0.1506213846634932,-1.7601756953061993,2
1983,1.8157665079436993,1.7913564399856556,1.7745794775824606,1.7269704082127095,0.5664065364602985,1.8288027265102706,1.901209556493031,0.8184853679280587,1.7270922579871433,0.13403261777656106,-0.679021229169831,2
1984,1.8548857325573207,1.8100995668589872,1.8660422603065243,1.8168857885234027,0.08303638103927927,1.8332670702321745,1.9049105660541796,0.31814348186305724,1.816947870036816,0.18022691124548915,-0.5401575037760875,1
1985,1.8605694389211058,1.8265884375245895,1.9013588116756375,1.8560557142156124,0.0029262805500553752,1.8339135088015412,1.9039147527379403,0.0032109883947419706,1.8560676694256226,0.19441234301005758,-0.7495906235187644,2
1986,2.004254194286414,1.9544085727830676,1.9119051384053394,1.8616593996331623,0.8910548917710707,1.8540655301022084,1.9110707701227065,1.2832014973691588,1.8617514592995847,1.2107258774460439,-0.06488656165859089,1
1987,2.003077145516032,1.9487069630221348,2.00822823896391,2.0054159053411693,0.8356259990742124,1.8761000298971,1.9163617752073276,-0.060071824223993424,2.005438325811847,1.7638814676292571,-0.004289325245942465,0
1988,1.9529327228205207,1.9488357074638623,1.9990946655815958,2.0043338797317447,0.6579059592808206,1.8941607057543721,1.914848342179248,-0.49590201933687383,2.004261259747195,1.8285474117067835,-0.06044121704026734,0
1989,1.8648925178124527,1.898406460500092,1.9244167924447269,1.954020686611909,0.8422496106951465,1.914041135798277,1.9060798971753976,-0.8445111746097672,1.9541161002842724,1.0481835323674866,-0.14492370782531086,1
1990,1.8700619044973803,1.8166972281065237,1.8282174441090113,1.8658600435447157,1.5198111761423099,1.9218078179806242,1.9042529633873684,-0.0017099323230253321,1.866074601709534,0.7943393532915736,0.12149331096728819,0
1991,1.8503132260816588,1.8173642913876118,1.8787681984203224,1.871718396584954,0.06658114416936199,1.9211537440291042,1.9007134386782614,-0.23227191620622453,1.8712440643477868,0.8149282599919112,-0.06198784951524402,1
1992,1.8528551425934126,1.8158969978647173,1.8833292793225158,1.851181610381181,0.008366253752128941,1.9200502529112449,1.8953961495220133,-0.025948888216492653,1.8514950957665417,0.8465044648319898,-0.199245068015001,2
1993,1.8925954418919781,1.9026420052156279,1.8988365993631047,1.8540789846271641,0.6359740588317888,1.9040780324695439,1.891360733584961,0.3198703902887262,1.854037049626442,0.48308933649811936,-0.050721049567507066,0
1994,1.8224958147409327,1.8659982413366816,1.8468657375764082,1.8936213087137657,0.8938606062901658,1.878246785380137,1.8846541094266547,-0.6937265418420363,1.8937779328255864,-0.010932009776682456,-0.2948967338659365,1
1995,1.831505887369142,1.7978059468470058,1.8535437929794083,1.8236358523874519,0.4955217543174215,1.860877290004473,1.880198315302284,0.03492988533253992,1.823677275707138,-0.5370658834803603,-0.163268569966021,1
1996,1.8251512208035496,1.7873975484025344,1.8645316209795828,1.8327255659095008,0.035525673501988084,1.8551924982362198,1.8787367587313633,-0.1090558288863875,1.8326874807195195,-0.4805619113525511,0.30960070124233485,0
1997,1.781261943067489,1.8279193700452727,1.8136167105370837,1.8261568373654264,0.6629370437385476,1.8424901123617792,1.8776850619488605,-0.46102451825559737,1.8263327207853932,-0.22705419137064234,-0.3705037276296846,0
1998,1.7476687865843654,1.7485545641077427,1.7682009127023943,1.7825460670558366,0.08283004020441882,1.82780734384065,1.8740509909058793,-0.36869729289334846,1.7824427981881934,0.15141030124023314,-0.7699484323723319,0
1999,1.7071133579402586,1.727667744001448,1.6809865336453187,1.7473291016813215,1.3349037077947294,1.8069597178182486,1.8669300229251562,-0.4387951479070344,1.748849148123898,0.5716208434252671,-0.9698753139076013,2
2000,1.8536772559113146,1.8146314203468958,1.7270644565904067,1.708232757721426,1.3211172287072688,1.8013926679243144,1.866466342803139,1.37461412209452,1.7082931236025916,0.3186951992496067,-0.9511393047953335,1
2001,1.8686144762256005,1.820920242351586,1.8904820563672877,1.8545873221541367,0.5648554169425061,1.8079897094630482,1.8674023252721221,0.08923979202016327,1.8548591750235799,0.5093653475927741,-0.8525014367009418,2
2002,1.9106180814242402,1.8791503214238463,1.9275232775471325,1.869781076873474,0.6939093209559262,1.819306309156111,1.8714158576921895,0.3390948630591686,1.869796614809076,0.8874151670758498,-0.39734060909445185,1
2003,1.8978072312662393,1.8834635059172178,1.9530027951523747,1.912169392708239,0.33767446414011243,1.8296993844022433,1.8796344957295172,-0.16669583095372634,1.9118008371628405,1.0918230360374737,0.007802613258800451,1
2004,1.901907571324793,1.8666987192056992,1.9459798565053523,1.898755318192508,0.4050180353148506,1.8469571320353717,1.8837530690311137,-0.01197971900141701,1.8989897987761917,1.1600875657313172,0.0019847680874386124,1
2005,1.9095467899496075,1.8602646911608163,1.960066815479935,1.9030854160670148,-0.3006203490907158,1.87011296262605,1.8863665214633978,0.02040443782814117,1.9030901990806663,0.9099394369717029,0.17067069095419526,2
2006,1.9433210308589435,1.8904061236460241,1.9713021479258195,1.9106608424809917,-0.04735478537507914,1.9039012769406425,1.8903230374830804,0.25920833897172396,1.9107295299478204,-0.368147979641413,0.3241330829836969,0
2007,1.9034051345410201,1.8989754912768877,1.9560311743436343,1.9443635207474348,0.25349230746926327,1.9110145987585867,1.8855012460092404,-0.4109994959372233,1.9445042670989854,-0.5872630452396125,-0.12320248940234381,0
2008,1.857524676399373,1.8597236696709614,1.9076851368878591,1.9048042354479608,0.34775049087510823,1.9094282589179523,1.8785420967979847,-0.4698505317781765,1.9045877843004524,-0.491815637014251,0.022655037595220317,2
2009,1.9584463195718027,1.9293196225491664,1.9040227811450883,1.858788464924892,0.906971117391766,1.9162698467617107,1.8788057126797058,0.887381193191789,1.858706652041435,-0.26669399570293834,0.44451800732350294,2
2010,1.9836255353532297,1.9537808207818963,2.0159564131268337,1.959100320437619,0.6418765910454378,1.9285457216162705,1.8844825712749844,0.177382436728083,1.9596297780463268,0.008265097354040223,0.5756665101756762,0
2011,1.9321072655233114,1.9289525534729435,1.973453357160408,1.9843430949247052,0.27890738919223473,1.9328656353056761,1.8874490817565044,-0.5106775577703744,1.9848093637836655,-0.01927609947652267,0.529899514229054,1
2012,1.9383918429377112,1.8858472436531726,1.9911727481845303,1.9326271097284742,-0.273998589528001,1.9369917744134377,1.8916602932924007,0.007486656243984152,1.933290337000526,-0.036505463859308654,0.7616766286429604,2
2013,1.9703470084746384,1.9283122710012985,1.9913266776912373,1.9395026366818597,0.008445162273615291,1.940857703978954,1.8972778099909386,0.24013703607329862,1.9395750067536464,0.03975503277704408,1.1410858135440647,0
2014,1.9405843114038397,1.9276400481147213,1.980940873824378,1.9715618233068788,0.4078746814419051,1.9461759974038726,1.8995722520257547,-0.31698368052435943,1.9715306418048946,-0.027951038970832297,0.3679416599603556,2
2015,1.9613501555083976,1.911560751846752,1.9800482348398498,1.9416429920886074,0.35565239017344363,1.9610277076749718,1.9062111505748194,0.13856451422317265,1.9417675074335132,-0.6833608952091809,0.3973665801925597,2
2016,2.0372170472639737,1.9973035672552835,2.0079026286070536,1.9624608854527819,0.9843150020130321,1.9722954623298703,1.9160466048602511,0.6337427547105271,1.962533656648717,-0.1589807755488069,0.5543691161840427,2
2017,2.1860163152456606,2.1445921225015576,2.082659368426931,2.0384126978365953,2.7343233736902497,2.001246440936459,1.9333002732631122,1.2620452894638048,2.0384016631095867,1.469188257139038,1.1295553423281697,2
2018,2.2348574788131264,2.215279946179452,2.231484603122364,2.1870979324616675,2.320447118929958,2.0445533294851965,1.9549875660584228,0.3636290955849196,2.1872031173852933,2.4005150506350437,1.2316868863935588,1
2019,2.2322469697156864,2.1952601854908225,2.287683074145159,2.2364084185852176,0.4128902526662278,2.0865878208454602,1.9781562000321087,-0.07139828611852918,2.236044998571503,2.695065822251275,1.198529905693952,2
2020,2.2859123121913876,2.233932165717976,2.297044879086017,2.233263360745376,0.5739825328637463,2.1317278433392755,2.0058297139916963,0.3988462686532723,2.2334344511180912,2.9807201918843957,1.2409347100820183,2
2021,2.309333312930978,2.3484707393610633,2.352023579223704,2.2870151903455076,6.6889068925428505,2.184475525126396,2.0276155243531186,0.1433527036464837,2.2871005820937556,2.6222750438738944,1.546195276330095,0
2022,2.243164664508736,2.2492161456541284,2.248363594829803,2.3105793036174194,2.8453595042079143,2.2247876669415096,2.045523503951027,-0.5913872148549456,2.3105219269559654,1.4048795587813414,1.411100198452841,2
2023,2.273856479331108,2.253303044592479,2.290532925539513,2.24427767306925,1.6401323291421284,2.2586377422210857,2.062890644650408,0.2061271783467743,2.2443523063238313,-0.028017707689649875,1.269474621288904,1
2024,2.2914588333837993,2.282679381292306,2.304925461211924,2.274969736050826,1.649430249809655,2.2737207617561874,2.081711900332373,0.0958774617867454,2.2750445720982277,-0.3340686298668455,1.2522396187981135,0
2025,2.250381352805721,2.2780345078746365,2.2860263666207494,2.2923891511004757,1.9066023471641518,2.2759413735058422,2.0983731157432404,-0.3875196017668078,2.2926471847806953,-0.4011655009760623,1.3268942495221554,1
2026,2.2483619870831073,2.2053710466854235,2.301036649044953,2.251331542187398,0.5068772931859766,2.278246545328872,2.11457253528042,-0.06639244920021817,2.2515691006549563,-0.49131906476570947,1.298055725760668,0
2027,2.2279548198447943,2.2155489827513826,2.2738263754540853,2.2496069859256274,0.9653346722299335,2.2699560188438728,2.128181435357065,-0.2193984418586567,2.249549705261987,-0.37844817970776334,1.0721660106994528,1
2028,2.232384653742228,2.2409136033357004,2.2749386239160567,2.2292490407458185,1.532234538545554,2.2589489018834894,2.143910591828697,-0.01253959128929358,2.229142238183034,-0.5672375269646284,1.3036650876045053,2
2029,2.3139853868060367,2.2597328958138707,2.263539725519882,2.2330812771365975,1.9651959782681154,2.2690794484292467,2.1657348742477733,0.6322586440612841,2.233572137167612,-0.297497050402327,1.436602056433668,0
2030,2.2743817738236753,2.254807438135795,2.3011332670714038,2.3151638196850133,1.3842748257396174,2.269154589152676,2.18084036837376,-0.3734792828829574,2.315174069183519,-0.29656267031230166,0.9740044550247416,1
2031,2.262027376144971,2.2366330963437595,2.2964778504583454,2.2760066149024576,1.6615691572764466,2.264944567879301,2.1941513067763587,-0.1516893507494843,2.275569874308899,-0.373438611727082,0.3011343055806319,0
2032,2.2386532677912316,2.203659531836046,2.2157135488363466,2.2631405372202686,3.1464569172267898,2.263266924567035,2.2088078727751577,-0.24338181378108495,2.2632152951081608,-0.34777526695255007,-0.15819135911730714,1
2033,2.248597945577869,2.1989016384886155,2.2943114257865207,2.2400523356271913,0.550387310105434,2.263300677237674,2.223639435356103,0.03336010459077233,2.239840843320788,-0.34809898611432855,-0.07511287599546221,2
2034,2.2965239593384834,2.245443245564114,2.3163339960516818,2.2496266908641114,0.8348561071416708,2.273109146238134,2.239234595535177,0.3491475754253929,2.2497856672236654,-0.3426384242009592,-0.11232920358989154,0
2035,2.2478671227558262,2.2455751840473344,2.3027577685869964,2.2979257399553386,1.3020057950391306,2.2753238352147176,2.253926389822354,-0.44933890275833727,2.297712385156811,-0.4153920156962319,-0.5748933726456135,1
2036,2.2477927933357007,2.2284064739346707,2.2880188281268397,2.2494306391976737,1.4697155260145096,2.265855319116836,2.267621774512174,-0.05021772616405808,2.2490548336637097,-0.6440344390536603,-0.1493186647361961,1
2037,2.2448887079715214,2.212897682616494,2.2495042454412824,2.2489008507250094,1.4896666082978618,2.261636485042565,2.2775509641891616,-0.07376648001231514,2.2489805031514685,-0.6612082951651939,-0.4173102604206078,0
2038,2.1787050938942207,2.217277204894725,2.239908883538847,2.2460798019369523,1.5115138430653998,2.2497176535020387,2.2772014003472703,-0.6007929914350877,2.246076375117829,-0.22039112447754194,-0.9822719775662145,0
2039,2.1008639828087916,2.127357811690533,2.1496460916314843,2.1792029867287246,2.5216053624061296,2.230007592382338,2.2707949083262755,-0.7094888923586398,2.179891788610747,0.6598153463387995,-1.153587546876682,0
2040,2.0755405978836303,2.0632278465892595,2.126318036851451,2.101985568549102,0.9356375108615255,2.205252613062273,2.263302469135431,-0.26889430223928323,2.1020495338130005,1.2300409571303845,-1.2480210969096746,2
2041,2.1295209673983218,2.086054186968449,2.1243068096394366,2.0766168321134777,0.5315282701753729,2.1813636787468584,2.255825092005596,0.4211543113583878,2.0767257768136638,0.9569072079825544,-0.7488090300119419,2
2042,2.1567931300397354,2.116938602644084,2.195283020487341,2.1308326007715928,-0.03592180330573252,2.1683360041850945,2.2485318464846182,0.18471597485134378,2.1307069394569815,0.7411093511744298,-0.5985476253905347,0
2043,2.1270873024581607,2.0976908172148208,2.1488886164477385,2.157915167996142,1.127680275103765,2.1510696935065616,2.2429819599903436,-0.3029291355725599,2.1579795028057833,0.409680654681214,-1.323513015570517,2
2044,2.1553920952986383,2.1172017425240273,2.1706735723013932,2.1281824112602656,0.9129824002202118,2.1382676551912194,2.2373179452903202,0.19375046507631258,2.128273238759204,-0.1898216051103283,-0.927498082101442,2
2045,2.2342159510662687,2.1781836111904638,2.2001293908377146,2.156569994157593,1.2664707425326605,2.1462082028746443,2.234581050741243,0.6228635390695542,2.156578447479411,0.25966945812085884,-0.33548536492827524,0
2046,2.208413665179223,2.1785703359066453,2.2532900998162875,2.2356035092625772,1.0665806121883072,2.161592641608003,2.2325744932296003,-0.265098493382104,2.2354034613987364,0.33185512556853947,-0.3479557990197053,1
2047,2.202399716693805,2.185407550266175,2.2677792535151493,2.2091926559536987,0.8035695885034613,2.1797391976748153,2.2303769468762584,-0.1001752320398144,2.209600796401067,-0.0037796108701061938,-0.4364420699918572,2
2048,2.2919988441038415,2.2298796641495526,2.2717175158531377,2.2034280884434616,1.2988966476418973,2.202980837116323,2.2334390173695513,0.7051290959815548,2.203586759553254,0.41933621022696366,-0.20678265991016825,1
2049,2.2736309967948873,2.3242387750293485,2.3260505742707656,2.2931139935211737,2.486325894816417,2.2196939037029817,2.2354110859814,-0.20067930265379144,2.2931872034350653,0.5218566513356239,-0.04606122788515212,2
2050,2.319652132094088,2.2607549890917076,2.3283126026065584,2.274304257875182,1.6696934712934959,2.2472393297650486,2.235682024195235,0.33077031390820905,2.2748190862490127,0.4617792454565347,0.16986825625739038,2
2051,2.420896783988206,2.3670521985957373,2.3513885883097103,2.3206402960060193,2.5036501097053856,2.28521843418021,2.2426871943830826,0.7771611566543593,2.3208408977325408,1.018584761035916,0.5562451685362365,0
2052,2.2617584932090797,2.3914146272376757,2.2967022781575803,2.4218623201330365,3.1095349281090763,2.289158255691701,2.2426743385622046,-1.3157065840819522,2.4220870372050576,0.9593860890304071,0.12306087452447527,0
2053,2.2310696715177194,2.2302445219662808,2.284032890752177,2.263069699213566,1.479033395775897,2.292399082942652,2.2423117519407234,-0.3040424189969092,2.262946408221597,0.8597743805542795,0.3288254889270748,1
2054,2.234038857481405,2.1882207637352207,2.2972563736636014,2.232184827150366,0.5286398561905141,2.2969249021946925,2.241615653365014,-0.024779882970604714,2.23225713562219,0.6993218103572595,0.4602227580170831,1
2055,2.2328164128906773,2.2070810873618045,2.2975021029749674,2.2351976873016426,0.4279838722659202,2.288459154393093,2.238569670536252,-0.059809455592817445,2.2352263652118527,0.8028910920865682,0.27021520634331936,0
2056,2.1944803908918047,2.176210676329639,2.2145404386254297,2.233956276177137,1.6689632346108982,2.277137060079229,2.236017146108478,-0.3698990850136486,2.234003902659859,1.0300370728639168,-0.020999458807445335,0
2057,2.085254804582361,2.149489325197193,2.149839327684385,2.1952592690085484,1.6168922776371102,2.2436077065294273,2.228245885867436,-0.971611856013814,2.195667317393325,1.707205230047535,-0.3451434513456146,2
2058,2.1313430359017427,2.082229199432544,2.1387239436020464,2.0862657668011164,1.4480941141435946,2.202188505660869,2.222817044439863,0.3512444794447848,2.0864401262423438,0.6657283539794747,-0.27440245839053756,0
2059,2.0720962523718254,2.087791008454273,2.12568406029994,2.1324853213082564,0.979268532217837,2.175058280262877,2.217719866495058,-0.5583775459562753,2.132529034731888,0.8775853321335543,-0.8103642089847753,2
2060,2.21433158404468,2.168764382826899,2.115709580419701,2.073677304264914,2.117717646741853,2.1726639814089235,2.2231449752028385,1.1920009739571722,2.073281380694405,0.8127517458610447,-0.16414634501930495,0
2061,2.166449220111321,2.156777636493768,2.2084519814153354,2.215197923028965,0.8668186512175539,2.162995625238903,2.227491494849751,-0.45164121711862204,2.2155188022179635,0.6166641192118345,-0.2981604950195894,0
2062,2.105280846471841,2.1133413748361978,2.095636614845748,2.1679786546807525,1.7230371177331574,2.1447523067590124,2.226332527094343,-0.5698728612761548,2.1676357347534156,0.3864000967778118,-0.796942459758267,0
2063,1.9988346317344188,2.051159037959302,2.0392781281413517,2.1063438519685294,2.2641701014713624,2.116766169293434,2.218780221279376,-0.9702767480090367,2.1064664623726235,0.8190007176662785,-1.0026505306371378,2
2064,2.052417413679712,2.012136204558891,2.0210279719483037,1.9999376830129556,1.5127105315690934,2.1120689464158695,2.2152101073489785,0.42788171487563853,2.000018683630715,0.9088726193735172,-0.9738451474915035,0
2065,2.033880953323761,2.0191304183425887,2.074139230755859,2.053307137034653,1.1782615570662403,2.098127487871323,2.20940042117213,-0.21229964592037515,2.053602252862917,1.0141819636162017,-1.4358460328383076,2
2066,2.076111787051712,2.0452539923248,2.090455251285556,2.034896239320766,1.027288123955577,2.098701889821221,2.2018411507937192,0.3230093699713456,2.0350655201524517,1.0094614338083099,-0.8768318225766213,0
2067,1.944127679666618,2.0191191163496125,1.9819980931216783,2.0774060273712505,1.9018836440614668,2.0600505863417653,2.1892051191359396,-1.2004268505179936,2.077296974374175,0.9002852182670182,-1.1289442199895037,1
2068,1.9568100746186967,1.9030815544641975,1.9782594066021053,1.9451926247413784,0.687558012683206,2.0300627656540535,2.177462996351546,0.0652010296135632,1.945310927758677,0.5447780968552528,-1.086769294676051,0
2069,1.9385684376674062,1.9207448496173145,1.9996895891775341,1.9582525092235956,0.5263025944465503,2.0062153977882087,2.160564794973632,-0.21411846427734546,1.9579935090520235,0.4036857474530399,-1.1238286640419708,2
2070,1.970938401277049,1.9333114373292182,1.9726352738183377,1.939424814646327,1.3963350281850486,2.002224982950117,2.1460924679142908,0.24388299507200345,1.9397516040780316,0.4362327397552167,-0.9027963516390196,2
2071,2.0331952768944794,1.9917257880260884,2.0110301617309694,1.9718090080415351,1.7606093068002802,1.999475353391211,2.132396403463997,0.509614286887632,1.9721220432965858,0.353506927033191,-0.3607257979025786,1
2072,2.049880984574813,2.018526990195866,2.080134366617571,2.0339908098688966,1.1313872890090013,2.0017640770311917,2.1146574099345794,0.09764958370213546,2.0343798336485888,0.4216732653227377,-0.4707039812950535,0
2073,2.0179667251617137,2.0062021668554504,2.040022923794067,2.0508307999552695,1.08584460285654,1.9934467196705907,2.1030012470359782,-0.32992007542795804,2.0510657864904975,0.10747713598371196,-0.3811625023862001,1
2074,2.015648295765506,2.042342254960462,2.0687877078892414,2.01905920566028,1.0909362421699804,2.0036773824888745,2.0927015282730346,-0.07014709756753383,2.019151058164107,0.005919056119167378,-1.0667255785679046,1
2075,2.00203827962736,1.976850399705571,2.061993507982004,2.0167462449695943,-0.6939367173310067,2.010147048727209,2.081609125319088,-0.170302015273117,2.0168325947034282,-0.11342728868271437,-0.955889074579816,2
2076,2.0321426924886703,1.9867902568325342,2.0680809508296165,2.0030418343982226,-0.5503169302676937,2.0235323731520554,2.0720145209023393,0.21841968187455005,2.0032223785945615,-0.4822576428083024,-0.5459294427582863,2
2077,2.0609984708628994,2.0269870233294607,2.0816810158126384,2.0331070807923197,0.16816732689374295,2.0364150111322714,2.065632488332754,0.20512407803786759,2.033327233777253,-0.6344425980482384,0.1720353691039462,1
2078,2.0437298509180217,2.0381892639327517,2.0864231604179433,2.0623063076115153,0.4340797167913036,2.0379219287267745,2.063647098800756,-0.20080789800424256,2.062183436126792,-0.6157692769961517,-0.23755935065491582,2
2079,2.121146186827363,2.0712048423708764,2.091726247476026,2.0448636956089667,0.91290593328559,2.0481160558846634,2.0631595674340684,0.6315667014749493,2.0449145624556624,-0.05467001105773249,0.29398516371031175,2
2080,2.170702209851475,2.110431111644857,2.1733218191523664,2.1224520156053743,0.4202850440248934,2.069964095365861,2.067874111786247,0.37715304713014536,2.122332035836138,0.5654886213871179,0.32687465979648156,2
2081,2.189667935080032,2.149642884884368,2.216838730419969,2.1718226142627817,0.8395708877183804,2.0948567256408115,2.0666948943241135,0.1115296396066149,2.171888786982359,0.9065857243669376,1.505438966450948,1
2082,2.1848447538821336,2.1359704217293047,2.231568541617784,2.190524596321113,-0.0927550549336595,2.121006268263794,2.0675744208969618,-0.09036625764535591,2.19085479087258,0.8011574141330114,1.4154912605536385,1
2083,2.1675132781860085,2.1311545442439974,2.2307286494823417,2.1859503068671624,-0.1734464665022476,2.1403703466697763,2.070549875595233,-0.196281239719853,2.186031538808122,0.5465272110730413,1.4254971557311835,1
2084,2.168701551197685,2.148966730869799,2.206015989913808,2.168369510865623,0.754435940646926,2.1557767282069853,2.0786715463973535,-0.03949512633106926,2.168699808462211,0.2904944962904662,1.3227392309991908,2
2085,2.213345097948714,2.1570614147956673,2.217442783278249,2.169139749473715,0.42473925317156874,2.180039332416262,2.0863658148205992,0.3298888987522443,2.1698880989330744,-0.4028271827518552,1.2567099150459968,1
2086,2.201382800432553,2.167230014432646,2.216854706629067,2.2143723110494364,1.1041302707000424,2.191516774645515,2.0943744068717365,-0.1500666158259296,2.214532301627648,-0.7166592940332549,1.04397381293972,2
2087,2.2227320556568233,2.18557044638233,2.262097555660504,2.202264249924887,0.5940782382683822,2.198959381238638,2.1013846096722095,0.13028307392605937,2.2025698283505446,-0.6128723492724739,1.5273117543472468,0
2088,2.176491174655841,2.171983485261086,2.2281131158214267,2.2238598647851857,0.10438800841162749,2.1970745122275717,2.112494364406654,-0.43698646203710906,2.2239193972574673,-0.5870135771800549,1.0062386578701856,1
2089,2.1775479993305837,2.131457978185855,2.2388800663910544,2.1776759787109983,-0.6311068906308581,2.196030748351412,2.1230482778096733,-0.040634693281913166,2.1776778368434546,-0.5724515427409919,1.1587320848266494,1
2090,2.164270719589914,2.1223357956811615,2.2317082700497375,2.178924373864334,-0.6480889195280292,2.195566916725307,2.1338395468740328,-0.1621911544400104,2.1787346770460254,-0.5559054946978947,0.8749246092456153,0
2091,2.08261536188514,2.1075618796019295,2.1273529401741382,2.1654828620924857,1.5720438462857766,2.1832527222425604,2.139179041539069,-0.7445379385927123,2.1654572022235,0.1438623384733938,-0.03314402064416476,0
2092,2.0591808920559966,2.0421668283738335,2.1110556853503666,2.08401341750349,0.49062725359723436,2.1612003114110294,2.140421464799579,-0.2535654907416946,2.083800644764033,0.5635971045295203,-0.07774894721572116,2
2093,2.101136856586032,2.0621168115406108,2.101125330238113,2.0600741621115755,0.5289933533247047,2.146860635575794,2.142872108635742,0.3179653285521443,2.0603658306143697,0.5346269006786439,-0.3342433169081678,0
2094,1.9645114007120055,2.0481160991982423,2.01944911674442,2.102297604980036,1.7952395637912077,2.109923475389644,2.1403163046618263,-1.2326573042799904,2.1023224115995505,1.0631040757207173,-1.4428697574736584,2
2095,1.9856960337306282,1.9480487447790278,2.0199547764419057,1.9653669897348025,0.9756014410106386,2.0826311943573623,2.138884228229318,0.14104002122384837,1.9656949483002113,1.169293393613546,-1.4234002515094306,1
2096,1.984710046489831,1.9297864439981787,2.033435907423864,1.9866253757744594,-0.4724535807294405,2.0550466994006347,2.1380557313944424,-0.05841835737937209,1.9868798925827071,0.9420230100474989,-1.4101638310908509,2
2097,2.0626334686780843,2.0114590677623245,2.036443238593613,1.9858209653110215,-0.14704662375789296,2.0405080041184447,2.1395135552455726,0.6475841251192741,1.9858938908548898,0.37966598560813364,-0.7521285833257042,2
2098,2.135354330312696,2.0774418226251763,2.1128209296603946,2.063592865493814,1.079809838868654,2.0480520471202612,2.1430686548174496,0.5868735554098504,2.0638184579648495,0.6881145196066064,-0.34284009926642856,1
2099,2.1243620566719357,2.088859292486012,2.1501692490817916,2.1363432489479446,1.0331012290362882,2.057375883430154,2.14692383882415,-0.14389103257914135,2.1365403880804226,0.9002802530795201,-0.6334655282948839,2
2100,2.270996542649353,2.2087527995402665,2.1904462865805505,2.1255222445648965,1.6017382576151256,2.0816734534081673,2.1540884784338634,1.2120301121753774,2.1255479529311923,2.028777078560078,0.09978330971585303,2
2101,2.3358821355778785,2.285409058291529,2.3333255819946688,2.272220024128674,1.605722740325591,2.1347961609046715,2.1619860548666816,0.48705999465011957,2.272184593395685,2.7507825416704703,0.25004653827539386,2
2102,2.386494733849149,2.375299705122282,2.3645243288664055,2.33622091603661,2.182831420732971,2.1921283901635684,2.171396730410154,0.36196058470506864,2.3370711396822856,3.1558332112238894,0.6167469074992759,1
2103,2.391567841486531,2.3411126505426365,2.4370149829005605,2.387638832859567,0.009511788212135533,2.2503273423348755,2.1812805669453996,-0.00888172977249916,2.387684481599828,2.7778252907373764,0.62767752035058,2
2104,2.426305621154076,2.426074399958321,2.4569578564861434,2.392498220347536,1.7104976090957515,2.302348806512939,2.193653936771244,0.22884908977743076,2.3927576637759165,2.425748493543849,0.7820360589042088,2
2105,2.4658645865988444,2.446165903732799,2.4895500838181017,2.4273235812483773,1.6588768293234013,2.349626628971472,2.2078618847090343,0.26470103919737575,2.427495953842477,2.1678655129339677,1.3106267297638854,0
2106,2.36046970912931,2.4142751192912932,2.4079441149263165,2.466966924323411,1.8238391512610144,2.383400635864367,2.2148962011178694,-0.8786559021222429,2.4670555005235024,0.6279849249546625,0.8720277365283903,2
2107,2.4212417423373136,2.3822936732104796,2.422135806827209,2.3614868874765955,1.326486721665547,2.404892452656716,2.2254080886277796,0.4414391658513957,2.3616590744966843,0.051342382715158126,0.9124807515333232,0
2108,2.3685855838677505,2.3688413532229506,2.379706292140759,2.421787990111919,1.754896833614598,2.4095705157201865,2.232381632065194,-0.46849592991660377,2.4224320006226066,-0.1425422613982078,1.356245691971348,0
2109,2.0974887287378414,2.3301691273002976,1.8853590186498346,2.3696726681243807,5.370261065856746,2.3682296667170837,2.2286043700748333,-2.235488033221967,2.369775068480929,2.376165235690216,0.13508912810108784,0
2110,2.0206575499413035,2.0446139555486544,2.053439642758392,2.0993049486264455,3.3943202445051823,2.315172823311487,2.2211031297747064,-0.7155621190632646,2.0986742301497516,3.964824488345323,-0.08858759511793365,2
2111,2.1599182082436177,2.119315952297053,2.051978200011848,2.021884744181156,2.632910021729371,2.277067449655958,2.220895027664956,1.1837097988753438,2.0218419224797386,3.938680947672284,0.060032706049567855,1
2112,2.1631527851570143,2.1260907599997143,2.1852459037238128,2.1607723840763535,1.6134104483466887,2.2337660557280214,2.2247456799351673,-0.022038300070817224,2.1611046269261536,3.3437801339635533,-0.1096249979198898,0
2113,2.094433240829983,2.109812696072666,2.062168739100842,2.164067349106436,2.563917319718486,2.195710882926179,2.2264311639166783,-0.6346236398887368,2.1643392513648925,3.17856213554268,-0.25971098753249094,0
2114,2.019868361064531,2.0506728065658315,2.0688668281628697,2.095395139629735,1.659118784246771,2.138296448431394,2.2225455576474014,-0.6964649386701588,2.095618697347889,2.29380701986878,-0.8639168981526413,0
2115,1.9369506503555394,1.999361512758928,1.98126470904689,2.020947886599552,2.3378651993002104,2.0765532517669514,2.2212278240818435,-0.7840921549937863,2.0210527220074863,1.2030539843367138,-1.2458719312024764,0
2116,1.882092545171644,1.9127192061268001,1.8534192799846916,1.9378406872499567,2.909002958689635,2.0457419158667682,2.216274337960556,-0.547202983049193,1.938133792996164,1.934751649524855,-1.5213141464494573,2
2117,1.9054142737326771,1.8578463103594347,1.9439498635874128,1.8837117200930127,0.05607832735936961,2.029256947402086,2.2124830514383285,0.16536030077678088,1.883274881787152,2.2791116945405534,-1.451305502460746,2
2118,1.9522969319081018,1.920681705873948,1.936495060113501,1.9067176099177385,0.5111364760955861,1.9995577727032343,2.2072076450677214,0.37957992914672006,1.9065969530122078,1.838507691525719,-1.406000420150593,2
2119,2.0136670924632925,1.99056266553155,1.979576302694905,1.9534310350349888,1.2414141688753286,1.9781745995494613,2.2013895394015046,0.504611439063952,1.9534803000302359,0.9631558486201738,-1.3270989041490753,0
2120,1.946236589892001,2.0624335130394407,1.9811906605856733,2.014736840103406,2.977711263768745,1.9569758173067433,2.1928730112438646,-0.6479540775020652,2.014851362291576,0.2771080281797283,-1.2677995766408954,0
2121,1.9210685983518685,1.908924193441832,1.9566268587114342,1.9478146287077847,2.03842423856089,1.9428430103767504,2.1761422694547816,-0.27727947297935135,1.947419868970085,-0.0021585307580772413,-1.5371279411152963,2
2122,1.9970906340648886,1.9772774184836674,1.981634697762352,1.9218869205361713,0.8468664002251914,1.951445731225474,2.1599439828517246,0.6431626115207396,1.9222515076389572,0.17013597628497104,-1.1670682752201937,2
2123,2.0278742382382884,1.9946982121787975,2.0537507984498737,1.9981896803686847,0.5343479311565825,1.9722990659448119,2.142797633124258,0.22485236681028478,1.998274660336787,0.15737735167918254,-0.42137884168327394,2
2124,2.047279454870408,1.9980057649927974,2.084076432814869,2.028943851320926,-0.5461861225814832,1.9925921634185264,2.1263365296561765,0.12190587222296767,2.029058716810864,0.1570526432076966,-0.08632234335784225,2
2125,2.1376550503504173,2.102202769367272,2.1023861828037584,2.048305574674077,0.23707774648281785,2.0191067058518977,2.1125355793574445,0.7447999020735062,2.0484642185620547,0.85924986687409,-0.27097281941660795,1
2126,2.126381172966965,2.1340419577538863,2.187229235967561,2.139003665072915,1.1609524050566498,2.0352298856482176,2.0963042110780292,-0.14624575364061387,2.1388411419224127,1.2143266188800006,-0.3261494942561438,0
2127,2.0892451470762317,2.127930527899821,2.135598692793716,2.1278047748442517,1.2884202294100642,2.055686537289168,2.083336432458128,-0.3689369801871544,2.1275670988929125,1.0229687796389553,-0.2048598094452324,0
2128,1.9966301907442432,2.0513125976464774,2.0407205515913502,2.0892447045266485,1.1807949221650982,2.0664952413516464,2.0630349208294203,-0.8542089446049701,2.0904305273659514,0.4908001419583857,-0.2754809498130305,0
2129,1.9407661441128052,1.987459285677618,1.9436004157122198,1.9978654218872989,1.5255021752501665,2.0584383076094253,2.0425800337718587,-0.5477209466167463,1.9978142102508898,0.8662714341997738,-0.1682569911722977,2
2130,1.9806942623823602,1.969202144502258,2.005649729533603,1.9418405403326517,1.083966092547874,2.0516894504115313,2.0369958611133696,0.3121788992214042,1.9419493428141303,1.0078009793805836,0.22885244745329134,1
2131,1.9969083025007544,1.9548323975196706,2.040857997707718,1.981883719058194,-0.49255822055901316,2.044484111534839,2.035860362982717,0.09563489646760648,1.9818780477438707,1.0719420781485631,0.20316045970506436,2
2132,2.015285628057912,1.9734632415497397,2.045743167423044,1.998032539720013,-0.10497545118559155,2.026979783873402,2.0289451954666338,0.1142525600100927,1.9980923260936716,0.6744593977003164,0.09440690801377508,0
2133,1.8846382030971622,1.9608082034580232,1.9098317814912766,2.016629262486694,1.6719209787436395,1.9923996732936926,2.0156288666827398,-1.2083879210714654,2.016469921667191,0.6383912879188166,-0.6984212834864975,0
2134,1.726377398559656,1.8507356369089838,1.7029246582338184,1.8855535082672843,3.4279643593276177,1.9404932750382593,1.9980313945135755,-1.5072185041112673,1.8858205771157894,1.779074300053711,-0.9613444952066992,2
2135,1.7998507832161459,1.7648741505742034,1.7038287087962736,1.7271258028541738,1.8899765674213274,1.9123449749003232,1.9875119223078592,0.6601272110900401,1.7275574472667738,1.9837344283311371,-0.5881821303354425,0
2136,1.7171430905331475,1.7526908478414884,1.7475502676947041,1.801018573881187,1.2609929254943752,1.880356826806,1.97700249147615,-0.8308286045964878,1.8010319114609765,2.5566785299397843,-1.1103104031979594,2
2137,1.7832670914177968,1.749722354816771,1.7124999864772257,1.7177714445253938,2.5618492699821296,1.8521158673809104,1.9722774525763163,0.5909585214754551,1.718323003561423,2.3879758195488536,-0.9613025720997938,0
2138,1.7484577260335536,1.7283574112684885,1.783943057657663,1.7843539328043634,0.6857347993066887,1.8165762675635697,1.9647730519862698,-0.3800490530418757,1.7844479759999625,1.9136450882421954,-1.1174937331945567,2
2139,1.8262798806225748,1.7926645228248872,1.7842947878484414,1.7494667133624575,1.0650251214951787,1.789539950230186,1.9587479294419348,0.697051813802543,1.7496380991649012,0.5227231469575564,-1.1703557424122135,2
2140,1.8670488192788555,1.828715423463588,1.87783599929898,1.8275214667128588,1.5214442627189146,1.787023877734702,1.95173782204644,0.3324465653313899,1.8274613971877138,0.3805643103716524,-0.9792732621410244,0
2141,1.7712965627913533,1.8558736211941096,1.8163795803485703,1.8681672673545766,1.5925882820460366,1.7934493372511329,1.9433735960116434,-0.936083821960684,1.8682309348582768,0.2291172014535819,-1.1009253637218857,0
2142,1.7286973245213695,1.7888550141054498,1.7637719525135358,1.7728517361808036,1.280086394943552,1.783271194444667,1.9341759478599465,-0.4554714595462859,1.772477271491638,0.3533733408124155,-0.998079270409032,0
2143,1.665939099459466,1.7482309831349274,1.6713303099939387,1.730156123077525,2.9939488846436593,1.7759467221987768,1.9183429430690184,-0.6553876991819519,1.729877407314947,0.7021982253771605,-1.0129057568816648,0
2144,1.4967369045083998,1.6161116680265484,1.541881934618899,1.666958394485022,3.5836535713035875,1.7349600264818839,1.8929482247277425,-1.7150655437911697,1.6671182601521894,2.3618280098521547,-1.4672955915344004,2
2145,1.533496045319233,1.519375698884783,1.5555063443014991,1.4985679719461311,0.08928756572960114,1.7042108440195987,1.868383231560443,0.3325365393498499,1.4979135791287663,2.950458934773361,-1.3896494272561721,0
2146,1.4896903258239178,1.5142092139217176,1.5084624946825285,1.5348497522875972,1.5905683596057374,1.6560634086208308,1.83740276637853,-0.4995013685505396,1.5346732600382895,3.1398701041984034,-1.520270732399706,0
2147,1.423180460466333,1.4942132856965376,1.4514502513582135,1.4909184649406377,2.654828861957725,1.5925702822691619,1.8037813602048498,-0.7426338552845836,1.4908668969095489,2.7288444538507384,-1.4287710725028508,2
2148,1.4504778152937625,1.4255509757163563,1.3893129415914807,1.4243077911167477,2.9841241936948735,1.5466787811823446,1.773240640420927,0.2412741631345004,1.4243560543286027,2.129848570760097,-1.0340934555149472,0
2149,1.4031342149425239,1.4004259082440316,1.364201130386115,1.4514978624993564,2.017385054740815,1.5001086230678242,1.744864433016478,-0.5494394617485963,1.451653810233567,1.3639768143994135,-1.4421232440487106,0
2150,1.2487974051614605,1.4029074327887796,1.2835055518223,1.4040284162612746,2.8291875080002082,1.4404386110546472,1.7117800495421776,-1.7054605582542004,1.4043095142671436,1.5343187012043356,-1.5591475659522398,0
2151,1.1995915784657263,1.2254007880614597,1.1088409544309867,1.2466099030140774,4.266029264365909,1.39793347331131,1.6744339972238798,-0.6069810131433463,1.2499704368294666,2.422179509735145,-1.9283610222942742,0
2152,1.1854694874969818,1.1663459091974449,1.200736869935043,1.2009475742357192,0.1949022694763095,1.3481500324085585,1.6356375149403,-0.2124654251218583,1.2007638871570265,2.535646561119047,-1.9040299962485394,2
2153,1.2543242215747115,1.2460836809031857,1.2380938114375404,1.1865819257919215,0.9915030443847846,1.3144821002406184,1.5992544566255746,0.7486332468725367,1.1866415886936925,2.090385043652491,-1.9484752602760051,2
2154,1.3011145915439395,1.282811964033953,1.258557052976604,1.25523019002692,1.7448018399030578,1.2970211943552559,1.5713550475277123,0.479364440328676,1.255497334447725,1.7416809392425645,-1.9185362006699764,0
2155,1.2714651345964199,1.2592566451078062,1.2864474566119335,1.3022007770628694,1.302669248389211,1.2714143347348161,1.5496047993720938,-0.37922024526636844,1.3022883919035746,0.9040400936937184,-1.83378682792902,2
2156,1.3728796466754563,1.3260487209459455,1.2924676979450855,1.2726882666647348,1.3791008146246415,1.2670865715871222,1.529190471356094,1.0898412453962216,1.272638499319299,0.6306504926878693,-1.2831626655130182,2
2157,1.3973676986207462,1.3674489039993252,1.4149253406819196,1.3739664124519915,0.9434585521467888,1.2883388015049104,1.5139013822742553,0.21588071103851814,1.3740545014724748,1.1468664199226737,-1.0497134848747967,1
2158,1.3856790231645784,1.401146778839506,1.4203656202657489,1.398474117904736,1.1210757585856712,1.3149576703747996,1.4948919164205954,-0.17525372718345614,1.3985429132184697,1.102745105380128,-0.619996568306738,1
2159,1.3835237194085128,1.3451213254840797,1.4204652813796466,1.3867683867267064,0.06261448128813779,1.3432883277005065,1.4774437053405787,-0.07286223278922399,1.3868540660216637,0.549739205040222,-0.8024448180113406,0
2160,1.3689189860641189,1.3695707303328344,1.4248189251541854,1.3841972663989175,0.08915792896206547,1.3596805298399675,1.4555763833504949,-0.2073510112156352,1.3846987305979175,0.1888727573533493,-0.7040956834091039,0
2161,1.2388896426573015,1.3202935495661259,1.212790792904239,1.3698588057816359,2.368110162828425,1.350779565255659,1.4255428602844917,-1.4612080255525384,1.3700937826675137,0.6305196848903549,-0.9078606508543235,2
2162,1.3994374487153918,1.380627764895933,1.2887444804533694,1.2400254604051357,1.93429156053357,1.3690853582876494,1.4077635462259588,1.7755532863958154,1.2400625287514604,0.42690624092396023,-0.353152666241177,2
2163,1.4689611475742541,1.4354792851548437,1.4463097158879386,1.4003805083456837,1.8929836967545726,1.3828293315975422,1.3953450498451974,0.6972578245113028,1.400612693723764,0.8074654823645024,0.02890399050329501,0
2164,1.424704961861666,1.4347706993343434,1.4437035650799857,1.4677197660342878,1.2888964379956374,1.386739788999165,1.3838111722780215,-0.5139512105514353,1.4701374140879675,0.8682242901396073,0.46631834117239734,0
2165,1.3367829855285633,1.3927673338297404,1.3520389242219208,1.4255566851292854,1.2298319178740325,1.3797454578329944,1.3761634614843725,-0.9859868413908598,1.425880578123295,0.9242575116666314,0.29885596457069513,1
2166,1.3330991895358157,1.316183309555325,1.37799113474397,1.337939798592416,0.06594405802239336,1.3725324835741493,1.3665820945084157,-0.09004108952570494,1.3379573099606452,0.9666390531220181,0.34240091373218334,2
2167,1.3692806560613755,1.3625197608887571,1.3405943795140376,1.334378442748395,0.4990605384417432,1.3725842186401376,1.3608250718797996,0.34812608714361054,1.3342734598422203,0.9666826680222848,0.24347437463137975,1
2168,1.376769469852848,1.3790705468202287,1.4004929912820734,1.3709914656000768,0.9597439163074472,1.3923072313660136,1.3586060713318766,0.03168978646300859,1.3704554579787547,0.19893305521571653,0.11264338382370141,2
2169,1.4422674075008668,1.4524868190198486,1.3986131240115318,1.3778595096654305,1.3959364335431848,1.3984338405978096,1.3582135156214667,0.6595226601468704,1.3779443818026824,0.3273716382101837,0.45397200204004906,0
2170,1.4208520539667528,1.4485741181906295,1.46525775346889,1.443486433142716,1.3295454076658888,1.391552077799359,1.35906064027843,-0.27632368382367956,1.4434432818059015,0.05566975086293659,0.016360045496384087,2
2171,1.436508623434203,1.4195501088370566,1.3904437021687563,1.421650617576591,1.288639906206661,1.3932405319564487,1.3680354820280372,0.11736527394727078,1.422027613617959,0.11246358207156242,-0.018352403851372826,0
2172,1.364963314004468,1.394191630640226,1.3968481332921243,1.4376894397843398,2.013954067816844,1.3972715855808586,1.375942229264431,-0.8085267357733303,1.4376844131259507,-0.01252405458811066,-0.26431450478914614,1
2173,1.3658667407148566,1.3281373783870252,1.4055599854723728,1.3656663930469177,1.2750446736535626,1.4019588182387834,1.384567375990301,-0.039778048589513955,1.3661380524875355,-0.2023948648974903,-0.2525563952196539,0
2174,1.298069330167038,1.3234369777864732,1.3352507179566584,1.3669000718537905,0.640551095945993,1.391772397821759,1.3866589154867048,-0.7863924737629123,1.36704149247189,0.27116685561002746,-0.4407035670706802,0
2175,1.242025196819725,1.3072662827926973,1.259591956299291,1.2990437466021765,0.4145006550372478,1.3724979102783263,1.38383373555548,-0.6733310176439729,1.2992430857829265,0.9836890600103756,-0.17133104019226097,2
2176,1.287495346585174,1.250223158678425,1.2621111255243767,1.2432777729734361,0.21651368694325213,1.3503585488565788,1.384600171451723,0.46673078227902437,1.243198128984294,0.8930399602482733,-0.7189440515512779,0
2177,1.2332126708382931,1.3160924022205174,1.2599875576674342,1.2887166128292389,0.3538642790713308,1.323517683034565,1.37792241922509,-0.6560049561948326,1.2886689468384898,0.9524383319889219,-1.3404183490786612,0
2178,1.2114625854860284,1.2893007821752198,1.2314246317062612,1.2343369689232235,0.741962213690183,1.2913259842150937,1.3690339309068127,-0.2973706302350855,1.2343854735212247,0.5966475754667814,-1.2723811029434995,2
2179,1.2957770906671837,1.2869878047431151,1.253216434506672,1.2130022574256403,0.4685798224362693,1.2814292444882496,1.3647355430716455,0.9185466279036059,1.2126350685969476,0.3018968769952778,-0.39456664097961297,1
2180,1.3034592108365002,1.2605104292416527,1.3446619730685345,1.2968278140263056,-1.007803405695161,1.2725021626154558,1.3609075017813812,0.035967091995991796,1.296950812603407,-0.13142775555027933,-0.33507503920210613,1
2181,1.3123268603140656,1.2772019986943262,1.3345452288501365,1.3045870700562683,-0.7701949630112571,1.2745416302754387,1.3582017211809772,0.04890293557367855,1.3046330456454116,-0.06413071236091164,-0.48940888145360134,1
2182,1.3081210123873468,1.3235571228857188,1.3441164996436141,1.3134211182372244,0.06840567299428311,1.283996302783249,1.3615118088419762,-0.0961714457757573,1.313500825414539,-0.056273912655426694,-0.554445072038136,0
2183,1.273767351199647,1.2731271388354501,1.3018835176881325,1.309226959495299,0.32804637513765517,1.2820325823957446,1.3555032748383093,-0.4305710111785364,1.3092949156916815,-0.06099623038452733,-1.1507488154775338,1
2184,1.2800875967586038,1.243517882802116,1.295548063213569,1.2745634784055493,-0.5073644223765192,1.288737803741428,1.3464728596886193,0.021353214218444435,1.2749407497487837,-0.2073007733624705,-1.0170439490324659,1
2185,1.2680442352775403,1.2606546524998474,1.312993829958059,1.2810765841485858,-0.7652332969754091,1.2968315228995348,1.338982602886663,-0.18449498175698203,1.28126108817053,-0.7171194520290197,-1.1885704811984399,1
2186,1.2701733491372527,1.2907715154351072,1.3025704946793502,1.269173803585714,0.27150049379165864,1.293169037021099,1.3357978654420295,-0.02564818938173997,1.2692175497374587,-0.6701057552582149,-0.8458063816496657,2
2187,1.2861599112987516,1.2409358687980807,1.3205802469640646,1.2712784905595094,-1.0514334894397306,1.2906944596164736,1.3335536064260007,0.13010071676400795,1.2713466948800463,-0.7070832418285329,-0.720550771985137,1
2188,1.2872351936147335,1.2444615992156187,1.3274609212729278,1.2871753873242517,-0.9862250544417058,1.2871052234556064,1.3296308518431492,-0.037581203066047134,1.2873334919306392,-0.8325026179101649,-0.2705588564060345,0
2189,1.2649600631974858,1.3171800961967153,1.305484504500717,1.288338976413225,0.5459032031643722,1.2809312677185918,1.3242850246726532,-0.2984634948429544,1.2884087900456456,-0.9774903467704579,0.01891587317544914,2
